subject_id,time_step,tumor_presence,tumor_stage,growth_rate,pas_energy,pas_mean,pas_std,pas_max,pas_ptp,pas_dom_freq,pas_entropy,pas_wavelet_scale1,pas_wavelet_scale2,pas_wavelet_scale3,eis_real_mean,eis_imag_mean,eis_real_std,eis_imag_std,eis_phase_mean,eis_mag_slope,eis_nyquist_area,eis_mag_mean,nir_mean,nir_std,nir_max,nir_min,nir_peak_idx,nir_d1_mean,nir_d2_mean,nir_auc,thermo_mean,thermo_std,thermo_max,thermo_final,thermo_rise_rate,thermo_energy,thermo_early_late,thermo_ptp
0.0,0.0,1.0,1.0,0.1912726728878613,499.99996622482877,0.0,0.9999999662248282,3.60011326587048,7.547494428152243,31,2.8470932176470605,3.426009212330693,6.233835532353926,454.4434831492976,1.6653345369377348e-16,1.3877787807814457e-17,0.9999999999620508,0.9999999999014358,0.6276657224082005,-0.01218482644373598,3.0647616848920074,1.3548060429874063,-3.552713678800501e-17,0.9999999504024935,3.8764408668898,-0.6462793691163139,104,0.0010035201464323395,-0.0012448349468164165,0.3790997470191435,5.797584634592567e-15,0.9999999727396363,1.431031019638507,1.3299235308014283,0.03239877043046095,99.99999454792733,-2.628283248881732,4.12727120138984
0.0,1.0,1.0,1.0,0.1912726728878613,499.99996669364333,2.1316282072803006e-17,0.9999999666936428,3.949293260971817,8.1446162303498,30,2.9599178699606887,2.9121926179922974,8.599138505648403,453.0830770091382,-9.992007221626409e-17,-1.0824674490095276e-16,0.9999999999620518,0.9999999999014291,0.6276922178561912,-0.012186116914860226,3.0645814093556667,1.3547990928275737,0.0,0.9999999616719875,3.989324468754519,-0.8779062883371486,100,-0.004022361753561183,0.00040830615124741676,0.15328211676655457,3.5282887722587476e-15,0.9999999722105961,1.4450567393557252,1.0170232630224951,0.03156606208569865,99.99999444211929,-2.554672109889997,4.141082889494012
0.0,2.0,1.0,2.0,0.1912726728878613,499.9999690684091,-1.1546319456101627e-17,0.9999999690684086,3.832355715400365,7.418974090844744,32,2.73064696375518,1.8719300362454863,4.349644282585322,468.678244683873,1.1102230246251565e-16,4.718447854656915e-17,0.9999999999568171,0.9999999998892798,0.7312792255465919,-0.012281974149688424,3.0537120411826337,1.3478912048452723,0.0,0.9999999552194204,3.962299207083489,-0.9022349280319546,104,0.0013113296707008171,0.0005237725354044455,0.44510607542100544,-1.3711254354120683e-15,0.9999999755723334,1.2975927193767778,0.9602219692470934,0.0327539291270176,99.99999511446674,-2.7166994758592162,3.7750021880604328
0.0,3.0,1.0,2.0,0.1912726728878613,499.99996947100874,2.042810365310288e-17,0.9999999694710082,3.8116914429074513,7.61969178870581,32,2.978772717084385,5.129822092475388,8.747631857572989,453.1216258607846,-2.2204460492503132e-17,-2.331468351712829e-16,0.9999999999568153,0.9999999998892808,0.7312953224510123,-0.012280579991122916,3.053347132521362,1.34787649400873,1.7763568394002505e-17,0.9999999582853912,4.047737032125014,-0.9484742924170588,105,0.0005876735402045674,-0.00027383945681590027,0.3345035871390891,9.00612917575927e-15,0.9999999760103324,1.2463151892093918,1.1447548695583345,0.03275543811254591,99.99999520206657,-2.657512382910389,3.815184540949189
0.0,4.0,1.0,2.0,0.1912726728878613,499.9999691007503,1.9539925233402754e-17,0.9999999691007498,3.8956586936072015,7.879488480195956,32,2.7115406635054953,1.9460886886888675,3.479653640137893,466.01952098092517,7.771561172376095e-17,-9.159339953157541e-17,0.9999999999568147,0.9999999998892785,0.7312224399454264,-0.012282361311279928,3.0532370198904712,1.347877224719363,0.0,0.9999999477122471,3.978931051436001,-0.6024514698608597,107,0.0014782961258613403,0.0004973354782669564,0.28420527007774155,-1.3011813848606835e-14,0.9999999758098387,1.3095295510063365,1.186507404596024,0.032970380397557335,99.99999516196779,-2.724933860344282,3.773358271435846
0.0,5.0,1.0,2.0,0.1912726728878613,499.99996876566536,8.881784197001253e-19,0.9999999687656649,3.8507110378717546,7.68428034132616,32,2.710620745516638,1.2623259538147695,3.0470062259260233,471.27790877628786,-2.2204460492503132e-17,7.216449660063518e-17,0.9999999999568164,0.9999999998892768,0.7312406300583938,-0.012282172178902444,3.053934038034778,1.3478837550018696,-3.552713678800501e-17,0.999999959174391,4.029316741737227,-0.9148438943053528,106,-0.003077318034249976,0.0011135843331790123,0.310129400357134,3.3373304120232204e-15,0.9999999756566376,1.2533454352254,1.202170885011533,0.032542866409938614,99.99999513132754,-2.68816764462217,3.5348169428569864
0.0,6.0,1.0,2.0,0.1912726728878613,499.9999699814538,-3.552713678800501e-18,0.9999999699814534,3.945991343333042,7.748611650841361,32,3.042920787148377,3.9519304537249837,8.743527016131457,448.738905364214,-2.2204460492503132e-17,-1.7208456881689927e-16,0.9999999999568153,0.9999999998892825,0.7312530738795493,-0.012281043258186705,3.053412314061986,1.3478933015658838,1.7763568394002505e-17,0.999999957097518,3.875831357054311,-0.7779049984821149,102,-0.0005340933051250297,-0.003528350705734909,0.5584329371820296,1.5349943538467413e-14,0.9999999757495918,1.4140439854169526,1.0607877900913687,0.0326430251836845,99.99999514991842,-2.6267657236291018,3.7772362766567067
0.0,7.0,1.0,2.0,0.1912726728878613,499.9999696958292,6.3282712403633925e-18,0.9999999696958287,3.969167599884259,7.772882988074973,31,3.1210791564883333,5.264566218687794,9.92989502645866,453.46935893039625,1.2212453270876723e-16,5.551115123125783e-18,0.9999999999568168,0.9999999998892825,0.731255256834211,-0.01228294991621424,3.0540336443498246,1.3478813160472418,3.552713678800501e-17,0.9999999560529054,3.936270090243744,-0.8050530155305738,104,0.0013359724648410397,0.0017482144227859004,0.2794793038766308,7.522871214860061e-15,0.9999999753346318,1.4454574310955888,1.4454574310955888,0.03266939472598302,99.99999506692642,-2.6531465787177146,3.8390422941902425
0.0,8.0,1.0,2.0,0.1912726728878613,499.9999693058651,1.3322676295501878e-17,0.9999999693058647,3.5832659131371414,7.368149316228769,32,2.79074247024494,2.509362745191785,5.669418390869201,465.84427794836523,6.661338147750939e-17,3.8857805861880476e-17,0.9999999999568135,0.999999999889265,0.7312131097704981,-0.012282218981510823,3.053347581275667,1.3478782943476297,0.0,0.999999958023087,3.948382218044926,-0.6869632470472476,105,-0.0006963043419616965,0.0008933052542285499,0.312981181014397,2.8466118351389014e-15,0.9999999763179346,1.3287680744986363,1.1359654770780478,0.032692076327925076,99.99999526358697,-2.690071643580649,3.754393746225783
0.0,9.0,1.0,3.0,0.1912726728878613,499.9999727180912,-7.105427357601002e-18,0.9999999727180908,3.821839197992471,7.67820310105932,34,2.9598712095249358,3.7474907721622968,6.669171094066815,455.95058753873207,-6.661338147750939e-17,3.053113317719181e-17,0.9999999999504542,0.9999999998744595,0.6909877654034151,-0.012195677248207205,3.042591151744314,1.3410678857905745,1.0658141036401502e-16,0.999999957988815,4.063526220423008,-0.7855233665635127,108,0.00013855318712734265,-0.004552587336772195,0.5041336344756395,-3.4594549447319878e-15,0.9999999780539507,1.3558297738428196,1.108093988825475,0.03326311241773646,99.9999956107902,-2.69576507383968,3.8405465800920675
1.0,0.0,1.0,2.0,0.2661492747603471,499.9999727814424,-3.552713678800501e-18,0.999999972781442,3.627839954816076,7.394289390698583,25,2.6002025944907015,1.098431916050319,2.1605016431977813,473.3273242479396,1.4432899320127036e-16,-3.3306690738754695e-17,0.9999999999622146,0.999999999903124,0.7312262030031126,-0.012280873458893397,3.053699928853334,1.3478941672670501,3.552713678800501e-17,0.9999999596444414,4.00926285673911,-0.6952167550674929,104,0.0005711263711025283,0.003169088790278443,0.37203869873376405,-9.07052211118753e-15,0.9999999790452083,1.2536243402688338,1.1694007795659729,0.03300922226381229,99.99999580904169,-2.6776027021930426,3.58050334761708
1.0,1.0,1.0,2.0,0.2661492747603471,499.9999726517938,-3.552713678800501e-18,0.9999999726517934,3.659019858756565,7.524916608863533,25,2.5820827517120555,0.9233367448411481,2.061835604514327,472.76962434773293,6.661338147750939e-17,5.551115123125783e-18,0.9999999999622152,0.9999999999031154,0.731277849347309,-0.012280869046990488,3.0531939276945206,1.3478912676615729,-1.0658141036401502e-16,0.9999999572727044,3.9661203692086144,-0.9018224846840832,105,0.0036501657820002765,-0.003857912735037879,0.5708288618768869,1.497024726404561e-14,0.9999999791258158,1.3676275704447776,1.240987659522569,0.032639846578193285,99.9999958251632,-2.6515338156028054,3.9733202749690255
1.0,2.0,1.0,2.0,0.2661492747603471,499.999972784753,-3.552713678800501e-18,0.9999999727847526,3.8751496474651934,7.579495652449167,25,2.719738437795766,2.295578598928627,2.9019792093021306,467.94384536041923,-2.2204460492503132e-17,1.9984014443252818e-16,0.9999999999622133,0.9999999999031332,0.7312981302452826,-0.012280317913533498,3.053366511337959,1.3478866992636653,5.329070518200751e-17,0.9999999604177471,4.058425397022877,-0.7531556774980165,104,0.0013071662563626152,-0.001972857152059439,0.32749365413749487,1.2212453270876723e-16,0.9999999790266498,1.3558111910209831,1.15774991663603,0.033065044251581924,99.99999580533,-2.704670756935227,3.717438718849564
1.0,3.0,1.0,2.0,0.2661492747603471,499.99997273239086,3.552713678800501e-18,0.9999999727323905,3.7891972056072514,7.498565232228845,25,2.716874908491854,2.1332608639204755,2.7113195298016235,470.95826463412,-1.3322676295501878e-16,-2.2204460492503132e-17,0.9999999999622153,0.9999999999031195,0.7312523525056154,-0.012281918117875122,3.0535848912035135,1.3479039980148868,0.0,0.999999956740197,4.028212252243905,-0.5816511987347753,103,-0.000544523930598464,-0.0007201619179281784,0.43100506110285863,-8.568701304056959e-15,0.9999999791919685,1.2963787171222507,1.2504659724114566,0.03267096343696875,99.99999583839374,-2.6736800278884276,3.731462922840887
1.0,4.0,1.0,3.0,0.2661492747603471,499.9999766318283,3.552713678800501e-18,0.999999976631828,3.753800232610183,7.53185473606298,26,2.5758779162134755,0.5321976490436059,1.2604245585706642,475.3772712602197,-1.3322676295501878e-16,-5.551115123125783e-17,0.999999999958349,0.999999999894454,0.6909521053631356,-0.012194803779430935,3.0424549032295887,1.341055995396038,-3.552713678800501e-17,0.999999952374383,3.877365946187931,-0.9673377923048782,107,-0.0015932292242295221,0.0009744856851363118,0.30361846050420027,1.021405182655144e-15,0.9999999820263468,1.2351409337119967,1.11982445911914,0.033225995948699114,99.99999640526936,-2.7126289996532744,3.5483591035720305
1.0,5.0,1.0,3.0,0.2661492747603471,499.9999769102824,-7.105427357601002e-18,0.9999999769102821,3.853305823424154,7.4269496614477735,26,2.8648432625897797,3.037351649414811,4.865073878823982,461.61319680520364,1.554312234475219e-16,1.8041124150158794e-16,0.9999999999583485,0.9999999998944606,0.6910046017404634,-0.012194214050196899,3.042272638205099,1.3410600677957705,-1.0658141036401502e-16,0.9999999468242521,3.793422960122005,-0.7063096785866417,104,-0.0007889007960537098,-0.00039884783031393813,0.46502790986003006,-6.892264536872972e-15,0.9999999817552143,1.3968695183395134,1.1220258685357936,0.03282461124477575,99.9999963510429,-2.6907378234522925,4.005420158549972
1.0,6.0,1.0,3.0,0.2661492747603471,499.99997669066715,3.552713678800501e-18,0.9999999766906669,3.825168648437932,7.759077663803419,26,2.695875352952992,1.409430662429465,2.6421974887435744,470.5901771572896,1.1102230246251566e-17,-7.771561172376095e-17,0.9999999999583478,0.9999999998944716,0.6909208208842263,-0.01219769374777051,3.042857244119112,1.3410712037958665,-3.552713678800501e-17,0.9999999533888398,4.107894417443104,-0.981420293127836,106,-0.0037628915159048405,-0.003779772634524884,0.5619856769320002,5.779821066198565e-15,0.9999999820178018,1.3136660299698992,1.2188273533643772,0.03314217071502756,99.99999640356037,-2.699410323075473,3.8338600472368185
1.0,7.0,1.0,3.0,0.2661492747603471,499.9999766493821,7.105427357601002e-18,0.9999999766493819,3.6797304029776754,7.354102155657614,26,2.5932074224178576,0.6385891334342767,1.8029507456564227,474.7723819843826,-8.881784197001253e-17,-7.216449660063518e-17,0.9999999999583497,0.9999999998944545,0.6909331255989164,-0.012198375944022295,3.042541062833392,1.341056556004855,1.2434497875801754e-16,0.9999999546025085,4.095197193296884,-0.8593985848105609,105,0.001666876587556484,-8.184935198753906e-05,0.25628588721570367,5.084821452783217e-15,0.9999999819619243,1.3149290408727283,1.191390416555408,0.03311438855067316,99.9999963923849,-2.684715534425549,3.7973911712206183
1.0,8.0,1.0,3.0,0.2661492747603471,499.9999769334446,3.552713678800501e-18,0.9999999769334443,3.7102384945047286,7.6065275182925625,26,2.7070770969337383,2.055089517296236,3.030999896498821,470.8978735815597,-1.3322676295501878e-16,-1.8596235662471373e-16,0.9999999999583504,0.9999999998944596,0.6908775316360052,-0.012198781475318285,3.0424231630360774,1.3410619054909545,-5.329070518200751e-17,0.9999999590104593,4.04169151927519,-0.8726464865641389,107,0.0042808643798224015,-0.0013464346794350634,0.33605871175661406,-5.548894677076532e-15,0.9999999822832668,1.227590772709232,1.1959717128208949,0.032907887187299326,99.99999645665339,-2.694379023302278,3.7403614230095887
1.0,9.0,1.0,3.0,0.2661492747603471,499.99997706669916,3.552713678800501e-18,0.999999977066699,3.7793884498495727,7.430208121913283,26,2.73998465113434,1.9487023457283017,4.367611412738542,467.7690807438995,1.1102230246251566e-17,1.1657341758564144e-16,0.9999999999583483,0.9999999998944517,0.6908440559782127,-0.012198611574707148,3.0428379698959147,1.3410598745612963,3.552713678800501e-17,0.9999999576917228,3.977661662769908,-0.973704185186778,106,-0.00249098746785578,-0.001680725419475909,0.17380403719382187,-7.043254868221993e-15,0.9999999819653304,1.3227821811122151,1.0832525904458643,0.033046748908249636,99.9999963930661,-2.6751799872451913,3.6541500655278796
2.0,0.0,0.0,0.0,0.0,499.9999568499459,5.3290705182007515e-18,0.9999999568499449,3.7529381539417535,7.896233152128856,29,3.4161490078607613,9.243616735753374,14.86175833915598,425.0503792906226,6.661338147750939e-17,-1.942890293094024e-16,0.9999999999639906,0.9999999999051733,0.6983703377404504,-0.011834894153849139,3.0769355931339635,1.3617950260537763,5.329070518200751e-17,0.9999999535727374,3.970324839767264,-0.5685345775489165,101,-0.0005299849113829747,-1.1373048505376459e-05,0.4194913733342176,-1.3335998971797381e-14,0.9999999711089099,1.391980387313629,0.744252199049352,0.03110491070771213,99.99999422178207,-2.583842283491336,3.994864172564183
2.0,1.0,0.0,0.0,0.0,499.99995387404977,-1.4210854715202004e-17,0.9999999538740487,3.960960212333328,7.533271784881999,29,2.886615191288099,2.7075859443877732,6.033021091349779,463.99729724906365,-5.551115123125783e-17,6.661338147750939e-17,0.9999999999639911,0.9999999999051644,0.6983671701658455,-0.011833826653270145,3.077277668102022,1.3618077795218426,1.0658141036401502e-16,0.9999999611785774,3.8444344042479055,-1.0421213721741245,102,-0.003556132185058094,-0.0021641328496517453,0.3737207007750243,-5.9752203185325925e-15,0.9999999719514268,1.5481518067114457,1.5481518067114457,0.031399018818358736,99.99999439028545,-2.51822682527721,4.099792902935684
2.0,2.0,0.0,0.0,0.0,499.99995512264206,-1.0658141036401503e-17,0.9999999551226411,4.052590843408743,7.82076046872823,30,3.095567446524601,3.8978190512290243,9.86065531208551,444.93269600034023,-1.554312234475219e-16,8.604228440844963e-17,0.9999999999639917,0.9999999999051671,0.6983494058524038,-0.011832402319420262,3.0772076893100624,1.3617991005270336,5.329070518200751e-17,0.9999999582499531,3.941995527072261,-0.7085186764384949,100,-0.0006971771822501794,0.0013647720038797678,0.4107592771292268,-7.810418978237976e-15,0.9999999709324469,1.1876513739104733,0.9014896972875488,0.03214283880098549,99.99999418648947,-2.6307754307316324,3.829818615265106
2.0,3.0,0.0,0.0,0.0,499.9999572152111,7.105427357601002e-18,0.9999999572152102,3.495207863311196,7.758061413020792,30,3.5552475508791783,5.750241255947328,18.881147904772387,421.7550863529684,0.0,-5.828670879282072e-17,0.9999999999639916,0.9999999999051724,0.6984177629556946,-0.01183676524191033,3.0766119675809867,1.3617804923365102,-8.881784197001253e-17,0.9999999559489269,3.9752564234879633,-1.0118246003004616,103,-0.0014290421707165702,-0.0001037432903493246,0.251464720847256,-1.8407497748285094e-15,0.9999999707752051,1.3973144168988365,0.999227118998034,0.03195028766950875,99.99999415504111,-2.5910220940772057,3.7522312876340833
2.0,4.0,0.0,0.0,0.0,499.99995535202913,1.7763568394002505e-17,0.9999999553520281,3.6182291001722433,7.819408323716839,29,3.1786111161771533,6.585469625412683,7.982607980798483,446.09546415418066,8.881784197001253e-17,1.0824674490095276e-16,0.9999999999639924,0.9999999999051729,0.6983788815016979,-0.011836741037275887,3.0771436549827573,1.3617905966557615,1.4210854715202004e-16,0.9999999591461767,3.995945205083036,-0.7306271880507107,102,0.0014935807200099193,0.0026763985163186475,0.2392151803513265,4.976019596369952e-15,0.9999999692889506,1.3840884510582503,1.3840884510582503,0.03194551575782196,99.99999385779024,-2.6270257432078923,3.817332889737054
2.0,5.0,0.0,0.0,0.0,499.99995493047584,5.3290705182007515e-18,0.9999999549304748,3.689279253769337,7.307661276460439,30,2.9669998272772764,4.516201309036053,7.235885846569154,455.0867945144006,7.771561172376095e-17,-2.7755575615628914e-17,0.9999999999639912,0.9999999999051774,0.6984030460200575,-0.011833649726952456,3.0767642498313457,1.3617969734318902,0.0,0.9999999546293488,3.967305496670107,-0.7762253612472353,101,-0.0024153658323540304,-0.0006044033614862754,0.43882023381651436,-3.930189507173054e-15,0.999999970712616,1.4376755744098877,1.0091656417315378,0.03125173548372836,99.99999414252328,-2.617157161049085,3.9829845636788237
2.0,6.0,0.0,0.0,0.0,499.99995517995603,1.0658141036401503e-17,0.999999955179955,3.668572078479244,7.487637637687332,30,3.197716667895434,4.844561375112661,13.376315723557314,437.55331503271935,-4.4408920985006264e-17,1.1102230246251565e-16,0.9999999999639921,0.9999999999051742,0.6983236793655861,-0.011833430568725812,3.0771211643541547,1.3618139118441186,-1.7763568394002505e-17,0.9999999616954204,3.920821080500557,-0.8602748570425901,100,-0.001513117040240588,0.002626687789610625,0.3210081286151727,-7.904787935331115e-16,0.9999999714027329,1.258470454564395,1.258470454564395,0.032169445404738276,99.99999428054667,-2.61778704895949,3.943328492413831
2.0,7.0,0.0,0.0,0.0,499.99995871478416,-8.881784197001253e-18,0.9999999587147833,4.6276857470036905,8.689114771004345,29,3.4494328590588212,7.456970791459613,14.068216828092318,421.21004796754505,-2.2204460492503132e-17,-1.4432899320127036e-16,0.9999999999639925,0.9999999999051817,0.698349344688911,-0.0118347898366499,3.077175215253783,1.3618059178166235,-8.881784197001253e-17,0.9999999504115442,4.027915130853154,-0.8087334066298,101,0.000869753020908095,0.0026538279470235977,0.35030862106968996,-8.538725282392079e-15,0.9999999713807575,1.2407627827929308,0.824784162196781,0.031921350848354894,99.9999942761516,-2.5825842710139346,3.603810708641814
2.0,8.0,0.0,0.0,0.0,499.99995718536474,1.7763568394002505e-17,0.9999999571853638,3.529577964702613,6.963224284181605,30,3.2650032433669764,7.608248692309831,11.397121579040224,441.4791327344526,-1.554312234475219e-16,-9.43689570931383e-17,0.9999999999639925,0.9999999999051816,0.6983432438372359,-0.011832685258704905,3.076793659729546,1.3617965151131786,3.552713678800501e-17,0.9999999485765686,4.019402207424678,-0.7254589308818964,101,0.0005136655356582054,-0.0015596701444665568,0.5480810644328784,6.787903572558207e-15,0.9999999717435497,1.2854419355382962,0.9768019011632412,0.03147624795967756,99.99999434871,-2.5775029174446265,3.88357332246502
2.0,9.0,0.0,0.0,0.0,499.99995445640707,7.105427357601002e-18,0.999999954456406,3.693290487114081,7.647335590633398,29,2.931665581869539,3.3228063225058864,6.83036205323522,455.0007783820039,4.4408920985006264e-17,1.7208456881689927e-16,0.9999999999639908,0.9999999999051719,0.6983291551703891,-0.01183201203360173,3.076701404262017,1.3617723165380606,5.329070518200751e-17,0.9999999552363592,3.956939277851052,-1.0242523923772855,103,0.00036673813720408124,-0.0001794489315459824,0.2848160783494613,1.5010215292932116e-15,0.9999999701414338,1.3460679728203877,0.9944226653953936,0.03176241997122531,99.99999402828688,-2.6374948504465436,4.02897282877377
3.0,0.0,1.0,2.0,0.3407796607820984,499.9999683884489,4.440892098500626e-19,0.9999999683884484,3.824993160993992,7.724266815402419,27,2.729796297698969,1.4934517582784903,3.3735388762688783,469.45362607852064,2.2204460492503132e-17,1.5265566588595902e-16,0.9999999999606913,0.9999999998992083,0.7312970969517707,-0.012279344671857552,3.053423422180035,1.3478819844365038,-8.881784197001253e-18,0.9999999544503003,4.23813309712258,-1.0585514571425965,99,-0.0013708548963144041,0.0009672424545625332,0.4039247525716565,-6.473710456589288e-15,0.9999999760200132,1.3490610648069243,0.940280758174148,0.03207421758949668,99.9999952040027,-2.6438994203280504,3.643851673094722
3.0,1.0,1.0,2.0,0.3407796607820984,499.9999693620024,-1.7763568394002505e-18,0.999999969362002,3.6109985751374087,7.210787859892772,26,3.2048129643290695,6.418453222171122,12.408548642133853,439.3613235653721,-1.1102230246251565e-16,-7.494005416219807e-17,0.9999999999606884,0.9999999998992154,0.7311993682674653,-0.012280891747237921,3.0536248076781387,1.3478737170157993,4.4408920985006264e-17,0.9999999534087248,3.922368622685037,-0.7020063888530764,101,0.0025060916293927816,0.001093350440262275,0.42551609284209135,-8.415490526658687e-16,0.9999999760905203,1.2892136939328716,1.1039454581669477,0.03280418531808118,99.9999952181041,-2.683497584476226,3.757979295121941
3.0,2.0,1.0,2.0,0.3407796607820984,499.99996744537236,-3.552713678800501e-18,0.9999999674453718,4.017835719485113,7.739224796905203,27,2.8695298880477527,3.045055259766427,4.811615851050184,461.01805278459096,5.551115123125783e-17,-1.7763568394002506e-16,0.9999999999606902,0.9999999998992168,0.7312576191117108,-0.012281035714120965,3.0535777821790133,1.3478852491099649,-1.7763568394002505e-17,0.9999999571928588,4.058460308389968,-0.8979278908104453,101,-0.0006265002279418441,0.004305193200515206,0.30587008507694513,-4.3387515802351116e-15,0.999999974733509,1.2383381268503593,1.0886078064277245,0.032740766642887414,99.99999494670186,-2.6800378933679916,3.7608030155171153
3.0,3.0,1.0,3.0,0.3407796607820984,499.9999717968891,0.0,0.9999999717968887,3.903082945048929,7.56743968754124,28,2.704402616921805,1.6910332965870998,3.040925526801732,468.530642032247,4.4408920985006264e-17,-9.159339953157541e-17,0.9999999999558011,0.9999999998879963,0.6909449048211482,-0.012191262289012936,3.04197275546108,1.3410643116536825,-1.0658141036401502e-16,0.9999999558393203,4.0594482662155125,-0.8377621358641261,102,-0.0013253537563849194,0.0019031178953027295,0.3834125006592757,-8.93507490218326e-15,0.9999999797504221,1.255690921022215,1.134675210439431,0.03297837318304805,99.99999595008444,-2.67001396066269,3.6032821233571384
3.0,4.0,1.0,3.0,0.3407796607820984,499.9999714853226,0.0,0.9999999714853222,3.647781003613571,7.344897783464267,28,2.980003424861236,3.598714472075831,8.12307749624865,457.62090031088803,1.1102230246251566e-17,2.609024107869118e-16,0.9999999999558008,0.9999999998879971,0.6909110566007736,-0.012196662330182703,3.0427848662049803,1.3410559018504746,-8.881784197001253e-17,0.9999999507956578,3.875874987575531,-0.7012863086482828,99,0.001892237295993191,-0.0012026240337607288,0.5968699736638392,9.487965968446587e-15,0.9999999787538975,1.3927540813240948,1.271884862421905,0.03321832910628606,99.99999575077955,-2.68449243351501,3.701883326751217
3.0,5.0,1.0,3.0,0.3407796607820984,499.99997154371164,8.881784197001253e-18,0.9999999715437112,3.559613604393179,7.377216663017524,28,2.6780465292282436,1.4391966005058108,3.7082952116553205,472.81535905616136,-5.551115123125783e-17,3.608224830031759e-17,0.999999999955799,0.9999999998879927,0.6908350854698434,-0.012201444049199608,3.0435135594453797,1.341063857775318,1.4210854715202004e-16,0.9999999564551857,3.758492580385318,-0.8691870467554889,100,-0.005003821692510193,0.001912519292773674,0.15609921345149402,9.126033262418787e-16,0.9999999789221741,1.2846071745334566,1.072659622854052,0.03301735960285552,99.99999578443487,-2.6998916493415566,3.6765260474534065
3.0,6.0,1.0,3.0,0.3407796607820984,499.9999715240368,1.0658141036401503e-17,0.9999999715240364,3.463684451015282,7.104439383652268,28,2.6882701911415103,1.536346950157254,3.606944555792137,470.5402305818786,-8.881784197001253e-17,-7.771561172376095e-17,0.9999999999557992,0.9999999998880023,0.6909669050283638,-0.012196936217745917,3.042913380829872,1.3410551876388102,-7.105427357601002e-17,0.9999999568111769,3.9670827554495496,-0.8924300935908254,100,0.0013006929246546694,-0.00030731935013603054,0.38101599668834396,4.418687638008123e-15,0.9999999793773244,1.3134638483412495,0.9149060782294034,0.03300308060263397,99.99999587546492,-2.6506709286209924,3.700755333242425
3.0,7.0,1.0,3.0,0.3407796607820984,499.9999714638824,7.105427357601002e-18,0.999999971463882,3.612344830885449,7.349651118795794,28,2.7074475146576473,1.2647495712901793,2.916895133149067,474.15448059707177,2.2204460492503132e-17,-1.3877787807814457e-16,0.999999999955801,0.9999999998879984,0.690923780105763,-0.012196013421259718,3.0427779503036114,1.3410689620664358,-1.7763568394002505e-17,0.9999999541596506,4.106362208773471,-1.0616135634700037,100,-0.00544601949993825,5.395956406723801e-05,0.33786164664601515,-8.968381592922015e-15,0.9999999786474613,1.2838779546347316,1.2245551055366757,0.03315600444274154,99.99999572949228,-2.6956010848232035,3.674705044312912
3.0,8.0,1.0,3.0,0.3407796607820984,499.99997186861486,7.105427357601002e-18,0.9999999718686144,3.520884969259988,7.292793694972838,28,2.708889483840235,2.237683045033972,4.430196560442129,468.68792683908805,6.661338147750939e-17,8.604228440844963e-17,0.9999999999557995,0.999999999887999,0.6908997231778182,-0.01219753056765167,3.0430260815506633,1.341044102111025,1.9539925233402755e-16,0.9999999546470258,4.030293173731548,-0.9195083916865596,100,-0.002768166350460921,0.0015757055448335983,0.22282372137319229,-1.4315215679516768e-14,0.9999999792484733,1.3989207735498652,1.139464388360394,0.032810040210894446,99.9999958496947,-2.6412040189646158,3.863744403793759
3.0,9.0,1.0,3.0,0.3407796607820984,499.9999721269411,7.105427357601002e-18,0.9999999721269407,3.8230842292865006,7.667107221655362,28,2.859998488072365,3.1149308013361146,5.7726267581338675,464.8898820548695,2.2204460492503132e-17,-9.43689570931383e-17,0.9999999999558012,0.9999999998879906,0.6909483246205503,-0.01219860728873884,3.0427593065893186,1.3410710150215874,5.329070518200751e-17,0.9999999623988768,3.973426493937492,-0.8309500794398338,100,0.0012869088567650433,-0.00019040357477463467,0.2865501430394026,1.4419576643831533e-14,0.9999999794617772,1.384830695907059,1.2113301427737615,0.0329765450354051,99.99999589235547,-2.6842667400649454,3.701634050880624
4.0,0.0,0.0,0.0,0.0,499.99996446808825,3.552713678800501e-18,0.9999999644680876,3.816290649506568,7.451971208050823,28,2.7189103611461527,1.8841168941388418,3.286907670441158,466.37492680554647,-5.551115123125783e-17,-5.828670879282072e-17,0.9999999999693729,0.9999999999193419,0.6983982432948268,-0.011833013847885506,3.077109597379969,1.3617969636311245,-5.329070518200751e-17,0.9999999584770664,3.936335445000522,-0.6727724862476917,91,-0.0022276143387349313,0.001725763129324003,0.33479000560692285,9.388045896230324e-15,0.9999999572665403,1.2622112951422997,1.0375663183349912,0.03126421743430259,99.99999145330825,-2.6157550574828052,4.261863864894057
4.0,1.0,0.0,0.0,0.0,499.99996566393565,-4.440892098500626e-18,0.9999999656639351,3.781471834185679,8.02225290268052,28,2.992508940691934,3.235668496893748,7.4425323672351595,451.0901432528883,-2.4424906541753446e-16,6.38378239159465e-17,0.9999999999693726,0.9999999999193454,0.6983762781326115,-0.01183331348683163,3.077205429952562,1.3617882775950325,0.0,0.9999999554455982,3.936009186099013,-0.7113269555966156,90,0.0012869607638641978,-0.0018946109179970188,0.43100761274929056,-1.3095080575453722e-14,0.9999999571684369,1.2941359855801664,0.8018362059838363,0.030781335280648473,99.99999143368757,-2.5459880189928166,4.00453091823683
4.0,2.0,0.0,0.0,0.0,499.99996465360755,-1.4210854715202004e-17,0.999999964653607,3.74838975261705,7.651344446773091,28,2.679828696381401,0.9423731527900643,3.4631489734767027,468.42609361931363,-7.771561172376095e-17,5.551115123125783e-17,0.9999999999693716,0.9999999999193482,0.6983149271997192,-0.01183372445067482,3.0769360688022975,1.3618008778292379,2.1316282072803005e-16,0.999999959566426,3.9106544974235056,-0.8409962212879503,91,-0.0004147231510638383,0.0036696815758212715,0.4723802719977108,-6.368239269249898e-15,0.9999999570847702,1.3963146198539995,1.2709525579385428,0.03126069024956855,99.99999141695422,-2.5425138070242457,4.147650815151504
4.0,3.0,0.0,0.0,0.0,499.9999649243397,0.0,0.9999999649243391,3.79763562896251,7.398338242705075,28,2.8658119315196857,3.494235324753372,7.060591142280085,454.3862049574307,2.997602166487923e-16,3.053113317719181e-17,0.999999999969372,0.9999999999193486,0.6983406161264775,-0.011833054742145247,3.0770207877902567,1.361805067839595,-3.552713678800501e-17,0.9999999619278382,4.00048832520638,-0.837108279160802,91,-0.0035433809466691147,-0.0005466116567432496,0.34883841577435604,1.546762717907768e-14,0.9999999573374599,1.5254027278663556,1.2925688568552154,0.030172675471365786,99.9999914674922,-2.388332049279177,4.333374656980037
4.0,4.0,0.0,0.0,0.0,499.99996603392964,-1.9984014443252817e-17,0.999999966033929,3.6566099364275297,7.048119478312701,28,3.05115577255316,4.149184214530175,11.251212302415622,443.9956367155459,0.0,-1.5265566588595902e-16,0.9999999999693727,0.9999999999193449,0.6983682675746772,-0.011833917358611461,3.0769298033136097,1.3617967501992663,0.0,0.9999999595249119,3.973413137419333,-0.7654032179068065,92,-0.0015742108148410173,-0.001043082720038964,0.5826012724932355,5.1455506522302133e-14,0.9999999588546488,1.4927005066067311,0.6424713805793524,0.03148666900113166,99.99999177092992,-2.45608411732797,4.417443014368254
4.0,5.0,0.0,0.0,0.0,499.999965539099,-4.440892098500626e-18,0.9999999655390984,3.903765006941784,7.5211969049160015,28,2.9663404650020198,4.327563334143336,8.757725288848604,455.00567742054704,-1.2212453270876723e-16,-7.771561172376095e-17,0.9999999999693734,0.9999999999193455,0.6983371411995336,-0.011832605207662113,3.076796870566383,1.3618037919252792,-1.5987211554602254e-16,0.9999999547610737,4.0616811156609645,-0.9173986187736706,92,-0.0010329681597482732,0.0021158199006144265,0.35855926018978046,-1.9453327837481993e-14,0.999999955788521,1.2840616893456682,1.2840616893456682,0.030645317402276256,99.99999115770439,-2.561999575141332,3.872952084101633
4.0,6.0,0.0,0.0,0.0,499.9999662547091,-9.769962616701377e-18,0.9999999662547085,3.953671651495345,7.736680988409301,28,3.1008496252308206,5.193595630139812,11.363001973143556,444.1294912790558,-2.997602166487923e-16,-5.2735593669694933e-17,0.9999999999693727,0.9999999999193449,0.6983339485862589,-0.011834841790746457,3.076742420490946,1.3617979856752196,5.329070518200751e-17,0.9999999521169094,3.851038405164353,-0.8083575086753062,94,0.0038049834297651207,0.003138669675418361,0.36993047893519204,-1.262101534393878e-14,0.9999999556051878,1.518586710401004,0.7300343091215804,0.03084832067030481,99.99999112103777,-2.632293404929998,4.010783353008673
4.0,7.0,0.0,0.0,0.0,499.99996603391634,4.440892098500626e-19,0.9999999660339157,3.882513706118116,7.759521424869271,28,3.1169391588265913,6.436195725647145,9.222435111045499,447.4721051284058,1.6653345369377348e-16,1.0824674490095276e-16,0.9999999999693729,0.9999999999193495,0.6983389468920538,-0.011832996106545663,3.0773198606706593,1.3617896574360782,-1.7763568394002505e-17,0.999999956055894,4.046556751543923,-0.7061930210087087,91,0.003555494952074567,-0.00023659225574669594,0.41019608309665045,-9.607870055106105e-15,0.9999999613881886,1.352426707016884,1.2332507162988229,0.030441449573734288,99.99999227763787,-2.5835638948672512,3.8635539926500817
4.0,8.0,0.0,0.0,0.0,499.999965826977,-3.552713678800501e-18,0.9999999658269765,3.3748112190179618,7.144848843139964,28,3.1062954188032057,5.850500550887993,9.037781460178122,446.35050536210895,1.1102230246251565e-16,-5.551115123125783e-18,0.9999999999693737,0.9999999999193495,0.6983404284615689,-0.011833316497772443,3.076953181680605,1.3618088486473607,3.552713678800501e-17,0.9999999617846572,3.9052789229370615,-0.5697129161720754,93,-0.001129216638503081,-0.00031649300121877307,0.3627963069880451,2.362110507192483e-14,0.9999999572909999,1.6434794387167324,1.1465181706995238,0.02964812802105356,99.99999145820018,-2.450328426485857,4.3189512148045575
4.0,9.0,0.0,0.0,0.0,499.99996512837276,-1.3322676295501878e-17,0.9999999651283722,3.819988718099133,7.534338832269686,28,2.84764664920908,3.420378697365397,6.0344171089151635,459.2077215215688,-1.887379141862766e-16,1.7486012637846215e-16,0.9999999999693725,0.9999999999193522,0.6983397524943034,-0.011832271503624453,3.0768793068794236,1.3618035676698856,1.0658141036401502e-16,0.9999999608378523,4.230976522012932,-0.7894877712749439,92,-0.0015876175249575851,-0.0019339047718339676,0.37864644098738154,2.973399304551094e-14,0.999999957749214,1.329683954830373,0.6177426979917511,0.030720104839046265,99.999991549843,-2.510354015559482,3.797629436419977
5.0,0.0,0.0,0.0,0.0,499.9999613406286,-1.0658141036401503e-17,0.9999999613406279,3.677916817633839,7.38963661383235,25,2.7985069522641473,2.68897271935606,5.2226545148558925,467.97362861809717,-4.4408920985006264e-17,-4.4408920985006264e-17,0.9999999999632994,0.9999999999039673,0.6635970977248953,-0.012032338332193748,3.071217280622169,1.3586110228083073,4.4408920985006264e-17,0.9999999591996857,4.048084387263652,-1.0062889880743984,97,-0.0010514901384173303,0.0005173021779388692,0.4762805169367308,1.4708234630234073e-14,0.9999999636280116,1.5569500046319111,0.7027429517415691,0.031201767036762317,99.99999272560247,-2.584207437427435,4.092359163129944
5.0,1.0,0.0,0.0,0.0,499.9999637781334,1.2434497875801754e-17,0.9999999637781327,3.598701749676515,7.7050494354519214,25,3.267790896813079,6.9725895969383975,12.553675605055169,439.1016189922891,-1.1102230246251566e-17,1.7763568394002506e-16,0.9999999999634933,0.99999999990439,0.6676652563226999,-0.01201109805066891,3.0718151924827946,1.358983057414303,2.2204460492503132e-17,0.9999999608630141,3.987900395099576,-0.8570606066666621,98,0.0038605168602586204,0.000296075863886533,0.35225172228893875,-4.881650639276813e-15,0.9999999640090024,1.4289230937476116,0.999730217472974,0.031618404262390994,99.99999280180059,-2.6320483664271492,4.258137497184066
5.0,2.0,0.0,0.0,0.0,499.99996342067385,1.4210854715202004e-17,0.9999999634206732,3.6597915166429096,7.4621038714535715,25,3.4462761328319464,4.5264773433547205,21.715451659979337,425.1547188575237,3.3306690738754695e-17,-1.27675647831893e-16,0.9999999999633339,0.9999999999040371,0.664356505725276,-0.012028613487033116,3.0712351624828864,1.3586708887295782,-3.552713678800501e-17,0.9999999569751309,4.026312138876761,-0.6524746530641354,97,0.0007380278588016975,-0.00028504029254016903,0.2556151188689961,6.391553952767026e-15,0.9999999639192795,1.4579379620577972,0.8947926616156864,0.032392013914794564,99.99999278385603,-2.624067350594345,3.88502808069077
5.0,3.0,0.0,0.0,0.0,499.9999633198153,1.7763568394002505e-17,0.9999999633198147,4.013853165014128,8.212088804921816,25,3.348628407475756,8.434250076006041,12.056563424397313,435.2513270402202,-1.6653345369377348e-16,1.942890293094024e-16,0.9999999999638547,0.9999999999051976,0.6754726654353512,-0.01196826194206086,3.0729693622543315,1.3597494608045388,-1.7763568394002505e-17,0.9999999600428175,3.942050666977406,-0.714748792476887,96,0.0008240929877718895,-0.0003471924740026339,0.3615901818867444,-4.503064587879635e-15,0.9999999625854574,1.5799855659242057,1.3311208135846306,0.03115328743916606,99.99999251709163,-2.632121283129054,4.2800372042984
5.0,4.0,0.0,0.0,0.0,499.9999613335863,1.9539925233402754e-17,0.9999999613335856,4.025031642765014,7.70828157512108,25,3.2745150817859696,6.310300939438732,11.700903142315516,442.6918941821351,9.992007221626409e-17,1.0824674490095276e-16,0.9999999999639556,0.9999999999054241,0.6777473116970689,-0.011958106917395139,3.073602411619824,1.359935965925369,1.0658141036401502e-16,0.9999999542371291,3.9847029628308337,-0.8018791114843294,96,0.0013648091797359109,-0.001317112064579275,0.554002222313434,1.56097357262297e-14,0.999999962796949,1.2930642948000917,1.0225440647951325,0.03172640217310678,99.99999255938992,-2.584702972879833,3.936070920907399
5.0,5.0,0.0,0.0,0.0,499.99996140227256,-3.552713678800501e-18,0.9999999614022718,3.671673576771454,7.573137403431395,25,3.3124824830478907,8.120695473310045,17.201926492608987,423.20128651321204,-8.881784197001253e-17,-5.2735593669694933e-17,0.9999999999638983,0.9999999999053008,0.6764335066797991,-0.011964980063168451,3.0734365341313143,1.3598173217344376,-1.3322676295501878e-17,0.9999999618327708,4.102286718933342,-0.7684649903148951,99,-0.0004360045032095616,0.0005768534870465461,0.2572586443089184,7.271960811294775e-15,0.9999999607030912,1.205059024843354,0.733630124599178,0.030962327871041525,99.99999214061839,-2.5099152579763273,3.645788530280129
5.0,6.0,0.0,0.0,0.0,499.9999616233753,-1.0658141036401503e-17,0.9999999616233746,3.8312490874129184,7.61238749179177,25,2.9273390416483878,3.448498878917036,8.14260645323377,456.35741874008363,-1.554312234475219e-16,4.163336342344337e-17,0.9999999999633669,0.9999999999041032,0.6649787016760034,-0.012022704267842904,3.071240518700833,1.3587317861372674,-6.217248937900877e-17,0.9999999568741221,4.048214842735633,-1.0174434222369986,98,-0.001028362836774912,-0.0008258924384149341,0.6217276225643884,1.8554047187535617e-14,0.9999999636622128,1.3296953138921983,1.1687340211582498,0.03144478953221697,99.99999273244268,-2.5444912690752624,3.861587014613387
5.0,7.0,0.0,0.0,0.0,499.99995929894465,6.217248937900877e-18,0.9999999592989438,4.053960866745424,7.699509671065961,25,2.8579578824745853,2.53638573300442,5.338818978915672,461.82758050815966,-1.6653345369377348e-16,-1.4710455076283324e-16,0.99999999996426,0.9999999999061037,0.684612166634577,-0.011917517191286416,3.074878116698604,1.3606004958626507,1.4654943925052067e-16,0.9999999597173531,4.050504774753986,-0.8963979161527428,98,-0.00038085700597740413,-0.0017185158219105317,0.35380628939238745,-1.677880057115999e-14,0.9999999593565296,1.3960161607996575,0.9636273207309104,0.03042986875265823,99.9999918713061,-2.483749809467586,4.588991627097869
5.0,8.0,0.0,0.0,0.0,499.99996126497854,1.5987211554602253e-17,0.9999999612649778,3.7388157117317418,7.3182703991799825,25,2.962925107494808,3.0951210650508867,8.746174396919734,457.3070108282385,-5.551115123125783e-17,-9.159339953157541e-17,0.999999999963926,0.9999999999053689,0.6770596960416471,-0.01195928203066816,3.0731586943065072,1.3598838785212173,5.773159728050814e-17,0.9999999626135884,3.8965456873493367,-0.5482672437381614,97,0.001008547702839453,-0.0005789205234003847,0.34360857603414896,-1.2025935802739695e-14,0.9999999640176199,1.6278054977991705,0.6982729939003804,0.03051246854987317,99.99999280352412,-2.508928632616219,4.586548884908424
5.0,9.0,0.0,0.0,0.0,499.9999610038506,-1.4210854715202004e-17,0.9999999610038499,3.696639844067213,7.281638183651903,25,3.2742792720602254,9.75264486043593,17.967134104632837,429.91736340850537,0.0,-2.0261570199409106e-16,0.9999999999641901,0.9999999999059476,0.6829673563599048,-0.011928098429868987,3.0747914080218934,1.3604338703287855,1.2656542480726783e-16,0.9999999591613767,3.8319873707668166,-0.8511087909650761,96,-0.00016933599949226608,0.002455530031715401,0.2679865588057675,1.265765270375141e-14,0.9999999621199046,1.635901901751569,0.3411906817476703,0.030694526648610547,99.99999242398106,-2.516865272702107,4.07472712969243
6.0,0.0,0.0,0.0,0.0,499.9999644505617,0.0,0.999999964450561,3.5701232757683794,7.4134103304203345,22,2.9890467584758458,4.156484487558786,8.072242936167617,458.20472377876297,-1.1102230246251565e-16,1.4432899320127036e-16,0.9999999999651331,0.9999999999083938,0.6854980731823541,-0.011912901873176781,3.074881401820279,1.3606727040839004,1.3322676295501878e-16,0.9999999587735786,4.046086401361319,-0.7589535750228777,99,-0.0013192067151993347,0.0034243552733400234,0.24294509952158272,-2.2575830094240246e-14,0.9999999552246266,1.5615476286086134,0.4173839672786887,0.030764624261138976,99.9999910449255,-2.4954456090458805,4.437502101144142
6.0,1.0,0.0,0.0,0.0,499.9999661104599,-1.4210854715202004e-17,0.9999999661104594,3.491846585869891,7.129579228607964,23,2.9478355396516838,3.083654698575341,7.579840704189291,455.0762093802864,2.2204460492503132e-17,-6.38378239159465e-17,0.9999999999639806,0.9999999999058374,0.6590221553127777,-0.012054488363517524,3.0702649757617193,1.3581423059748783,0.0,0.9999999562901928,3.912018566931423,-0.59423400779429,100,0.0009357304377552822,-0.0008677626058184542,0.43855750022307305,7.458478279431802e-15,0.9999999595196863,1.5678474186525255,1.074765017663246,0.032098974851569366,99.9999919039374,-2.6305815101966736,4.220616139320603
6.0,2.0,0.0,0.0,0.0,499.99996515956445,-1.4210854715202004e-17,0.9999999651595639,3.79544125234877,7.483091896945792,22,2.8148585614734563,2.6998132399741217,6.3910832173195065,460.44042185969147,-1.2212453270876723e-16,-2.7755575615628915e-18,0.9999999999646811,0.999999999907378,0.6746110811361252,-0.011976354580213133,3.0731639430425766,1.3596686186397369,8.881784197001253e-17,0.9999999620020733,4.175675389296904,-0.8301557577673591,100,0.0016216733401508464,0.0011676693767357455,0.37431057756261055,-1.7653656314564613e-14,0.9999999571714652,1.3488999155392771,0.8768649162339105,0.03119460379182862,99.99999143429322,-2.582644097477716,4.243927570170855
6.0,3.0,0.0,0.0,0.0,499.9999649211064,-1.7763568394002505e-17,0.9999999649211058,3.872516074757957,7.566298617196644,22,3.0637980013181094,3.7505547856460026,9.77101950910605,445.29871247416327,4.4408920985006264e-17,1.0824674490095276e-16,0.9999999999649338,0.9999999999079451,0.6806736822609213,-0.011939954790414943,3.0737300814741846,1.3602025987750594,1.2434497875801754e-16,0.9999999572557104,4.091420795898405,-0.6675330628937175,100,0.0017895883980333794,-0.001110570242239879,0.368635981404422,-2.55351295663786e-15,0.99999995546044,1.5021676385744578,0.4071601650183918,0.03116512374220445,99.9999910920882,-2.439624287483177,4.062557486689881
6.0,4.0,0.0,0.0,0.0,499.9999649381458,1.2434497875801754e-17,0.9999999649381451,3.773621510435771,7.52953537553395,23,2.6980325336265096,2.811566562827914,3.419233399401323,466.56529122926395,-3.3306690738754695e-17,1.0547118733938987e-16,0.9999999999643145,0.9999999999065728,0.6663231799176282,-0.01201506180477355,3.071126607562239,1.3588496065443127,8.881784197001253e-17,0.9999999588848483,3.947930014147513,-0.7753659749225821,99,-0.0005704299605028496,0.0021410087719691347,0.19349632906708258,-1.4950263249602358e-14,0.9999999602789544,1.5248802042064982,1.0577629252554803,0.031668072123808344,99.99999205579104,-2.6423723800369316,4.022948099063612
6.0,5.0,0.0,0.0,0.0,499.9999661972652,-8.881784197001253e-19,0.9999999661972646,3.636712400647676,7.5371088529193635,23,2.7600284540738533,1.9415342416020254,3.7015584966259976,463.63172304147815,-9.992007221626409e-17,1.3877787807814457e-17,0.9999999999640771,0.9999999999060426,0.6610855473790898,-0.012045625554444038,3.0709056992537254,1.3583446887978512,-1.7763568394002505e-17,0.9999999574420416,3.9891372754630634,-0.771415193496673,101,0.00011328352358460858,0.0017972323373647405,0.15202768147298684,7.118750033896504e-15,0.99999995829958,1.264727273997189,1.1162807159371484,0.032059234842808634,99.99999165991618,-2.585856880351776,3.602338132779013
6.0,6.0,0.0,0.0,0.0,499.99996612977793,-3.552713678800501e-18,0.9999999661297774,3.803972957239572,7.417182628197943,23,2.8888516727867652,3.4839957263537418,6.463280307770915,462.1606407399595,2.1094237467877973e-16,-2.4980018054066023e-17,0.9999999999645357,0.9999999999070622,0.6713013036743116,-0.011989720030749966,3.072517963908249,1.3593473816040234,1.0658141036401502e-16,0.99999996175101,3.8736861262068247,-1.2770739365254673,100,-0.0012981529288452066,0.00022184822144640653,0.47976916325892205,-1.803002191991254e-15,0.9999999582916153,1.5429652007937502,1.1202399546677233,0.03189765605128024,99.9999916583232,-2.550567165890558,4.033097953010467
6.0,7.0,0.0,0.0,0.0,499.9999659566753,1.0658141036401503e-17,0.9999999659566747,3.45185555517202,6.997756851949293,22,2.9632452964653173,3.0140700197237167,7.786554574814675,459.1796835679969,-1.4432899320127036e-16,-1.3322676295501878e-16,0.9999999999642272,0.9999999999063959,0.6645284559430671,-0.012026179517698814,3.0710671585839893,1.3586891958517457,1.7763568394002505e-17,0.9999999558836087,3.8564300212217257,-0.7101378093729146,101,-0.0004416423794762836,0.0024017373032912104,0.1227863467147543,7.877032359715486e-15,0.9999999573430975,1.4812572051633393,0.9239054021719236,0.03058851592028733,99.9999914686197,-2.548748649766811,4.2269455373213916
6.0,8.0,0.0,0.0,0.0,499.9999652048456,-1.0658141036401503e-17,0.999999965204845,4.316074226214146,8.133531919073295,22,2.7368665171334743,1.9735340392837053,4.173277941591309,467.85331152516454,-2.331468351712829e-16,2.636779683484747e-16,0.9999999999646458,0.9999999999073009,0.6737976724430721,-0.011978348427297668,3.07281895505597,1.359577470876717,9.769962616701378e-17,0.9999999553726932,3.8755082792369966,-0.7413345285229662,100,-0.0017339426015461213,-0.004888146310387325,0.5400361037426205,7.76601005725297e-15,0.9999999581009955,1.558399293056104,0.522037417727012,0.030772580573567146,99.99999162019931,-2.5523883892092876,4.103109506130991
6.0,9.0,0.0,0.0,0.0,499.99996506609693,-1.4210854715202004e-17,0.9999999650660963,4.020050797617529,8.04824151235588,22,3.141247943880864,6.467333386667152,10.526237180944374,444.9506428380046,-4.4408920985006264e-17,8.049116928532385e-17,0.9999999999650446,0.9999999999082014,0.6833196840025136,-0.011925407118619202,3.0742605947994064,1.3604787051204805,7.105427357601002e-17,0.9999999521402616,3.8924492005545503,-0.6659579122520551,100,0.00037686687350290126,0.0023304123472634177,0.3044675734638389,1.0963452368173421e-14,0.9999999559445143,1.393895241499753,0.596950083051045,0.03069194605856272,99.99999118890304,-2.5411689995849605,4.039500314119043
7.0,0.0,1.0,2.0,0.2028467414881102,499.9999770848859,-2.6645352591003758e-18,0.9999999770848856,3.846497193344124,7.817991970920858,30,2.8131110471093432,2.0188082694501586,5.5705648285263605,465.3496264601467,-3.774758283725532e-16,-1.554312234475219e-16,0.9999999999626578,0.9999999999042597,0.7312663660872065,-0.012280091115075682,3.0533752582948552,1.3478624039220677,-8.881784197001253e-17,0.9999999538066542,3.905640637515988,-0.6951994170092581,107,-0.00041090541927623405,-0.0012676163278227226,0.2799957658692449,5.977440764581843e-15,0.9999999765642554,1.332867573056299,1.0417340331156084,0.03309022136676522,99.99999531285114,-2.6875814171822405,3.7847415806757696
7.0,1.0,1.0,3.0,0.2028467414881102,499.99997994323434,0.0,0.9999999799432342,3.804257182237127,7.496579433033051,31,2.6071132047063648,0.8115932244687603,2.0844615023823745,471.17562210903884,7.771561172376095e-17,5.551115123125783e-17,0.9999999999579224,0.9999999998933747,0.69088814260423,-0.012197445381014813,3.0425260231848,1.3410673355549096,0.0,0.999999961995551,4.104136102179634,-0.976470887295423,107,0.0003741843202021752,0.0022848051204574765,0.3015007945919699,-4.9227288911879445e-15,0.9999999795589471,1.3592033298448922,1.1174182668944743,0.032728948536395464,99.99999591178948,-2.6984404807750426,3.6480312065842813
7.0,2.0,1.0,3.0,0.2028467414881102,499.9999804584145,7.105427357601002e-18,0.9999999804584143,3.609103719697553,7.5215337203883,31,2.689125552132194,1.0751606518450347,3.3323503295990347,469.6435372168572,-2.4424906541753446e-16,1.4988010832439614e-16,0.9999999999579235,0.9999999998933656,0.6909030855582555,-0.012195906774390974,3.0424513565186118,1.3410524344353842,-1.4210854715202004e-16,0.9999999516964602,3.8740173210383775,-0.8363129351852511,107,-0.0032961975135992767,-0.0006189494975763157,0.40732291203303106,-1.6964207816272391e-15,0.9999999799669224,1.5168117860871206,1.351428875964057,0.033193095384390706,99.99999599338452,-2.735853978122181,3.8625461037392155
7.0,3.0,1.0,3.0,0.2028467414881102,499.99998007534043,-5.3290705182007515e-18,0.9999999800753402,3.733408138965914,7.848278285347661,31,2.735973455982972,2.008447847902209,3.877493003476389,465.7479064518666,-1.7763568394002506e-16,-6.938893903907228e-17,0.9999999999579234,0.999999999893387,0.6907963161970617,-0.012198027425994571,3.0426503040926116,1.3410225242558524,-7.105427357601002e-17,0.9999999581763694,3.8702203559819113,-0.7676216455860942,108,-0.002242036021880568,-0.0003008062800307415,0.3138204511402378,2.9043434324194095e-15,0.9999999795337836,1.25265327906277,1.1867055984883024,0.03308745461102772,99.99999590675678,-2.678669812675754,3.8079793388144925
7.0,4.0,1.0,3.0,0.2028467414881102,499.9999802911948,-1.7763568394002505e-18,0.9999999802911946,3.655789072669988,7.56242958286246,31,2.7680801276317615,2.5319566364632182,4.115419024079991,462.6248750935149,1.7763568394002506e-16,1.27675647831893e-16,0.9999999999579224,0.9999999998933746,0.6909223098283804,-0.012199468138594185,3.0427852306745007,1.3410784816373866,3.552713678800501e-17,0.9999999597024082,4.034597426439066,-0.6281236860658586,110,-0.0008074020319539416,-0.0012268701545546405,0.38069283037502544,1.887379141862766e-15,0.999999979728613,1.3467701876665312,1.018882823389618,0.03293271740009945,99.99999594572263,-2.6580082291198783,3.850554062492672
7.0,5.0,1.0,3.0,0.2028467414881102,499.99998040831787,-1.0658141036401503e-17,0.9999999804083177,3.6379189108488688,7.218250412042858,31,2.780242976771623,1.9844255582977288,4.155699395350093,467.30123526290004,1.9984014443252818e-16,-6.661338147750939e-17,0.9999999999579214,0.9999999998933844,0.6909466458283063,-0.012201018142852026,3.042315537747518,1.3410743583997313,-3.552713678800501e-17,0.9999999534335796,3.9648870238234095,-0.8811094069097543,110,0.0004543481069562544,-0.0030381360698737425,0.5462221167894015,-5.928590951498336e-16,0.9999999795549408,1.2791926010517694,1.07513527883052,0.03288568609195959,99.9999959109882,-2.6945772111323762,3.813644755136987
7.0,6.0,1.0,3.0,0.2028467414881102,499.9999797576677,-1.7763568394002505e-18,0.9999999797576675,3.6127722297475113,7.311240489185121,31,2.5690254778234567,0.5024229250865222,2.1474204887347716,474.4972484429187,4.4408920985006264e-17,-4.9960036108132046e-17,0.9999999999579215,0.999999999893374,0.6908743272470362,-0.012195301083529213,3.0427090330223954,1.3410299517684732,7.105427357601002e-17,0.9999999570023429,3.9622351054865614,-0.6353766060105493,109,-0.0013418925122118841,-3.3292066211796644e-05,0.4283634912470191,8.681944052568724e-16,0.999999979472211,1.5500450072635683,1.047496391129786,0.03279236060967541,99.99999589444225,-2.7027449988417986,4.093637146753384
7.0,7.0,1.0,3.0,0.2028467414881102,499.99997985005166,0.0,0.9999999798500515,3.965146581564305,7.534520653607144,31,2.653945226244494,1.19844488500127,2.657804055616588,471.20186061892485,4.4408920985006264e-17,-1.3877787807814457e-16,0.9999999999579213,0.9999999998933529,0.6909735486202294,-0.012195363562190439,3.0424858175287146,1.3410676768608514,1.4210854715202004e-16,0.9999999622697078,4.116852170830402,-0.8264379231581125,109,0.0033460707974527436,-0.005440005205795462,0.5761348597568698,-2.686295630383029e-14,0.9999999795543792,1.327062029095911,1.1848921678665514,0.03295540574306374,99.99999591087587,-2.692521604765563,3.8433541811851963
7.0,8.0,1.0,3.0,0.2028467414881102,499.9999797411303,3.552713678800501e-18,0.9999999797411301,3.7495123113928863,7.439774104218222,31,2.6076918093019046,0.9970765433626745,1.8524073212080066,471.06817973472357,-1.6653345369377348e-16,-2.7755575615628914e-17,0.9999999999579239,0.9999999998933777,0.6909134125942133,-0.012196921035004223,3.042243767009152,1.3410667852935214,-7.105427357601002e-17,0.9999999568543083,3.938198295628745,-0.790501810706456,110,0.0031929313442423048,1.2483949156520957e-05,0.4183395474509197,1.326050380612287e-14,0.9999999797568269,1.3790451964711643,0.9161115545794456,0.033067854242036954,99.9999959513654,-2.6915314795342464,3.809630413834558
7.0,9.0,1.0,3.0,0.2028467414881102,499.9999799840367,3.552713678800501e-18,0.9999999799840366,3.9589145330737407,7.5064568312843925,31,2.64775645360558,1.3021977336027888,2.102829679525559,469.0728790104499,-1.9984014443252818e-16,-2.498001805406602e-16,0.9999999999579221,0.9999999998933641,0.6908795757102262,-0.012197167306626601,3.0427292819982297,1.3410607494124331,-3.552713678800501e-17,0.9999999563670269,4.080499301027376,-0.7781548350864879,109,-0.0026718843700104713,-0.0017312174672023612,0.3350183093698007,-3.7991831902672856e-15,0.9999999794983693,1.3959568146018146,1.2330238460485807,0.032630702445976364,99.99999589967393,-2.6402623362015754,3.8839782435643757
8.0,0.0,1.0,1.0,0.1756779920302179,499.99996774759825,1.9539925233402754e-17,0.9999999677475977,3.538694253756693,7.320791145777804,25,2.8844832106580327,3.171493948395456,6.754942919426874,463.1688334098717,-2.1094237467877973e-16,2.7755575615628914e-17,0.9999999999670294,0.999999999914379,0.6276789177561135,-0.01218180691080133,3.0643610769479164,1.3548175475552804,3.552713678800501e-17,0.9999999563779087,3.8558634067797946,-0.99911939589394,91,0.0006567357609397551,-0.001591962072591474,0.31789333236092077,3.701483564100272e-15,0.9999999693888745,1.4739596285733394,1.085994651253687,0.03182463598648148,99.99999387777497,-2.684500692465621,4.133425123102155
8.0,1.0,1.0,1.0,0.1756779920302179,499.99996732059645,0.0,0.9999999673205959,3.782817920972151,7.533065388436572,25,2.7011148813192953,1.2826859057489115,3.134544165171692,471.6628436850036,1.9984014443252818e-16,-1.6653345369377347e-17,0.9999999999670297,0.9999999999143447,0.6276418357286899,-0.01218339657163105,3.0642761278805053,1.3548075652282334,-1.7763568394002505e-17,0.9999999594204417,4.158672395939534,-0.8067473049197222,90,-0.000173900535226168,-2.3932956199252397e-05,0.4862391014306624,-1.0598188993071744e-14,0.9999999696628455,1.6188458299364985,1.27652033671232,0.03175820653962248,99.99999393256921,-2.6106608754093643,4.124256901098948
8.0,2.0,1.0,2.0,0.1756779920302179,499.99997029707845,1.7763568394002505e-17,0.999999970297078,3.740733707294272,7.500829795607077,26,2.6422414883429113,1.246570690827377,2.341983824074176,469.5829935700415,7.771561172376095e-17,1.249000902703301e-16,0.9999999999631407,0.9999999999054984,0.7312602128185149,-0.012281557897924754,3.053604523957919,1.3478773100805554,1.7763568394002505e-17,0.9999999623844792,3.940989219572776,-0.6708583195702937,91,0.0007916116506187709,-0.0025357660639717984,0.47295660774683945,1.4227508060571382e-14,0.9999999752168177,1.359890188860988,0.8361781448366256,0.0325762513186062,99.9999950433636,-2.6751193432528435,4.005729459542537
8.0,3.0,1.0,2.0,0.1756779920302179,499.99997118324086,1.0658141036401503e-17,0.9999999711832405,3.617070388335778,7.302273367402427,26,2.751780821405551,1.8199654510866525,2.831617569703752,470.38004623765863,-4.4408920985006264e-17,-9.43689570931383e-17,0.9999999999631408,0.9999999999054949,0.7312470671581724,-0.012281416913417099,3.0532028115458223,1.3478818173505016,3.552713678800501e-17,0.9999999556205483,3.933589074950519,-0.6162414158668695,94,0.0013765748887053174,0.003128554530429105,0.27392236063133346,6.040723476985476e-15,0.999999975068463,1.4246011274056107,0.904945276398396,0.03220272674645251,99.99999501369267,-2.591279903238605,4.007434637958918
8.0,4.0,1.0,2.0,0.1756779920302179,499.99997009347214,-3.552713678800501e-18,0.9999999700934716,3.551707752141495,7.404405948090804,26,2.667541531979989,1.475681092462759,2.4220539376277506,472.6221267344903,-2.2204460492503132e-17,-1.582067810090848e-16,0.9999999999631415,0.9999999999054925,0.7312016137697626,-0.012283298238862286,3.053496408714856,1.3478784137964706,8.881784197001253e-18,0.9999999551940371,3.81216617454428,-0.9041214345263648,92,0.001359574248812676,-0.001856211181709176,0.40630725306379567,-1.3862244685469705e-14,0.9999999764966224,1.3763763521926726,1.006674030854445,0.03247785375381686,99.99999529932451,-2.6392662725720246,3.76011257137226
8.0,5.0,1.0,2.0,0.1756779920302179,499.9999705445007,1.0658141036401503e-17,0.9999999705445003,3.856054605375608,7.761207832510003,26,2.969520261809801,4.189815589511059,9.094069128646678,454.5916856286042,9.992007221626409e-17,2.1649348980190552e-16,0.9999999999631438,0.9999999999054944,0.7312615443733983,-0.012279421109526416,3.053600132591906,1.3478816721740539,2.6645352591003756e-17,0.9999999590069102,3.935224523883223,-0.7101379085516033,95,-0.0005690289580541651,0.002742830153254435,0.35490602812950556,6.228351168147128e-15,0.9999999762574056,1.2547020462281009,1.0889172002915315,0.032308642649748816,99.99999525148115,-2.6419297214672843,3.537136440590285
8.0,6.0,1.0,2.0,0.1756779920302179,499.99997078631105,1.7763568394002505e-17,0.9999999707863106,3.917075714025045,7.594167309413228,26,2.806863843546362,2.7687875583999655,4.317629606866913,463.76838964332103,1.887379141862766e-16,-1.1379786002407854e-16,0.999999999963142,0.9999999999054924,0.731235692635676,-0.012282731089107386,3.0535530879101977,1.3478995922455503,5.329070518200751e-17,0.999999952480597,4.056024107402116,-0.8971262335556756,95,0.0005135650326714946,0.0011563213704827496,0.43808934713115555,-2.0983215165415457e-15,0.999999975724953,1.2332694116956635,1.2227949729876055,0.03263713023882471,99.99999514499068,-2.6532286820804316,3.7899760203705553
8.0,7.0,1.0,2.0,0.1756779920302179,499.99997091744575,0.0,0.9999999709174453,3.686981860999951,7.477135330755677,26,2.752863850631606,2.866802941310508,4.045224484822864,461.72848075381415,0.0,4.718447854656915e-17,0.9999999999631416,0.999999999905504,0.731225809344889,-0.012282579351955208,3.053739931947487,1.3478733031086092,7.993605777301127e-17,0.9999999579605688,3.93240114761981,-0.7889993721042242,93,-0.0004207730971746226,-0.0034586967596031094,0.38436670240095694,3.3084646133829665e-16,0.9999999754762564,1.3423621565464954,1.1989942022473927,0.03276569846746298,99.99999509525136,-2.655457123292474,3.8993857086366277
8.0,8.0,1.0,2.0,0.1756779920302179,499.99997095362403,0.0,0.9999999709536236,3.512928479024219,7.292034243551228,26,2.924790933856744,4.027837740108963,7.424337647941753,455.2323418121443,-5.551115123125783e-17,8.326672684688674e-18,0.9999999999631412,0.9999999999054962,0.7312766607803999,-0.012282382401205275,3.053722200259819,1.3478860422549455,7.105427357601002e-17,0.9999999557414398,4.01495052604552,-0.5898057287415519,94,0.0004012918839820756,0.0016847007802334116,0.3625858182901016,2.9731772599461693e-15,0.9999999753756643,1.3035818875663616,1.2525689743171236,0.03268628256504486,99.99999507513294,-2.677705554894504,3.7763200311123537
8.0,9.0,1.0,2.0,0.1756779920302179,499.99997050857394,3.552713678800501e-18,0.9999999705085735,3.762177419957588,7.71022436897764,26,2.871225161271754,3.7638200104779544,6.507952724251324,452.5877172628275,-9.992007221626409e-17,9.71445146547012e-17,0.9999999999631404,0.9999999999054945,0.7312264815313033,-0.012281740800292793,3.053440130311587,1.3478894166006228,-1.509903313490213e-16,0.9999999537303861,3.8857626587435754,-0.8967039400090403,93,-0.0005197796431877255,0.0032571811113983767,0.3233422487919775,8.1601392309949e-15,0.9999999744854666,1.4208432579538532,1.2504018115426352,0.03229966833618996,99.99999489709337,-2.6676338839409697,3.9301402263891703
9.0,0.0,1.0,2.0,0.1842242919630979,499.9999746411239,-1.7763568394002505e-18,0.9999999746411236,3.4561715596375624,7.2955980548170025,23,2.670105116893743,2.1104793583019053,2.9148463348596354,470.71403900522944,-1.1102230246251566e-17,6.661338147750939e-17,0.9999999999600059,0.9999999998974568,0.7312895900945118,-0.012283999380817326,3.0531839743787974,1.347883522694278,0.0,0.9999999609951798,4.036750680731955,-0.83993123181031,101,-0.0006213362689811008,-0.0005735824407519951,0.3559806108133792,-1.0076384171497921e-14,0.9999999764180735,1.3893208225300415,0.9847681929716348,0.03236075877106804,99.99999528361477,-2.660892161988478,3.842470684084634
9.0,1.0,1.0,2.0,0.1842242919630979,499.9999747691963,-5.3290705182007515e-18,0.999999974769196,3.782029030533741,7.289617146028069,23,2.8138407052162755,3.489271108278265,4.4663363769985915,460.350723032103,-1.7763568394002506e-16,1.3322676295501878e-16,0.9999999999600071,0.9999999998974657,0.7313105724378984,-0.012279874296504867,3.053634869484153,1.347878686758514,3.552713678800501e-17,0.9999999575127491,3.977922125788157,-0.9232735928734764,104,0.0008185475538424436,0.00030941718999661624,0.5707926163063561,1.1990408665951691e-15,0.9999999757782277,1.333205097968972,1.333205097968972,0.03282743706807221,99.99999515564562,-2.6669917084427324,3.756374610914844
9.0,2.0,1.0,2.0,0.1842242919630979,499.9999747472108,0.0,0.9999999747472105,3.4746774594801324,7.516112858451502,23,2.9542579419056088,5.01037082203607,8.249926689617492,458.73051392221714,7.771561172376095e-17,-1.27675647831893e-16,0.9999999999600093,0.9999999998974581,0.7312270049108833,-0.012281259066971466,3.0531702649424615,1.3478878542904167,8.881784197001253e-17,0.9999999589428389,3.9733539978690735,-0.7328427203363644,102,-0.0007914840594285887,-0.001249680940177988,0.3829502083548171,3.954614413714807e-15,0.999999975871746,1.5026183761724856,1.5026183761724856,0.03246980743389898,99.99999517434927,-2.6322632508150123,4.172894337856995
9.0,3.0,1.0,2.0,0.1842242919630979,499.9999743084716,-1.7763568394002505e-18,0.9999999743084713,3.729152693786159,7.576295475184587,23,2.6611608830397397,1.1985121590016046,2.205881649711342,473.19440201298,-3.4416913763379854e-16,-6.106226635438361e-17,0.9999999999600113,0.9999999998974722,0.7312631891789401,-0.012281843737425122,3.0531177543002066,1.3478831917856753,7.105427357601002e-17,0.9999999573037365,4.04150357789946,-0.6888520776319315,101,-0.0004091663926078626,0.002361824793492708,0.3018218900656109,8.069100942975638e-15,0.9999999769147891,1.4403112629080164,1.4403112629080164,0.032793431982968524,99.99999538295788,-2.67241289684229,3.9700909484597133
9.0,4.0,1.0,2.0,0.1842242919630979,499.9999749846527,-1.0658141036401503e-17,0.9999999749846524,3.7321473778782455,7.313174097329363,23,3.015660110360635,3.748832056486101,9.513452400768069,452.2130399071,0.0,-5.551115123125783e-17,0.9999999999600068,0.9999999998974533,0.7312469209418613,-0.012284777303060348,3.05359102637224,1.3478799409435616,-3.019806626980426e-16,0.9999999514432928,4.101173354737015,-0.9422385267853284,102,-0.00202541598714872,1.83284652611633e-05,0.4811444181625255,8.848477506262498e-15,0.9999999770117826,1.4037567084212574,1.1278240143915403,0.0326781020507421,99.99999540235656,-2.6622337580986697,3.797023451625213
9.0,5.0,1.0,2.0,0.1842242919630979,499.99997509560416,-1.0658141036401503e-17,0.9999999750956039,3.810497302662355,7.379245562840199,23,2.867923559084426,3.124684059202159,6.441207296556952,458.61657423077423,8.881784197001253e-17,7.771561172376095e-17,0.9999999999600088,0.9999999998974614,0.73128190106675,-0.012282616272523722,3.0535647392663843,1.3478760664671956,-8.881784197001253e-17,0.9999999617341981,4.277171549806834,-0.8548651442332567,101,-0.000992252021999227,-0.00504688084266654,0.5415516640046505,-1.0369483049998962e-15,0.9999999760728816,1.5262610813311832,1.2608267463680003,0.03262621298382502,99.99999521457639,-2.6771973895923376,3.798493810291631
9.0,6.0,1.0,2.0,0.1842242919630979,499.9999741450358,-7.105427357601002e-18,0.9999999741450355,3.843320280997236,7.4949937324136755,23,2.63376547553338,0.8630505859079264,2.2914533293885926,472.58321900001226,7.771561172376095e-17,-9.71445146547012e-17,0.9999999999600063,0.999999999897458,0.731248712836057,-0.012282806028446296,3.0534877423293976,1.3478913519924405,3.552713678800501e-17,0.9999999619660027,3.9944860768330175,-0.8625421779202356,102,0.001990954688698732,-0.0008559888567203655,0.33783270966587864,-1.233679824963474e-14,0.9999999768445794,1.4910876953685095,1.4910876953685095,0.03276293874220599,99.99999536891592,-2.634151669212396,4.1032160696777185
9.0,7.0,1.0,2.0,0.1842242919630979,499.9999745254927,-1.7763568394002505e-18,0.9999999745254924,3.676953918660596,7.52880927280396,23,2.8685770055570674,2.3595330590748533,6.631707937041137,466.8637446399309,-1.887379141862766e-16,4.9960036108132046e-17,0.9999999999600072,0.9999999998974524,0.731129663933745,-0.012280735150989984,3.053339354405587,1.3478757742315395,1.0658141036401502e-16,0.9999999589903854,3.9175258583301886,-0.8030204260413071,102,-0.0016232081823606226,-0.0006142511382870358,0.2776038184510128,-7.771561172376096e-15,0.9999999762478601,1.3483559691461948,1.2823672242813224,0.03257630770603167,99.99999524957208,-2.655642785339837,3.8688958700869636
9.0,8.0,1.0,3.0,0.1842242919630979,499.9999772200292,0.0,0.999999977220029,3.752461519754298,7.523884896933044,24,2.674488331239548,2.1605137663518645,2.3962757320637844,472.48367083305516,1.2212453270876723e-16,4.4408920985006264e-17,0.9999999999566717,0.9999999998902112,0.6909032255465848,-0.012195348460442844,3.0426885584537753,1.3410669899350844,3.552713678800501e-17,0.9999999565964999,4.012843646049968,-0.643310870833599,104,0.0008739236102706827,-0.0010913829388497307,0.3676850645539993,6.59472476627343e-15,0.9999999802193914,1.3771939846032288,1.1520394735225237,0.03287843620262155,99.99999604387833,-2.698802908707325,3.9071933500985803
9.0,9.0,1.0,3.0,0.1842242919630979,499.99997722585294,-1.0658141036401503e-17,0.9999999772258527,3.6642774638985967,7.2926164049764415,24,2.6948308525466116,1.4337026089054674,2.9174940607009296,470.2260241988627,1.6653345369377348e-16,1.9428902930940238e-17,0.9999999999566741,0.9999999998902235,0.6909484159152532,-0.012197219358847114,3.0426999297193613,1.3410816766106453,-1.7763568394002505e-17,0.9999999563660672,4.018952482713573,-0.6857809313205528,104,0.0012625481181186848,-0.0009651749351916679,0.4004970759385458,-8.384404281969182e-15,0.9999999796867834,1.2788456358654694,1.216983123813402,0.03330831524740631,99.99999593735672,-2.7181662061571052,3.6815753693046727
10.0,0.0,1.0,1.0,0.3032089435145073,499.99996940197116,1.0658141036401503e-17,0.9999999694019707,3.962801409241361,7.459310909486374,25,2.9777188129712764,3.9836978679770434,6.654270243880222,452.920187720152,6.661338147750939e-17,5.551115123125783e-18,0.9999999999620041,0.999999999901313,0.6276797903137551,-0.012182427792592447,3.064429894561536,1.3548179123314354,2.6645352591003756e-17,0.9999999560345765,4.0482995678655405,-0.7845688025970556,98,-0.0008376149914742959,-0.0006810964723959925,0.5130448716190275,-1.3524736885983656e-14,0.9999999742919502,1.1335705239999294,0.8237182870190578,0.032209163152735865,99.9999948583901,-2.659236378076818,3.5845213528964717
10.0,1.0,1.0,1.0,0.3032089435145073,499.99996928978135,1.4210854715202004e-17,0.9999999692897809,3.9494142666818703,7.979681869669842,25,2.8686107630862074,2.5686277980153513,5.926947038379427,466.8260044348224,5.551115123125783e-17,1.1102230246251565e-16,0.9999999999620061,0.9999999999013013,0.627671157155652,-0.01218389813713295,3.064555753297686,1.35481448502818,1.7763568394002505e-17,0.9999999555947336,4.003668123192699,-0.8652609914527899,97,0.0009755071378369307,-0.001651050680176876,0.4233157751628376,-3.3018032752352154e-15,0.9999999742641098,1.314140508998808,0.8775508423781972,0.03260763570241973,99.99999485282204,-2.631509285459822,3.8687573163562488
10.0,2.0,1.0,1.0,0.3032089435145073,499.99996970833115,-8.881784197001253e-18,0.9999999697083307,3.8068825701313824,7.34401241714612,24,3.0783553816222176,6.37302574708543,11.167457011945586,451.8838660764266,5.551115123125783e-17,1.2212453270876723e-16,0.9999999999620047,0.9999999999013116,0.6276680467183022,-0.01218483847403457,3.064585584572554,1.3548028137525,1.1546319456101628e-16,0.999999952763706,3.8474688855898576,-0.7073531721553099,99,-0.00016662488267065178,-0.00018877762668994034,0.4939635232838189,-1.581845765485923e-14,0.9999999750308872,1.2414142927862744,0.8639868893432691,0.032136166207929605,99.9999950061775,-2.588817880107447,3.8382978460908674
10.0,3.0,1.0,1.0,0.3032089435145073,499.99996884121356,1.5987211554602253e-17,0.9999999688412131,3.414698241030905,7.622370731727499,25,2.9447406391175446,3.3476456900293807,8.281984793031738,457.6327313497489,-1.4432899320127036e-16,5.2735593669694933e-17,0.9999999999620041,0.9999999999013155,0.6276940032464545,-0.012183315229863366,3.064370846187866,1.3548079014006453,7.993605777301127e-17,0.9999999579689048,3.918049268608015,-1.0514170737934734,100,0.0022472108274133127,-0.0011233771513901442,0.524065317535749,-3.056443986793056e-15,0.999999974774835,1.5438927521418588,0.889659935745425,0.032436127493712066,99.99999495496705,-2.6501474043101605,4.133017195234295
10.0,4.0,1.0,2.0,0.3032089435145073,499.99997271340703,1.509903313490213e-17,0.9999999727134067,3.898604160965747,7.576790864032548,26,2.818004665193378,2.3960641173151607,4.641279995176342,464.1814731688867,-1.2212453270876723e-16,1.304512053934559e-16,0.9999999999576576,0.9999999998914209,0.7312030083942613,-0.012281897170442365,3.0535706560673987,1.3478768166040578,5.329070518200751e-17,0.9999999558696623,3.865299049914439,-0.8446811630527461,102,-0.0026191138632974398,0.002706145625286615,0.08326685104816178,-1.2656542480726785e-15,0.9999999783533939,1.4166831774447326,1.4166831774447326,0.03295312801835677,99.99999567067883,-2.6374792216634875,4.081432335906651
10.0,5.0,1.0,2.0,0.3032089435145073,499.9999728944022,-4.440892098500626e-18,0.9999999728944019,3.594665808750166,7.200474210807749,26,2.6680044790473483,1.269845382929007,3.8504724624565703,467.6119157205006,-7.771561172376095e-17,3.3306690738754695e-17,0.9999999999576555,0.9999999998914079,0.7311954397316012,-0.012284443514519546,3.0533162615957243,1.347897659326291,7.105427357601002e-17,0.9999999613226518,4.0565683598756666,-0.8974621772452068,100,-0.0003084281831747093,0.0029262138303348104,0.3004080291019804,-2.5512925105886098e-15,0.9999999789524405,1.4044356386024364,1.0910903619299162,0.032816425492257974,99.99999579048813,-2.68242109295598,3.9441650010529274
10.0,6.0,1.0,2.0,0.3032089435145073,499.99997313830943,-5.3290705182007515e-18,0.999999973138309,3.742184853116551,7.2760991588229045,26,2.811536544510792,2.9225849625433034,5.015329590136552,460.7373433806216,6.661338147750939e-17,2.4980018054066023e-17,0.999999999957654,0.9999999998914302,0.7312678948280642,-0.01227969538213526,3.0535838774019646,1.3478997373542214,1.7763568394002505e-17,0.9999999602496296,3.924675658277452,-0.6754825119604697,100,0.0033714485073924228,0.0012192590884182,0.40484652999489157,-8.213429936176909e-15,0.9999999781224169,1.444575476680487,1.0563213741539834,0.032840482088296555,99.99999562448342,-2.655455418414075,3.8685732218365296
10.0,7.0,1.0,2.0,0.3032089435145073,499.99997311658166,1.7763568394002505e-18,0.9999999731165813,3.738732681739168,7.435343938380046,26,2.822833948777957,2.7453510578467846,6.0522177461838265,462.82183877998654,-2.2204460492503132e-17,-3.608224830031759e-17,0.9999999999576544,0.9999999998914296,0.7312782400484841,-0.012281734256041347,3.053501202117898,1.3478746059522695,8.881784197001253e-17,0.9999999574452112,4.020854000368738,-0.7575993270416577,101,0.0017151547122139289,-0.0023752731714434317,0.4385072231371083,-5.1403326040144745e-15,0.9999999781248259,1.445937464439361,1.0971709729698955,0.0330881450511103,99.99999562496522,-2.7190333409784144,3.7713704023698478
10.0,8.0,1.0,2.0,0.3032089435145073,499.99997298805255,3.552713678800501e-18,0.9999999729880522,3.787065482371992,7.4289677054047,26,2.787227337602251,2.1266307470365136,4.8217362957333885,467.115308411185,1.554312234475219e-16,-2.8588242884097783e-16,0.9999999999576544,0.9999999998914447,0.7312076437838788,-0.012284718028098836,3.053298922679645,1.3478842163710736,3.552713678800501e-17,0.999999962275974,3.948891204102441,-0.7613046628713916,100,0.0008232054797811594,0.001962461880523367,0.32136858951894354,-2.8133051444001467e-15,0.9999999783412596,1.543659895386772,1.155701552264487,0.03225211719705228,99.999995668252,-2.623369914591494,3.9200477119415016
10.0,9.0,1.0,3.0,0.3032089435145073,499.999976230269,-7.105427357601002e-18,0.9999999762302687,3.6417603577058815,7.266339520692764,27,2.708751551276749,1.2724029449384153,3.390956231637515,466.566056326672,-6.661338147750939e-17,-7.216449660063518e-17,0.9999999999525927,0.9999999998798875,0.690925193181785,-0.01219622341434972,3.0428130487663303,1.3410638007964164,7.105427357601002e-17,0.999999959559433,3.959524158459229,-0.7879928004728222,102,-0.0024157393069549047,-0.000878552110682671,0.41120099737915794,-9.170442183403793e-16,0.9999999814741174,1.198103171324297,1.168689866442841,0.03312080045383324,99.99999629482352,-2.681503313337867,3.504538100358972
11.0,0.0,0.0,0.0,0.0,499.9999602342419,-1.4210854715202004e-17,0.9999999602342411,3.558405783483776,7.106781506876515,25,3.242251899771293,6.892692292394009,11.006703255182051,436.151473464286,1.9984014443252818e-16,-2.2204460492503132e-17,0.9999999999648678,0.9999999999074873,0.6984010487698378,-0.011833954215407725,3.07654586271058,1.3618172209303114,7.327471962526034e-17,0.9999999620073163,4.007633293349031,-0.728869060235808,96,0.00012785908459404195,0.001111186049902813,0.3896072861125962,1.3284928712664623e-14,0.9999999654320311,1.4098131135349874,0.8708805490556649,0.03143959762835708,99.99999308640633,-2.5454261911226785,4.098104914329216
11.0,1.0,0.0,0.0,0.0,499.9999608081804,3.552713678800501e-18,0.9999999608081797,3.869393919068776,7.738510706965307,25,3.2740890715948865,6.507756807075181,16.1290923217672,435.09187636194696,-1.6653345369377348e-16,9.43689570931383e-17,0.9999999999648681,0.9999999999074795,0.6982989224343905,-0.011834404828544613,3.0767429708508547,1.3617976882175253,4.884981308350689e-17,0.9999999594694318,3.8032595324611167,-0.8442093375263935,95,0.0013509207403069622,0.0012791019338206377,0.34013133997671763,-4.882760862301438e-15,0.9999999656723239,1.3955640365529327,0.9350040540636246,0.031381143017695005,99.99999313446487,-2.5933518275219356,4.054964392471533
11.0,2.0,0.0,0.0,0.0,499.99996240350447,-8.881784197001253e-18,0.9999999624035038,3.666920432066567,7.5266276396344,25,3.4831960287738877,7.875778459936476,13.800404171795769,427.6733975151151,2.2204460492503132e-17,1.6653345369377347e-17,0.9999999999648675,0.9999999999074897,0.6983404475810953,-0.011833198629062259,3.0767736223235183,1.3618088501865324,9.769962616701378e-17,0.9999999514873712,4.2946371629324425,-0.8861720618523768,96,-0.001313230699013661,0.0010299009195509155,0.35097830840055,2.3191448761394893e-14,0.9999999649230427,1.343814292203131,0.8763406257038425,0.03193232220334398,99.99999298460865,-2.635138420960139,3.8240852870999373
11.0,3.0,0.0,0.0,0.0,499.99996077402,-2.1316282072803006e-17,0.9999999607740192,3.528252815565517,7.514843928338819,25,3.1737402258219722,6.701066565857379,13.316964743224855,434.9557862435712,1.7763568394002506e-16,1.1934897514720432e-16,0.9999999999648681,0.9999999999074788,0.6984465985805592,-0.01183626750196992,3.0769365599633685,1.3618211746897297,-4.440892098500626e-18,0.9999999583377684,3.964551683326248,-0.8480683547731963,94,-0.004305462939089284,-0.001666603944547166,0.543431614976182,1.7974510768681285e-14,0.99999996438345,1.5561322565144893,1.0694209550576377,0.03109163742857358,99.99999287669013,-2.6018812912924534,4.388728491514659
11.0,4.0,0.0,0.0,0.0,499.99996126306263,-1.0658141036401503e-17,0.9999999612630619,3.9005853410756943,7.751918448728612,25,3.1539932291026687,5.534222322289257,9.962150880367455,442.4651138608243,1.6653345369377348e-16,-5.828670879282072e-17,0.9999999999648678,0.999999999907477,0.6983729942352559,-0.011834507872650099,3.076874224082482,1.361785634022879,3.552713678800501e-17,0.9999999595117439,4.093793600944701,-0.9468944307049872,96,-0.0006915334811025265,-0.0028405735753060358,0.43911508897730167,1.619926415230566e-14,0.9999999632131834,1.428272586881845,0.6488012361234129,0.030918514345783493,99.99999264263683,-2.6028346655786807,3.8770321887280894
11.0,5.0,0.0,0.0,0.0,499.99995951205926,0.0,0.9999999595120584,3.885474447886725,7.584920494445749,25,2.998553206074735,5.388909302109254,7.474888432192932,449.4578035007866,1.1102230246251566e-17,-1.0547118733938987e-16,0.999999999964867,0.9999999999074899,0.6983337055025609,-0.011832027042920887,3.076942241365972,1.3618097787823937,7.105427357601002e-17,0.9999999595826532,3.843721268341145,-0.9167005592297082,96,-0.0008780509215865395,0.0014633383947801528,0.20020602834046386,-7.923661726749743e-15,0.9999999651796786,1.4372428227765472,0.770559618264853,0.032123869150674125,99.99999303593584,-2.6085911817918483,4.082970370744987
11.0,6.0,0.0,0.0,0.0,499.99996162017635,-7.105427357601002e-18,0.9999999616201756,3.685349191550177,7.928527389174155,26,3.243827677917687,7.0520129878802855,12.17939267973966,439.02602538124705,-2.4424906541753446e-16,-7.771561172376095e-17,0.9999999999648677,0.9999999999074859,0.6983563984147482,-0.011834991457259261,3.0769919787767486,1.3618035864768374,-8.659739592076221e-17,0.9999999547884288,3.973201027047392,-0.6246641301298548,97,-0.0017987557731416182,0.00020140665491256732,0.3189914245064648,-6.691314169415819e-15,0.9999999651087603,1.311440688518631,0.9942407370982628,0.03197801278865685,99.99999302175219,-2.6430032031920985,3.8133293959762
11.0,7.0,0.0,0.0,0.0,499.9999603296567,-1.0658141036401503e-17,0.9999999603296559,3.487228494576577,7.3344848849757796,25,3.0003749220173757,3.224379786643538,9.510929550416035,448.9821460763021,-5.551115123125783e-17,-7.216449660063518e-17,0.999999999964868,0.9999999999074819,0.698378148701998,-0.011834997886571713,3.0770100164009264,1.361796131637743,5.995204332975846e-17,0.9999999610163491,3.917967192832441,-0.6817352904061859,95,0.00041179588008781297,0.0008650937316058694,0.38721170609722144,1.6291412663349548e-14,0.9999999630552818,1.667137239255845,1.215565596192596,0.03045985733182687,99.9999926110565,-2.5190892550027435,4.837002389070533
11.0,8.0,0.0,0.0,0.0,499.99995967094026,-1.0658141036401503e-17,0.9999999596709395,3.6678389106656746,7.4260720091200225,25,3.0816211704584946,5.455451286218068,8.620376655665789,442.4401118505251,-2.331468351712829e-16,-1.8041124150158794e-16,0.999999999964867,0.9999999999074722,0.6984086946476193,-0.011836461052449185,3.0767010990681296,1.361816582701604,-4.218847493575595e-17,0.9999999585233692,3.994518066056801,-0.7071227621690571,96,-0.0008464693041517091,-0.0020701450151625863,0.5306065661778806,7.425171588693046e-15,0.9999999640851951,1.2420868051064908,1.1922723463038791,0.03199736250595799,99.99999281703914,-2.6126152462067096,3.9384317185727626
11.0,9.0,0.0,0.0,0.0,499.99995955135665,-1.0658141036401503e-17,0.9999999595513559,4.622302309689495,8.742335972184167,25,3.301322087100157,7.33992193796052,11.777219614297868,436.66320178013837,3.3306690738754695e-17,-9.159339953157541e-17,0.9999999999648679,0.999999999907487,0.6983661616691601,-0.01183128382043065,3.0768404955840243,1.3618008260765664,1.687538997430238e-16,0.9999999584606806,3.94337497762305,-0.7641541261125897,96,0.004101783741595664,-0.0003744193783470028,0.4173299100108081,3.921307722976053e-15,0.9999999654029841,1.4443917112826572,1.2157208185549648,0.031559222886915504,99.99999308059695,-2.614307044414232,4.168594242024202
12.0,0.0,0.0,0.0,0.0,499.99996358695853,-5.3290705182007515e-18,0.9999999635869579,3.7187276204794895,7.401809286554638,29,3.407877457058732,6.230962448588938,17.70082027420182,422.2654548641951,-2.2204460492503132e-17,-1.1102230246251565e-16,0.9999999999661632,0.9999999999109052,0.6982839600197155,-0.011832116603038135,3.076942011160683,1.3618052267984186,0.0,0.9999999618000448,3.9233867066860846,-0.815054212845386,103,0.002654756317330893,0.0003595053779646168,0.5088309777264968,1.3868906023617456e-14,0.9999999651550028,1.33293147495746,1.1239123003982772,0.030868610969648855,99.99999303100066,-2.532905695537794,3.8700884330190495
12.0,1.0,0.0,0.0,0.0,499.9999610135354,-7.105427357601002e-18,0.9999999610135347,3.834767745942176,7.600036178379465,29,3.0757058264839685,4.550810710083924,10.380173538942874,448.8136398185612,-2.2204460492503132e-17,-1.609823385706477e-16,0.9999999999661632,0.9999999999108968,0.6983473407790621,-0.011833565717583164,3.077083514342631,1.3618158137419207,3.552713678800501e-17,0.9999999518942928,4.0045538257458135,-0.8619757783203528,100,-0.001107595025840309,-0.004412882395173184,0.44660795698482403,1.3405943022348765e-14,0.9999999643232234,1.3335324173570526,0.9805380530636242,0.031639690060047174,99.9999928646448,-2.5757490256607136,3.9385781108623306
12.0,2.0,0.0,0.0,0.0,499.9999605565266,0.0,0.9999999605565258,3.6422193039733095,7.1097554219831345,29,2.757217051969053,2.089755297826138,4.99267979923631,463.0822295609679,-5.551115123125783e-17,2.7755575615628914e-17,0.9999999999661623,0.9999999999108917,0.6984355607460333,-0.011832795046400498,3.0771251094268575,1.3618069308476748,0.0,0.9999999621161852,4.042333261918812,-0.6831069110127412,101,0.00015224360971188177,0.0006425280979195586,0.370073001841952,1.1628475959923889e-14,0.9999999666011992,1.9406896706147008,0.9118591219453804,0.031228432001704345,99.99999332023995,-2.6113181081023176,4.588499860122423
12.0,3.0,0.0,0.0,0.0,499.99996162099865,0.0,0.9999999616209979,3.8616714465947393,7.332226054843835,30,3.1646990508101576,6.108824173145422,11.939659405124587,444.59554496343435,-2.6645352591003756e-16,-1.6653345369377347e-17,0.9999999999661623,0.9999999999109014,0.6983788270715119,-0.011833220071670274,3.0768763148782807,1.3617929767178505,1.4210854715202004e-16,0.9999999577361357,3.8266771534436623,-0.752586124284588,102,-0.002491335524306304,0.0021197706674075923,0.25146304335416403,1.1357581541915351e-14,0.9999999659412976,1.2741674001389556,0.5942855531978565,0.0316613763153916,99.99999318825965,-2.6392971306581123,3.7460763214011545
12.0,4.0,0.0,0.0,0.0,499.99996131569117,1.0658141036401503e-17,0.9999999613156905,3.4426172960342853,7.275006368512696,29,2.950505662032027,2.8848223897913896,6.725336586922744,456.5644473993814,3.3306690738754695e-17,-8.604228440844963e-17,0.9999999999661634,0.9999999999108972,0.6983864252687464,-0.011834182991190243,3.076776518062434,1.3617995345797282,-1.7763568394002505e-17,0.9999999603404413,3.966652813481729,-0.6060352484327503,102,-0.0002704265721936339,-0.001163960907657888,0.3734772772358532,2.855937708545753e-14,0.9999999653874783,1.370014513935888,1.0776957842993211,0.031140475275642034,99.99999307749574,-2.5285190231541694,3.8149266849104557
12.0,5.0,0.0,0.0,0.0,499.9999610665235,1.7763568394002505e-17,0.9999999610665228,3.658205460033903,7.6019894611710965,29,3.116072959490447,4.77858003919501,10.459738637307062,438.8376014763732,-1.554312234475219e-16,-8.326672684688674e-17,0.9999999999661627,0.9999999999108881,0.6983359985936353,-0.011835874376671494,3.0771358814984398,1.3617915027665952,-5.329070518200751e-17,0.9999999616093762,4.147246991718852,-0.8414506090108759,103,-0.0005499975524528877,0.004695143601541021,0.21505408251999114,-2.58881804882094e-14,0.9999999646024615,1.2105159108528287,1.1838370033752794,0.032259379854401075,99.99999292049245,-2.6806445506998138,4.013946472888435
12.0,6.0,0.0,0.0,0.0,499.9999607777721,1.7763568394002505e-17,0.9999999607777713,3.613473368236488,7.627120662711011,29,2.7903644174951197,2.6368467795384953,5.271391768913166,460.0163992893138,5.551115123125783e-17,-2.7755575615628914e-17,0.9999999999661634,0.9999999999108905,0.6984042139026235,-0.011833372764743787,3.0765877440949514,1.3618032173251033,-8.881784197001253e-17,0.9999999597750785,4.020129743440196,-0.8707117957132787,100,0.0010685842135664835,-0.00040944944823872396,0.3158254776868965,5.018208071305707e-16,0.9999999650514689,1.2772794190383543,1.0292958822785916,0.03206725904403064,99.9999930102939,-2.66323833423761,4.030023845083425
12.0,7.0,0.0,0.0,0.0,499.9999616374033,1.0658141036401503e-17,0.9999999616374026,3.4986097357108323,7.757793179011113,29,3.1828635997185035,4.826734239302836,11.294779750896925,438.56848391775685,-9.992007221626409e-17,-2.6645352591003756e-16,0.999999999966162,0.9999999999108906,0.6982889422448622,-0.011834613620481018,3.0770918594944145,1.3617739060833252,1.2434497875801754e-16,0.9999999549472022,4.143723795071877,-0.8221628708629383,102,0.0009815787511742457,0.0019103409878407117,0.3260954394460711,2.950972799453666e-15,0.999999965160401,1.4620279249019346,1.368492699961397,0.031302130822147826,99.99999303208033,-2.624548746525172,4.224627664781152
12.0,8.0,0.0,0.0,0.0,499.9999624203639,1.4210854715202004e-17,0.9999999624203632,4.128173145498873,7.942647396124662,29,3.3382575924018703,7.6289416829074,16.98123951626671,437.71843936754766,1.7763568394002506e-16,-1.942890293094024e-16,0.9999999999661621,0.999999999910887,0.6983377107277712,-0.011835308391019901,3.0769871439392045,1.3617854222425478,1.0658141036401502e-16,0.9999999553245165,3.927376085399199,-0.6950864187950645,103,-0.002318632206103748,-0.0008320668418011634,0.42422183422252857,-1.9539925233402757e-15,0.9999999654598172,1.2331036478598214,1.0493899272974985,0.03137917840228992,99.99999309196357,-2.58583795795536,3.906726983701593
12.0,9.0,0.0,0.0,0.0,499.9999623545528,1.9539925233402754e-17,0.9999999623545521,3.685435283617549,7.341702822833129,29,3.4304546117582406,10.188093231490388,14.36966592525988,426.14245572281123,-8.881784197001253e-17,-1.582067810090848e-16,0.9999999999661634,0.9999999999109068,0.6983504553918631,-0.011834743295189592,3.076846357342457,1.361796113630937,-8.881784197001253e-17,0.99999995663951,4.192291754461312,-0.8364116862921012,101,-0.002731548610630328,0.0043961401130943436,0.2470966459760966,-4.093392291792952e-15,0.9999999638892882,1.3413660427488778,0.8128914928807299,0.03158506845225627,99.99999277785776,-2.5897051702317206,4.1009865575098585
13.0,0.0,0.0,0.0,0.0,499.9999628218528,-3.552713678800501e-18,0.9999999628218521,3.4232272423744186,7.3373266639179775,25,3.2498448728488674,6.245590418460889,12.383732786130155,438.48365192261133,1.6653345369377348e-16,-1.6653345369377347e-17,0.9999999999628005,0.9999999999020479,0.6983278975491793,-0.011833078871911715,3.07648764182134,1.3617921934714112,-1.1102230246251565e-16,0.9999999599678214,3.926352646155229,-0.8043203135769676,95,-0.002969000147815826,0.001372254811597403,0.28965408105708823,-1.247890679678676e-15,0.9999999563872299,1.313280384968405,1.3085954269218858,0.03135637931676727,99.99999127744618,-2.508686031893139,4.00058629029032
13.0,1.0,0.0,0.0,0.0,499.99996227974003,-1.4210854715202004e-17,0.9999999622797393,3.635983433994828,7.4146730155428795,25,2.83070208785331,2.6694719906674025,3.7408248166317404,460.949660667897,2.1094237467877973e-16,-7.216449660063518e-17,0.9999999999628015,0.9999999999020317,0.6983124651339262,-0.011833914315983237,3.076757232300376,1.3617892372016116,6.439293542825907e-17,0.9999999566483033,3.89834562172774,-0.7612114382105533,96,0.0014617801225640559,0.0016971761692052673,0.32877172677134947,1.3408163468398015e-14,0.9999999549576067,1.4268650563050926,0.3332190169191297,0.03018067336712731,99.99999099152156,-2.4754839521106162,3.8195313209784656
13.0,2.0,0.0,0.0,0.0,499.9999631418891,1.4210854715202004e-17,0.9999999631418884,3.6122393583138286,7.365540942423266,25,3.171249134450079,6.282495109180593,13.651755768511668,435.8058070957542,-2.2204460492503132e-17,-1.8596235662471373e-16,0.9999999999627991,0.9999999999020388,0.6983661434738049,-0.011835370722912828,3.076832908688048,1.3618094553126938,-5.329070518200751e-17,0.9999999546741383,3.934762904550137,-0.995204732748894,96,0.002937808526468908,-0.0029283732891583654,0.5535139327905059,-1.0570433417456115e-14,0.9999999550051161,1.393752813199522,0.7563464961415447,0.03156679839954505,99.99999100102343,-2.5995707361307887,3.995898764818377
13.0,3.0,0.0,0.0,0.0,499.9999644651025,5.3290705182007515e-18,0.9999999644651019,3.7791219398164975,7.667728622918418,25,3.2586393354108782,8.513659836199523,12.447068538443189,428.81510542393676,1.1102230246251566e-17,-9.43689570931383e-17,0.9999999999628011,0.9999999999020421,0.6983771591872626,-0.01183244979034491,3.0771995549120916,1.3618237064499732,-8.881784197001253e-18,0.999999957347518,3.981245995581833,-0.6021653851177474,97,-8.723650729759224e-05,-0.0017144571600239988,0.44732916346126395,-8.955058916626512e-15,0.9999999549401775,1.2889973034850524,1.0475079232532327,0.031470854162839235,99.99999098803568,-2.6120765138900555,3.8371850213965906
13.0,4.0,0.0,0.0,0.0,499.9999630234589,1.7763568394002505e-17,0.9999999630234582,4.119901982014105,7.731845114788536,25,3.1940197432002817,7.624032237768064,13.323111927490029,440.25243206284654,1.7763568394002506e-16,3.053113317719181e-17,0.9999999999628009,0.9999999999020351,0.6983805235381315,-0.01183364972938945,3.0772595796667197,1.361791915588542,6.661338147750939e-17,0.9999999589974393,4.034409363124051,-1.0191791202933789,96,-0.0016283474019947119,-0.002087744965462751,0.27951296831455874,-2.4800161924076746e-14,0.9999999584863171,1.4155098288149963,1.036976244702658,0.031383761369417736,99.99999169726361,-2.599249611259711,4.211896105848972
13.0,5.0,0.0,0.0,0.0,499.9999647514396,-7.105427357601002e-18,0.9999999647514389,3.8731380933014,7.560425724204675,25,3.3194394750065723,6.548794876866214,12.97380933777782,437.9043600554761,0.0,-7.494005416219807e-17,0.9999999999628002,0.999999999902041,0.6983655867890863,-0.011833242870333984,3.0768554754870405,1.3618012308581882,1.7763568394002506e-16,0.9999999585558984,3.943125050503977,-0.7581879771849961,96,-0.0024338633437858536,0.001947233536312013,0.43459167734260173,-2.447819724693545e-14,0.9999999540515203,1.4244985379849358,0.779039472230961,0.030805405312223227,99.99999081030427,-2.47692876464326,3.9765086425363734
13.0,6.0,0.0,0.0,0.0,499.9999637084094,1.4210854715202004e-17,0.9999999637084087,3.324491119915351,6.799787350124394,25,3.2460327892934,4.647166835574312,14.922578736079714,434.95832187143304,-1.3322676295501878e-16,1.1379786002407854e-16,0.9999999999628014,0.9999999999020431,0.6983250116482053,-0.01183314033720883,3.076757544887983,1.3618207712535153,1.1324274851176597e-16,0.9999999578326098,4.003279524374916,-1.1602665798222531,95,-0.0005158237219069184,0.005568562433141458,0.15563090048837847,-1.9936274853193935e-14,0.9999999575016397,1.2912002320272702,0.6729309468376143,0.03145782384785362,99.99999150032812,-2.6085785278523836,3.957949761372685
13.0,7.0,0.0,0.0,0.0,499.99996202379157,1.0658141036401503e-17,0.9999999620237908,3.7395400212508014,7.237089474779708,25,2.8016436173953174,2.698117112128837,4.7669511410817424,461.6689336113509,1.4432899320127036e-16,1.8041124150158794e-16,0.9999999999628008,0.9999999999020446,0.6984397549120027,-0.011833823469887855,3.076557295537419,1.3618010910941183,2.886579864025407e-17,0.9999999596962811,3.8100173364247336,-0.747912152343861,96,0.0012544467363726675,-0.0013126961853397107,0.4914202729672317,-5.879741138414829e-15,0.9999999587518829,1.8336261129013536,0.9686799961285838,0.03078776489419661,99.99999175037671,-2.477653255312984,4.378319509784379
13.0,8.0,0.0,0.0,0.0,499.99996326309156,-3.552713678800501e-18,0.9999999632630908,3.932289029327338,7.744184854797269,25,3.014953712307864,4.734694409497598,10.135776455420475,441.52626114438016,1.1102230246251565e-16,3.608224830031759e-17,0.9999999999628012,0.9999999999020524,0.698349008429652,-0.011832700210377247,3.0767556083443015,1.361810224938126,4.884981308350689e-17,0.9999999615640397,4.003103190373897,-0.8223340153548079,94,-0.0024953235427460285,0.0010310256509717735,0.46773610365928686,2.0261570199409107e-15,0.9999999529431521,1.579182435626723,0.8708237248767491,0.030468824529314563,99.99999058863064,-2.5161764790560457,4.4863118676956
13.0,9.0,0.0,0.0,0.0,499.99996188268074,1.0658141036401503e-17,0.99999996188268,3.604227620429722,7.293724624752134,25,2.7531298388759406,1.8052332973647431,3.693832543423079,467.5640003106632,5.551115123125783e-17,2.525757381022231e-16,0.9999999999628001,0.9999999999020346,0.6983521996873361,-0.01183412135516941,3.0772740601315145,1.3617859326262023,7.105427357601002e-17,0.9999999568582427,4.211570363587946,-0.9242592787992174,96,0.0015812029196456568,-0.004934337763283434,0.6037105732796211,1.7162937737680295e-14,0.999999956086418,1.5518610421750505,0.4512046101596926,0.02986044319226952,99.99999121728382,-2.569467994180631,4.315204325150292
14.0,0.0,1.0,2.0,0.3250593471164317,499.99996827620805,-7.105427357601002e-18,0.9999999682762075,3.821622553852208,7.589389320749233,27,2.8505299321639477,1.478420940260029,5.820228553320527,463.6001646698098,0.0,-8.049116928532385e-17,0.9999999999535326,0.9999999998808801,0.7313299159624307,-0.012282181746938082,3.0536109520655055,1.3478723256505323,1.7763568394002506e-16,0.9999999522098504,3.9765103163744544,-0.6344555681838736,107,1.5118710397700185e-05,-0.0015767679967644095,0.48044099370626725,-7.478462293875054e-15,0.9999999723109197,1.4240143992166974,1.0933910167298553,0.03290795133087754,99.99999446218403,-2.729793156335454,3.7880415643473757
14.0,1.0,1.0,2.0,0.3250593471164317,499.9999689667542,3.552713678800501e-18,0.9999999689667537,3.833962343363429,7.72018075627595,26,2.6662059431539875,1.371277710158891,2.5407642409840903,473.1158693834867,1.554312234475219e-16,2.2204460492503132e-17,0.9999999999535374,0.999999999880872,0.7312545824518824,-0.012278248725163896,3.052708477641801,1.3478996999594226,0.0,0.9999999594054995,3.9642830318680353,-0.5878845703213277,108,0.0012609557945018396,-0.00024310792922431964,0.2955336733547824,1.1579626146840382e-15,0.9999999727237837,1.359336967238724,0.821399957768247,0.032771016874766794,99.99999454475685,-2.663964751846505,3.927273872487876
14.0,2.0,1.0,3.0,0.3250593471164317,499.999971326931,5.3290705182007515e-18,0.9999999713269306,3.8183930515765256,7.613906089654277,28,2.6567495516726582,1.5026535252909665,2.102036680945616,474.24903615485533,1.2212453270876723e-16,-6.38378239159465e-17,0.9999999999480372,0.9999999998683374,0.6908353786778546,-0.01220063866612234,3.0426481350497134,1.3410529770612474,1.0658141036401502e-16,0.9999999564492662,3.986736784440773,-0.9147261132275888,110,0.004867043753507703,0.0011296042907131165,0.2777077842676263,-1.219913059458122e-14,0.9999999765259727,1.39180468000169,1.1160101960262128,0.03320507367271097,99.99999530519463,-2.695721457859409,3.736420598211806
14.0,3.0,1.0,3.0,0.3250593471164317,499.99997159755327,5.3290705182007515e-18,0.9999999715975528,3.4904588943969515,7.060105181883301,27,2.7463771977293767,1.5118551889495293,4.263330503513357,469.6501027366683,7.771561172376095e-17,5.551115123125783e-18,0.9999999999480362,0.9999999998683227,0.6909115298372661,-0.012192878526382865,3.0423852445647626,1.3410566347271282,0.0,0.9999999584516324,3.8571798798968246,-0.7419971114193253,111,-0.00026082394958754974,-0.0011160511708228637,0.5119600998867142,1.0031975250512914e-14,0.9999999771966476,1.4239631515979656,1.2820018747767488,0.03294479429840339,99.99999543932955,-2.724602717846482,3.910412814674048
14.0,4.0,1.0,3.0,0.3250593471164317,499.9999708099007,-5.3290705182007515e-18,0.9999999708099002,3.75459304254521,7.308797323848738,28,2.6886576160040336,1.5654392747781203,3.21532066669452,473.245072353485,-1.6653345369377348e-16,-4.9960036108132046e-17,0.999999999948037,0.9999999998683374,0.6908459818896582,-0.012197549855535193,3.042731950608695,1.341076681611068,0.0,0.9999999564780854,3.830554444463389,-0.802773726138006,110,0.0012295302506323503,-4.036542326124909e-05,0.41011762858114054,-2.162714451969805e-15,0.9999999765265319,1.3871590842424526,1.0946538244064787,0.032680846823755175,99.99999530530644,-2.6860698894166415,3.767792200365333
14.0,5.0,1.0,3.0,0.3250593471164317,499.99997280196345,1.509903313490213e-17,0.9999999728019631,3.6767227548355264,7.2207667030801845,28,3.0513830257205976,2.7310490964668053,10.42091688638518,443.65287699916075,1.4432899320127036e-16,7.216449660063518e-17,0.999999999948039,0.9999999998683528,0.6909667547923732,-0.012198288462487427,3.042893114787617,1.3410876713313291,-1.0658141036401502e-16,0.9999999578363861,3.995112710056896,-0.7802309512718155,111,-0.00013471164526954266,0.0012554097469842185,0.2955756465917929,7.047695760320493e-15,0.9999999769254215,1.47589732728339,1.47589732728339,0.0329951539823629,99.99999538508433,-2.702057231357613,3.921068500984619
14.0,6.0,1.0,3.0,0.3250593471164317,499.9999723142985,-3.552713678800501e-18,0.9999999723142982,4.276892577292068,8.10678258706421,28,2.947016626803486,3.8264020250290973,7.157977281657959,459.65024106528017,-2.6645352591003756e-16,-7.494005416219807e-17,0.9999999999480378,0.9999999998683256,0.690879503099034,-0.012198953641603005,3.042281452689164,1.3410446188804392,0.0,0.9999999566348902,3.9436432435436672,-0.6544417107628219,112,-0.000604461121713483,0.0007617243124275171,0.39776973222951284,3.779199175824033e-15,0.9999999768820269,1.440392992787449,1.2885792352676309,0.032970514381167576,99.9999953764054,-2.6727384483188033,3.8338081314943953
14.0,7.0,1.0,3.0,0.3250593471164317,499.9999723305592,0.0,0.9999999723305588,3.7785070873976783,7.469845293492453,28,3.0226101768521856,5.037587712754686,8.28205965074676,450.37262873502465,1.1102230246251565e-16,-3.3306690738754695e-17,0.999999999948039,0.999999999868332,0.6908055877418937,-0.012201803361123871,3.0430510518684573,1.3410544171158594,-7.105427357601002e-17,0.9999999564363133,4.155413574333496,-1.1971368372364035,113,0.002286960080183788,0.00077408103682781,0.28994130949234176,6.550315845288424e-16,0.9999999771809157,1.3542384040645887,1.3159401041069678,0.0330387173038908,99.99999543618321,-2.659078364420261,3.693464940165038
14.0,8.0,1.0,3.0,0.3250593471164317,499.9999720830142,8.881784197001253e-19,0.9999999720830138,3.709682095171074,7.12968778989411,27,2.957636246997761,4.222950820592988,10.019963189384733,449.1314707037652,-1.2212453270876723e-16,-8.326672684688674e-17,0.9999999999480381,0.9999999998683383,0.690973822815207,-0.012197687252465426,3.042780644319247,1.3411151018488956,7.105427357601002e-17,0.999999963314632,3.97604557250948,-0.6918487350931205,111,-0.0004037350022804692,-0.0009687280535867218,0.408856933337745,-1.6500134591979077e-14,0.9999999772167764,1.307053511229331,0.9912145393951484,0.03270696822297908,99.9999954433553,-2.647443853701065,3.5874080809388924
14.0,9.0,1.0,3.0,0.3250593471164317,499.9999722330786,-5.3290705182007515e-18,0.9999999722330782,3.697725139819445,7.375151951268505,28,2.966041177139296,3.8974053841381706,7.5513811563725906,452.54859841790335,7.771561172376095e-17,1.3877787807814457e-16,0.9999999999480415,0.9999999998683513,0.6909978141893637,-0.012199114826462352,3.0429001592780436,1.3410910424295601,3.552713678800501e-17,0.9999999552294868,4.1945109126345805,-0.8818075236445863,112,0.0035953944897903806,0.0019525012924547047,0.3500237344140018,-5.10702591327572e-15,0.9999999761289351,1.4656031713157716,1.1638881237409826,0.032942048495067974,99.99999522578709,-2.7104523797582,3.8637591074089443
15.0,0.0,0.0,0.0,0.0,499.99996002016417,5.3290705182007515e-18,0.9999999600201633,3.5664576445232026,7.276084256742997,28,2.8086323045197,1.5787667608207392,5.230325714566266,462.4886679250868,-2.2204460492503132e-17,-2.7755575615628915e-18,0.9999999999631576,0.9999999999034397,0.6723620492718644,-0.011984936953742696,3.072804377171335,1.3594426345912363,1.0658141036401502e-16,0.9999999591102501,4.018918981442261,-0.5979268589216254,107,-0.0003323960800208725,0.0012109466291521198,0.2850500660465016,-1.921351966416296e-14,0.9999999639706272,1.449918643872392,1.0093702173942565,0.03186829991603554,99.99999279412557,-2.623148889138074,3.944622366942899
15.0,1.0,0.0,0.0,0.0,499.99996182233673,-8.881784197001253e-18,0.999999961822336,3.729709651945033,7.720046092293238,28,3.341266124905907,9.277795501688178,15.262540426832354,430.4073438973227,-2.4424906541753446e-16,-1.8596235662471373e-16,0.9999999999634689,0.9999999999041312,0.6793131992489838,-0.011948456809046364,3.0735444137628223,1.3600983146307863,7.105427357601002e-17,0.9999999539517853,3.8729465160328873,-0.6887111179091946,107,-0.0024921725680267493,2.432319906448599e-05,0.3790987309865841,1.7224000004034677e-14,0.9999999638001436,1.403686958148609,1.403686958148609,0.030509913792303247,99.99999276002885,-2.5179482833551687,3.9179767602650504
15.0,2.0,0.0,0.0,0.0,499.9999594073995,-1.3322676295501878e-17,0.9999999594073987,3.6780975722910623,7.370402964773826,28,2.770993570217705,2.5077475693082074,4.378326216185475,462.8917321849074,-2.6645352591003756e-16,3.3306690738754695e-17,0.9999999999634431,0.9999999999040786,0.6787260782791952,-0.011953268970320839,3.073788436986731,1.3600321217040308,-5.329070518200751e-17,0.9999999565446593,3.932207191264135,-0.6929356524565984,108,0.0006638241807312784,-0.0018438951654893621,0.3730697001501859,3.022027073029676e-15,0.9999999646444544,1.7082581088112938,1.1954702317062578,0.03141097441202017,99.99999292889098,-2.5558518802820127,4.203321501103838
15.0,3.0,0.0,0.0,0.0,499.9999640581691,-3.552713678800501e-18,0.9999999640581685,3.393551116938789,7.305078601197481,28,3.3778846195002075,8.361086929149524,14.329567762602297,425.86474468751294,-1.6653345369377348e-16,2.7755575615628915e-18,0.9999999999629422,0.9999999999029554,0.6675589499606916,-0.012010192222702708,3.0715004209684054,1.358990257851438,-5.329070518200751e-17,0.9999999606344855,3.965377519316821,-0.5756587187074884,107,0.0007890800393166908,-0.0002762750102886086,0.39135643372899764,2.2752910666667958e-14,0.9999999652380682,1.415535982697148,1.2133083122106665,0.031062462444557938,99.99999304761373,-2.4237166138800457,3.9429798795249216
15.0,4.0,0.0,0.0,0.0,499.9999618501555,1.2434497875801754e-17,0.9999999618501547,3.6103251783356183,7.409166247434275,28,3.2105772690911385,5.44320613987951,12.513017331909838,434.00237926730426,1.2212453270876723e-16,-1.1657341758564144e-16,0.9999999999631871,0.9999999999035057,0.6729541733533805,-0.011981284847755071,3.0723393541423465,1.3594902143975163,1.7763568394002505e-17,0.9999999583071121,3.934138453185664,-0.6915141810431806,107,0.0015644333024276303,0.0004868992928619942,0.34312269154537844,1.574296248918472e-15,0.9999999637421432,1.347845689907104,0.9881531326073768,0.031796560312230306,99.99999274842872,-2.6248265683406498,3.9509875474123026
15.0,5.0,0.0,0.0,0.0,499.999960458033,-5.3290705182007515e-18,0.9999999604580322,4.261427476836267,7.843311893276493,28,3.1577275814224186,5.626395377134264,9.6191604452005,451.0046815831797,-1.554312234475219e-16,-1.9428902930940238e-17,0.9999999999631175,0.9999999999033473,0.6713746499558051,-0.011990710642867749,3.072116997824051,1.3593486475090755,7.105427357601002e-17,0.9999999531008266,4.024792924378025,-0.6563890769187163,106,-0.0002895628771080394,-0.0010136704229756594,0.36615128666975494,2.1893598045608086e-14,0.9999999637414039,1.673920589977412,0.9157420127953402,0.031149104453634953,99.99999274828092,-2.5920547624535866,4.188785195999255
15.0,6.0,0.0,0.0,0.0,499.9999624267993,1.0658141036401503e-17,0.9999999624267986,3.521220987963868,7.107908126332353,28,3.2028743133254993,7.795492327933877,10.772212069984635,442.9423177122683,-1.7763568394002506e-16,1.4988010832439614e-16,0.9999999999624769,0.9999999999019226,0.6577127604271651,-0.012059813855757391,3.069736923686381,1.358019068871677,3.552713678800501e-17,0.9999999614621145,3.977948202532236,-0.7800778447032027,108,-0.0002753711973576384,0.0021264414331890625,0.24421288205724778,-7.756018050031344e-15,0.9999999657999344,1.549577749118265,1.372595416934218,0.031278641221306844,99.999993159987,-2.54650453966093,4.035702154666623
15.0,7.0,0.0,0.0,0.0,499.9999620366981,-1.0658141036401503e-17,0.9999999620366974,4.102468240880218,7.67306421527543,28,3.1675691235331254,5.416274432661335,11.327008874541814,443.03954968426683,-1.7763568394002506e-16,8.049116928532385e-17,0.999999999962926,0.9999999999029237,0.6672191849095899,-0.012012934322435073,3.071560120853368,1.3589502136236882,3.552713678800501e-17,0.9999999556552528,3.9484960839724224,-0.8784938757343231,109,0.002567415488794528,0.0020093521881066447,0.18507860210507943,2.1436186159462524e-14,0.9999999648913767,1.3053096387229282,0.6996865889479199,0.03152856956634606,99.99999297827546,-2.5790812569953023,3.7832068044561646
15.0,8.0,0.0,0.0,0.0,499.9999625953301,1.9539925233402754e-17,0.9999999625953294,3.562160672689975,7.415793086486993,28,3.389118864125792,7.908662167654708,16.56816798759062,436.02930774114213,6.661338147750939e-17,8.326672684688674e-17,0.9999999999627203,0.999999999902458,0.6627407764725584,-0.012034837317108443,3.0707796240890626,1.3585113394143353,-3.552713678800501e-17,0.99999996303036,3.9691829605875983,-0.859991562889899,107,0.0035964893313918107,0.0034904737979064827,0.30248909646173416,5.517808432387028e-15,0.9999999660440364,1.3259751274074878,1.006278909169517,0.031891953329155016,99.9999932088074,-2.6069109380645292,4.053891601903887
15.0,9.0,0.0,0.0,0.0,499.99996020994547,7.549516567451065e-18,0.9999999602099446,3.5792203037876646,7.263957138848593,28,3.007279468211263,5.922796986809884,9.109216765955136,444.12370759622206,-5.551115123125783e-17,4.4408920985006264e-17,0.9999999999635522,0.9999999999043107,0.6812141378680474,-0.011936382920379946,3.0741270944819297,1.360275253288319,1.7763568394002506e-16,0.9999999577343015,3.858819810463805,-0.7014382397467682,108,-0.0019464384532543776,-0.001731466337839856,0.5086195287536768,8.553158181712207e-15,0.9999999647600445,1.519889674917282,0.9898715950176784,0.03235300683728776,99.999992952009,-2.5998825430731523,3.753469417849296
16.0,0.0,0.0,0.0,0.0,499.9999628863353,-3.552713678800501e-18,0.9999999628863346,3.708489131162661,7.322899915174872,25,2.725929252311718,1.6694474774666497,4.018652680225292,465.67576198574784,1.4432899320127036e-16,-5.2735593669694933e-17,0.9999999999675862,0.9999999999150283,0.6731997727055887,-0.011980325120723403,3.0722358365658864,1.3595196858102976,-8.881784197001253e-18,0.9999999586651143,3.973097149656832,-0.563558075608011,94,-0.00022373429321601135,0.0021858104464410042,0.28773485305130997,1.3278267374516873e-15,0.9999999676076933,1.410052572938185,1.2313765139264856,0.031213031305305845,99.99999352153878,-2.593833364736046,4.217236306825508
16.0,1.0,0.0,0.0,0.0,499.99996254526127,1.0658141036401503e-17,0.9999999625452606,3.6165136679246914,7.3891066245708314,24,3.1481846141130063,5.730731219441159,12.094300739921362,435.95285835939535,-1.6653345369377348e-16,-1.3877787807814457e-17,0.9999999999678859,0.9999999999156948,0.680856910327611,-0.011940329510635735,3.0737331571101016,1.3602435434491393,1.0658141036401502e-16,0.9999999579033869,4.058087985384072,-0.7145530539163304,93,0.0003933436731590945,0.0013710963126765433,0.3484629450026606,1.7639223415244487e-14,0.9999999673877894,1.55166172475011,1.0031447227539132,0.03156886294535206,99.99999347755796,-2.609947791542403,4.308501416141704
16.0,2.0,0.0,0.0,0.0,499.99996295197343,0.0,0.9999999629519727,3.8640763501664703,7.65972718856697,25,2.7295946192548555,1.370681131047459,4.430817627921593,470.41281263472814,-8.881784197001253e-17,-3.608224830031759e-17,0.9999999999672219,0.9999999999142163,0.6642633758926756,-0.012026935032780633,3.0712910806114384,1.3586797634194394,1.7763568394002505e-17,0.9999999585382068,3.9032160052289706,-0.6048210270500838,93,0.00039166267603530036,0.002629026279516637,0.2811122546436131,-8.29114554790067e-15,0.9999999702151171,1.426715777873642,1.2258093520177356,0.031150251571309656,99.99999404302353,-2.562940581122567,3.919873227461099
16.0,3.0,0.0,0.0,0.0,499.9999634657259,0.0,0.9999999634657252,3.9253727899079904,7.762567040275533,24,3.0927798413539787,4.6704375915857055,8.246258586008018,448.74899949929954,-4.4408920985006264e-17,3.053113317719181e-17,0.9999999999679613,0.9999999999158632,0.6827397883627107,-0.011929175441609617,3.073864972187333,1.3603939844172817,4.4408920985006264e-17,0.9999999526635369,3.963159294710336,-0.6271004408590385,93,0.0015950577657141652,-0.0010037423972248801,0.3611633607488898,1.458888565508687e-14,0.9999999679064399,1.3321979435290456,0.4441619207234689,0.031289468536200814,99.99999358128807,-2.5644918387485225,4.084154414943331
16.0,4.0,0.0,0.0,0.0,499.9999638577535,-6.217248937900877e-18,0.9999999638577529,4.059359687688969,7.875969507458049,25,3.0065648547341586,4.538967677602473,7.1928624977275515,458.7453138498689,1.554312234475219e-16,-2.7755575615628915e-18,0.999999999966949,0.9999999999136167,0.6579127590671037,-0.01205999721023159,3.0695521860991497,1.3580527899674368,6.661338147750939e-17,0.9999999568985325,4.028226015653637,-0.8863053985604525,94,0.0042111369694225265,-0.007031639255439282,0.49090368306352694,-1.5643042416968456e-14,0.9999999710881656,1.6154262554130925,1.3416948922042045,0.03158339323406713,99.99999421763322,-2.6116598329504894,4.225125501366561
16.0,5.0,0.0,0.0,0.0,499.9999656719636,1.687538997430238e-17,0.999999965671963,3.620691092358127,7.4735077175484825,25,3.2024288705109103,6.610198250473554,11.343279478080316,444.82170738818763,3.3306690738754695e-17,-8.604228440844963e-17,0.9999999999670403,0.9999999999138139,0.659957436010087,-0.012048280195437097,3.0705061064927746,1.358246636873357,3.552713678800501e-17,0.9999999602941859,4.055828024475522,-0.8454597100278298,93,-0.0013121010349265584,0.00015585551056031933,0.3016805784339951,6.306066779870889e-16,0.9999999695178641,1.3239426071941025,1.2227189606902462,0.032109440191980615,99.99999390357291,-2.6016835694222076,4.026711086838987
16.0,6.0,0.0,0.0,0.0,499.9999629544867,-1.0658141036401503e-17,0.999999962954486,3.5372086697933813,7.6694023741548065,24,2.993736935747884,3.7798520434217955,7.577495061415453,457.7499775422908,1.1102230246251566e-17,-9.159339953157541e-17,0.9999999999677495,0.9999999999153958,0.6772754849002117,-0.01195662416739823,3.0732032189720293,1.3599127993229663,-1.7763568394002505e-17,0.9999999563792854,3.920777158319754,-0.9618968825083836,92,-0.00039865595727062164,0.00032398903581840196,0.2868011219936957,1.3180567748349858e-14,0.9999999690353187,1.3170483220311933,1.1997551406768143,0.03176041485996491,99.99999380706382,-2.5464016171883403,3.868550861687363
16.0,7.0,0.0,0.0,0.0,499.9999635722286,-1.7763568394002505e-18,0.999999963572228,3.6130129966447546,7.443815549386921,25,3.048238983350348,4.85972938781144,8.803723833232281,453.838992522916,-1.4432899320127036e-16,2.636779683484747e-16,0.9999999999674763,0.9999999999147834,0.6704506028769419,-0.011994767537355157,3.0721353455373905,1.3592659831015919,1.5987211554602254e-16,0.9999999592571944,3.7177260299988433,-0.740884292415318,92,-0.0036064761295770986,0.0017374023460766195,0.4396348172622453,-5.406786129924513e-15,0.9999999682715008,1.1249402469674403,1.03092359398579,0.03161095672975086,99.99999365430025,-2.5639403504540903,3.900107211198565
16.0,8.0,0.0,0.0,0.0,499.9999628297825,-3.552713678800501e-18,0.9999999628297818,3.310382924917377,7.077299787701233,24,3.0979203839937757,4.392215909444574,9.658019351093502,443.6110344628011,-1.7763568394002506e-16,4.163336342344337e-17,0.9999999999679492,0.9999999999158414,0.6824383720376423,-0.011927151974185366,3.074649250184277,1.3603865274419937,-2.6645352591003756e-17,0.999999955768595,3.926813917495156,-0.7876504669891294,93,0.0008523279965952612,0.0015196935488322354,0.3432499119406689,-4.54081217071689e-16,0.9999999676870279,1.4880344460560364,0.8141458736220372,0.031247246181013415,99.99999353740569,-2.5553169228224735,3.9888293058227973
16.0,9.0,0.0,0.0,0.0,499.9999627328805,-7.105427357601002e-18,0.9999999627328798,3.9872246229896864,7.488958230887093,24,3.1567225816592748,5.334237746438486,10.837065775226437,443.75789600000957,1.554312234475219e-16,-2.331468351712829e-16,0.9999999999680982,0.999999999916169,0.6864226292062104,-0.011907647064084004,3.07489154563442,1.3607423549068574,1.1546319456101628e-16,0.9999999612359903,3.678844215802453,-0.8406086671015686,96,0.002952671000029796,0.0024323570598346923,0.5228747291024387,4.4009240696141206e-15,0.9999999674328794,1.2646119223456247,1.08297173995644,0.03193685855706231,99.99999348657599,-2.64818933961003,3.9167441226297037
17.0,0.0,1.0,1.0,0.2515158661941032,499.9999709885261,4.440892098500626e-18,0.9999999709885257,3.896928788212991,7.929404972627427,29,2.8032953607516156,2.000977876608906,5.199154183424034,467.9414996228162,1.9984014443252818e-16,1.637578961322106e-16,0.9999999999533825,0.9999999998789221,0.6276934853526764,-0.012185145959297084,3.064495015494065,1.3548036264828844,8.881784197001253e-17,0.9999999567564654,4.107156221275639,-0.7620917973438358,105,0.002130303730249099,0.0004769427122049369,0.2376840113646672,9.531264666406968e-15,0.9999999701934562,1.3827152406684025,0.9437235246951708,0.03244906463187815,99.99999403869134,-2.651020064317092,3.9970428450762405
17.0,1.0,1.0,1.0,0.2515158661941032,499.9999710072129,-8.881784197001253e-19,0.9999999710072125,3.817968689527934,7.743345059148798,29,2.724201503492477,1.7708885753003119,4.685430546779099,467.7749232060165,-1.7763568394002506e-16,-5.828670879282072e-17,0.9999999999533832,0.9999999998788887,0.6276379984233029,-0.012183946111653002,3.06411226685193,1.3547921127301472,3.552713678800501e-17,0.9999999570744766,3.8331979766988256,-0.8902795973928176,104,-0.00363696253359588,0.0022927707101847274,0.36769604050651594,2.014166611274959e-14,0.9999999704833868,1.3737915064671142,1.130247768309055,0.031898026811314865,99.99999409667744,-2.6514195842938144,3.867781222276709
17.0,2.0,1.0,2.0,0.2515158661941032,499.9999746104598,3.552713678800501e-18,0.9999999746104595,3.6690669946830017,7.288371306701604,30,2.8109354872400196,3.7626606189601235,5.433867654348928,461.02109432912914,4.4408920985006264e-17,-1.0547118733938987e-16,0.9999999999468583,0.9999999998637553,0.7311790579126309,-0.012281028812377331,3.053754298582816,1.3478685628060725,-7.105427357601002e-17,0.9999999582700619,3.914351646182648,-0.7517068152942101,109,0.0002731171475204902,-0.0006170931477121639,0.39043679111936314,-1.1651790643441018e-14,0.9999999752035442,1.6008651487221446,0.8344509686074041,0.032471173202037525,99.9999950407089,-2.652782221959005,4.046476031820976
17.0,3.0,1.0,2.0,0.2515158661941032,499.99997505681836,1.7763568394002505e-18,0.999999975056818,3.890147789419197,7.645995793494875,30,2.7814155037186126,2.0844562316800297,4.544131138940196,465.65803974803106,-6.661338147750939e-17,-8.326672684688674e-17,0.9999999999468595,0.9999999998637659,0.7312281111278288,-0.012282171117176183,3.0537584596480998,1.3478862070235238,8.881784197001253e-17,0.999999955927234,3.954330198070345,-1.0221720442904063,106,-0.003538123072274081,-0.002593542197007147,0.34364331966909134,-2.5379698342931078e-15,0.9999999746067777,1.3571609050201656,1.3049079492363231,0.03250731556298768,99.99999492135562,-2.626056304864366,3.7147378765431975
17.0,4.0,1.0,2.0,0.2515158661941032,499.99997435015854,-1.7763568394002505e-18,0.9999999743501582,3.687740553276466,7.597846234769765,30,2.605873960636525,0.8648279233525332,1.8776848700762396,475.28611766382926,2.331468351712829e-16,2.2204460492503132e-17,0.9999999999468585,0.999999999863747,0.7311106030167438,-0.012282417365060685,3.0535277020756997,1.3478564248409441,3.552713678800501e-17,0.999999963346424,3.885541058621183,-0.6484933568961775,108,0.00015320900121632618,0.0025054639405977554,0.27571788386192964,1.0409451078885468e-14,0.9999999751413564,1.4522214766371544,1.0916880880243869,0.03235112575245457,99.99999502827136,-2.646412549388509,4.005409309616188
17.0,5.0,1.0,2.0,0.2515158661941032,499.9999747242938,5.3290705182007515e-18,0.9999999747242935,4.025308426662003,7.9748104343070905,30,2.725958058141395,1.9513046752195706,3.2179803392033266,467.2492946009768,1.6653345369377348e-16,8.326672684688674e-18,0.9999999999468596,0.999999999863741,0.7312855155724186,-0.012278365707991281,3.053314039395057,1.3478863521607563,7.105427357601002e-17,0.9999999613410557,3.870591412908626,-0.8361204779462472,109,-0.00016836843996102967,8.719403965364775e-05,0.37146558821252995,8.534284390293579e-15,0.9999999745026451,1.4537074793106302,0.9246163614147838,0.032639889895084824,99.99999490052909,-2.6689712911010592,3.7968098687677285
17.0,6.0,1.0,2.0,0.2515158661941032,499.999974623561,-3.552713678800501e-18,0.9999999746235607,3.7313336711589256,8.012734478214314,30,2.784831247656844,1.8140796715015037,4.809689054954681,468.1187877906403,9.992007221626409e-17,9.992007221626409e-17,0.9999999999468591,0.9999999998637481,0.7311894600640947,-0.012282377772841725,3.0536093439506415,1.3478685142662976,7.105427357601002e-17,0.9999999593707085,3.821078190648239,-0.8241139241953783,108,-0.00032078137950986686,-0.0009840871937241247,0.27305890874303174,-1.3037348978173214e-14,0.999999974873078,1.2481328642628997,0.9643929218407374,0.03281358738404348,99.99999497461565,-2.687821697545552,3.676161922330409
17.0,7.0,1.0,3.0,0.2515158661941032,499.99997719098565,8.881784197001253e-18,0.9999999771909854,3.914644660741568,7.645926219936506,31,2.68512794182838,2.56699461801162,3.146508038944035,469.01645287316103,0.0,-9.71445146547012e-17,0.9999999999389089,0.9999999998451818,0.6909093975854685,-0.012194567379879147,3.042264587391338,1.3410467449290473,0.0,0.9999999575535277,3.968397932063895,-0.7647842070491429,111,-0.0004542003843014794,0.0008653699134921774,0.3532753012609291,-5.206945985491984e-15,0.999999977816427,1.459901894823575,1.2415070830001027,0.033069526987712504,99.99999556328545,-2.70152495659121,3.9316878764487635
17.0,8.0,1.0,3.0,0.2515158661941032,499.99997745733145,7.105427357601002e-18,0.9999999774573312,3.730254446285118,7.629314927514003,31,2.5855440008160135,0.7198196263823545,1.844363754670143,477.4216851324054,1.554312234475219e-16,2.7755575615628915e-18,0.999999999938904,0.9999999998452164,0.6909077664973081,-0.012198981262700198,3.043192238010641,1.3410591097215199,-7.105427357601002e-17,0.9999999544300134,4.027878714472006,-0.8223395785046039,111,0.0009806259912318465,-0.002730594138047832,0.4466361851057883,2.355005079834882e-14,0.9999999776039291,1.3289083144180962,1.3289083144180962,0.033145896959878386,99.99999552078586,-2.6739055934212006,3.6546884145524277
17.0,9.0,1.0,3.0,0.2515158661941032,499.99997765212515,-3.552713678800501e-18,0.9999999776521249,3.726488526869524,7.329482799931991,31,2.709725180271274,1.5602628504029612,3.1057767871054778,472.4206032320266,-8.881784197001253e-17,-2.1094237467877973e-16,0.9999999999389079,0.9999999998451764,0.6909242955762552,-0.012197042627778551,3.0429009612265276,1.3410439635145939,7.105427357601002e-17,0.9999999515701152,3.989378852582215,-0.6441270340092973,113,-0.0009603999307122257,0.0028838176991146077,0.16149705215539711,-4.3653969328261155e-15,0.9999999782110681,1.3193087955523837,1.3123082270143769,0.03313291797956458,99.99999564221365,-2.691147863209677,3.6791267365527647
18.0,0.0,1.0,1.0,0.3775107942486975,499.9999727307825,-1.4210854715202004e-17,0.9999999727307821,3.8012386818871264,7.338728039220314,24,2.679648190893801,1.45404947880413,2.744425717756822,473.39450134285306,-8.881784197001253e-17,7.216449660063518e-17,0.9999999999646844,0.9999999999082761,0.6277417306334339,-0.012183699465277108,3.0645760145004495,1.354812784927184,-1.4210854715202004e-16,0.9999999568140621,4.114538334947568,-0.951178778060843,104,-0.0014232476080006285,-0.004177861951466095,0.5171603993693736,7.298606163885779e-15,0.9999999721990409,1.2147468321391537,0.5990743764734207,0.03226345809165031,99.99999443980825,-2.619716422626071,3.6282286477341836
18.0,1.0,1.0,1.0,0.3775107942486975,499.999972686579,-7.105427357601002e-18,0.9999999726865786,3.596625581577759,7.351204699339384,24,2.6837474175432092,1.5892473969531504,3.66523323029164,474.8439642737024,-4.4408920985006264e-17,-2.2204460492503132e-17,0.9999999999646869,0.999999999908276,0.6277243654272034,-0.012184693380209766,3.0648401464929287,1.3548206272955656,1.5987211554602254e-16,0.9999999608393839,4.061270066921239,-0.6850622370001016,103,4.997946772433481e-05,0.0023255534674773946,0.48512459242222405,1.788569292671127e-14,0.9999999716761624,1.3033027628721008,1.1834658347969016,0.03262741016851017,99.9999943352326,-2.662637879351462,3.816919375800963
18.0,2.0,1.0,1.0,0.3775107942486975,499.999972885698,-1.0658141036401503e-17,0.9999999728856976,3.987038700185431,7.742842685691851,24,2.8026664084218984,2.9976921414750803,4.134193506373446,470.3054435049135,5.551115123125783e-17,7.494005416219807e-17,0.9999999999646857,0.9999999999082752,0.6277795902688278,-0.01218293081608299,3.0641510826723835,1.3548207994188932,1.5987211554602254e-16,0.9999999562541375,4.045637055159429,-0.6967803760019669,104,-0.00028831523971851515,-0.00022732463048573016,0.37726179782815095,1.0036416142611414e-15,0.9999999713944999,1.2925017134612362,1.0822469471515537,0.032192740218203626,99.99999427890009,-2.628073579826155,3.933466455960768
18.0,3.0,1.0,1.0,0.3775107942486975,499.99997266856735,-3.552713678800501e-18,0.999999972668567,3.646857616363122,7.292552059847878,24,2.6971656474308965,1.2175266213163647,3.689549732817268,469.95519933552094,-2.2204460492503132e-17,-1.8596235662471373e-16,0.9999999999646866,0.9999999999082712,0.6277008185109811,-0.012182553657610005,3.0643405720520365,1.354816913057556,-3.552713678800501e-17,0.9999999593051523,3.9711745622068415,-0.9696935877593166,104,0.0005205744068081952,0.004132885361014511,0.32224830840907615,7.551737013500314e-15,0.9999999734507606,1.4097472129863955,1.0238070393277934,0.03194510290040975,99.99999469015219,-2.626279006357387,3.7335507604347824
18.0,4.0,1.0,2.0,0.3775107942486975,499.9999767984974,0.0,0.9999999767984972,3.590105559704641,7.2009714855502835,25,2.595112237065172,0.5961331076899293,1.669611620651976,473.0289686116419,-9.992007221626409e-17,-9.43689570931383e-17,0.9999999999618283,0.9999999999021286,0.7312708880671461,-0.012282381850088448,3.053527314015281,1.3478910540395346,1.7763568394002505e-17,0.9999999539974209,3.956946981054124,-1.082930405419542,107,0.001882481356202389,-0.004150136769941321,0.3480328413760603,1.7965628984484282e-14,0.9999999754684168,1.409067323757402,1.0069923491744677,0.03259932110222898,99.99999509368342,-2.610246796365537,3.8937342099531307
18.0,5.0,1.0,2.0,0.3775107942486975,499.9999768791679,0.0,0.9999999768791676,3.878800654209456,7.454528725176016,25,2.611463260985722,1.148305184973815,1.8162959456410055,473.9327317060557,1.1102230246251566e-17,1.4155343563970745e-16,0.9999999999618283,0.9999999999021357,0.7312724199813421,-0.012284002398717433,3.0537766866218155,1.3478917122934058,7.105427357601002e-17,0.9999999588698973,4.188797277201175,-0.8831835834881966,107,0.0011123321283861732,-0.0032942307128103936,0.477490895801175,-1.2532197501968767e-14,0.9999999755390946,1.380442158314479,1.380442158314479,0.032775558237993906,99.99999510781898,-2.685765017191703,3.8599820978929467
18.0,6.0,1.0,2.0,0.3775107942486975,499.99997695159175,-2.1316282072803006e-17,0.9999999769515915,3.679188058151345,7.393596000362504,25,2.5749240983816346,0.6618087850113437,1.3055675582635058,472.3714684562482,2.4424906541753446e-16,2.2204460492503132e-17,0.9999999999618298,0.9999999999021264,0.7312393789923564,-0.012283699588502891,3.053786041690325,1.3478880854708708,1.7763568394002505e-17,0.999999960243985,3.878339496200073,-0.6368638504889945,107,0.0015220156936024565,-0.0008420683668672789,0.3825309050575143,-1.2656542480726785e-14,0.9999999755914338,1.3814033626746314,0.8175090465472676,0.032772258382209526,99.99999511828679,-2.6817111218700482,3.7544097245510115
18.0,7.0,1.0,2.0,0.3775107942486975,499.99997693203716,-1.7763568394002505e-17,0.9999999769320369,3.7996054488441913,7.435555372510256,25,2.6200600635787676,1.0126115175806605,2.0675151833539287,474.8802836959925,0.0,-1.3322676295501878e-16,0.9999999999618296,0.9999999999021375,0.7312618481397226,-0.012282139943155504,3.0535576670479285,1.3478869676407847,1.2434497875801754e-16,0.9999999546271724,4.08929161947961,-1.194918722180265,106,0.0006960198241196908,0.0007017920526004051,0.11895289891258187,-5.755396159656812e-15,0.9999999755616144,1.383789597974041,1.012390205971219,0.032797198930117566,99.99999511232292,-2.653939615912365,3.9605377039137353
18.0,8.0,1.0,3.0,0.3775107942486975,499.9999798999406,-1.0658141036401503e-17,0.9999999798999404,3.733527926944552,7.510779942727016,26,2.610686774448954,0.8423764371447618,1.9102517286736085,475.44403341028294,1.554312234475219e-16,-5.2735593669694933e-17,0.9999999999586987,0.9999999998953415,0.6908985429572313,-0.012197023834735124,3.0426381560064915,1.3410546108243693,7.105427357601002e-17,0.9999999557457241,4.05974384482635,-0.8201460506486529,108,-0.001348470875086596,-0.003311568062727267,0.47430666061704585,-2.1826984664130578e-15,0.9999999782088148,1.4755136724860385,1.0749625065892945,0.03306447987265357,99.99999564176301,-2.7215975374553265,3.9685212798944276
18.0,9.0,1.0,3.0,0.3775107942486975,499.999980350599,-1.0658141036401503e-17,0.9999999803505988,3.896512703453464,7.561043925488183,27,2.7633831428986078,2.8281942030382234,3.910416967670741,465.747620151536,1.1102230246251565e-16,1.0824674490095276e-16,0.999999999958697,0.999999999895331,0.6909490734795077,-0.012196633379460637,3.0425411038502665,1.3410684763640917,-1.4210854715202004e-16,0.999999958343821,3.8845531928606616,-0.9143451798828646,110,0.0008494401245967776,-0.0014776650542439678,0.36400566291999326,-1.0533796057643485e-14,0.9999999778819169,1.3110527272113213,1.1044344305793763,0.03323560789874244,99.99999557638341,-2.6856067445402347,3.627586095279608
19.0,0.0,1.0,1.0,0.147708075040411,499.9999662403933,1.0658141036401503e-17,0.9999999662403927,3.346266135209793,7.175821646145378,29,3.095299816112398,4.498333370023134,9.526844172486362,453.68270932145117,6.661338147750939e-17,4.9960036108132046e-17,0.9999999999664959,0.9999999999129754,0.6277445690732446,-0.01218306766042108,3.0642480741696327,1.3548235184982844,8.881784197001253e-17,0.9999999477569994,3.989260963249945,-0.8238854361378934,101,0.001709482499064001,-0.0013204347283550513,0.37019510801374267,3.792521852119534e-15,0.9999999746447225,1.5791956429000766,0.7793441447922645,0.03235839218721858,99.99999492894453,-2.609528886594105,4.145386680480186
19.0,1.0,1.0,1.0,0.147708075040411,499.9999669255059,-7.105427357601002e-18,0.9999999669255053,3.653565308308028,7.3188143906425704,28,3.1363276273664344,4.979588088981919,9.172308500484325,444.90027197416043,-6.661338147750939e-17,1.6653345369377347e-17,0.9999999999664962,0.999999999912976,0.6276441269289433,-0.012184199584840547,3.0646045501415564,1.354802235205629,-8.881784197001253e-17,0.9999999569838226,3.964554908520464,-0.5890551114330229,100,-0.0003327837184729532,-0.00045223871448749536,0.3538641990311895,-2.396527420955863e-14,0.9999999748323396,1.421567872345569,1.1230639412977323,0.03242913641476873,99.99999496646798,-2.6738783783582485,4.006988375995453
19.0,2.0,1.0,1.0,0.147708075040411,499.99996683989076,1.4210854715202004e-17,0.9999999668398902,3.443882575878339,7.249639141436522,28,3.059821933915166,5.5790779815192195,8.452462026844577,451.3707233921085,1.1102230246251566e-17,6.661338147750939e-17,0.9999999999664954,0.999999999912976,0.6277280226207005,-0.012182049724742268,3.0642531863018387,1.35481183884558,3.552713678800501e-17,0.9999999604514314,3.9302169062232006,-0.8963428397649368,102,-0.000681065025100418,0.0027610785376523976,0.33477865553722097,-1.2192469256433468e-14,0.9999999744013044,1.3198927160246527,0.9234061891042904,0.032212020947406605,99.99999488026094,-2.6811034624425614,4.061553472577177
19.0,3.0,1.0,2.0,0.147708075040411,499.9999716735175,-8.881784197001253e-18,0.9999999716735171,3.920994558997167,7.571961586211413,29,2.98091630314863,2.956221160981799,9.580441597426834,456.066216175655,1.6653345369377348e-16,-2.4980018054066023e-17,0.9999999999632269,0.9999999999057172,0.7312973017569704,-0.0122809609272059,3.053431753136342,1.34788268045897,-3.552713678800501e-17,0.9999999575580323,3.926782351333118,-0.7859133605423182,105,-0.0005199397137688288,-0.0018615186208111166,0.6297648398041851,7.769340726326846e-15,0.9999999786237174,1.3182642222576335,1.3182642222576335,0.032365217589446056,99.99999572474351,-2.6448312287593723,3.767621810071759
19.0,4.0,1.0,2.0,0.147708075040411,499.9999703263192,-1.7763568394002505e-18,0.9999999703263188,3.692238896392255,7.647614472863804,30,2.848895763977289,2.4198282555684503,5.2386749462329885,463.76068733262287,8.881784197001253e-17,-4.718447854656915e-17,0.9999999999632277,0.9999999999057202,0.7312766003783936,-0.012280579115571793,3.0534116054164735,1.3478743797845865,5.329070518200751e-17,0.9999999561334573,3.922126186294407,-0.8579553543943107,103,0.0028652565674463994,-9.25750381688134e-05,0.4102929947603826,-9.71445146547012e-15,0.9999999779435441,1.468348549451766,1.2681884033531496,0.03301108121243194,99.99999558870887,-2.6766590545615925,3.793557668775526
19.0,5.0,1.0,2.0,0.147708075040411,499.99997056468465,5.3290705182007515e-18,0.9999999705646843,3.868567507499,7.95499054521561,30,2.881951843871879,2.682584756456034,6.252383965532547,456.46785492346237,8.881784197001253e-17,7.494005416219807e-17,0.9999999999632289,0.9999999999057219,0.7312834412011406,-0.012280404993939214,3.0535525163029797,1.347877749145535,-5.329070518200751e-17,0.9999999622098534,3.931752095634433,-0.8308210550283672,103,0.0031757023614446835,0.00043399511853939613,0.34847789900680937,7.683853553430708e-15,0.9999999783251986,1.5115656519771483,0.8797654094004356,0.03276206866617526,99.99999566503979,-2.6748427850326433,4.088760715919323
19.0,6.0,1.0,2.0,0.147708075040411,499.999971130877,5.3290705182007515e-18,0.9999999711308766,3.618678354281771,7.511370047071033,30,2.9941051910988996,3.3655151595094357,7.949091660571589,460.1010634406242,-8.881784197001253e-17,-9.71445146547012e-17,0.9999999999632285,0.9999999999057122,0.7312515975165711,-0.012280154927194031,3.053326805532797,1.3478835859908327,1.5987211554602254e-16,0.9999999599790894,4.038995874087004,-1.259578981539446,106,-0.0025633757756997498,0.002907886128834677,0.18177580143046157,-3.761435607430031e-15,0.9999999779846958,1.322000938641436,1.1379387657270246,0.0330218526503942,99.99999559693919,-2.6835662251266568,3.61939999430131
19.0,7.0,1.0,2.0,0.147708075040411,499.9999706379454,-1.4210854715202004e-17,0.999999970637945,3.7961793814079767,7.691546184732796,30,2.7200910046214,1.6066132441706928,3.887373004198413,471.93425141479474,-6.661338147750939e-17,-1.582067810090848e-16,0.999999999963228,0.9999999999057093,0.731275101362988,-0.012284827978323672,3.0536701072260235,1.3478951151610392,1.7763568394002505e-17,0.9999999610171911,3.925698351064291,-0.6372562818444487,104,0.0008500787500762241,-8.515116770907854e-05,0.3524047676457087,-1.2332357357536239e-14,0.9999999778008384,1.5245112740521851,1.205534482393195,0.03261166836015173,99.99999556016772,-2.6772271132002388,3.9908918657484858
19.0,8.0,1.0,2.0,0.147708075040411,499.99997102198483,4.440892098500626e-18,0.9999999710219845,3.588628376430909,7.170688728501982,29,2.938623483432038,3.019516251896377,7.876944792187356,458.5541590662148,1.7763568394002506e-16,-1.0547118733938987e-16,0.9999999999632282,0.999999999905724,0.7312857270284152,-0.012282040444425445,3.0537034082692633,1.3479016377785693,1.5987211554602254e-16,0.9999999502682313,3.852111682814967,-0.7092765851418072,105,-3.7800207914275854e-05,0.001554790535542977,0.32368724222200385,1.099120794378905e-15,0.9999999785091389,1.2909049977262204,0.9853299680188358,0.03245089891018499,99.99999570182783,-2.6802661916546286,3.7408297634770786
19.0,9.0,1.0,2.0,0.147708075040411,499.99997152607347,-7.105427357601002e-18,0.999999971526073,3.957303836794438,7.4326942631318484,29,3.0400878025697406,4.172692688539473,9.743536458231866,451.43899573183785,0.0,5.551115123125783e-18,0.9999999999632302,0.9999999999057282,0.7312310676796752,-0.012280898829383456,3.0533840530706935,1.3479039481555224,1.7763568394002505e-17,0.9999999578584741,4.185225513696561,-0.824624484256936,101,-0.003607491415254456,-0.000928088395392721,0.4735098350971114,-1.7650325645490738e-14,0.9999999781963562,1.3055977512259096,0.9902535961890062,0.03288912416727893,99.99999563927132,-2.681507723848123,3.7936706475819926
20.0,0.0,0.0,0.0,0.0,499.9999705697321,-7.105427357601002e-18,0.9999999705697317,3.84199941579686,7.642086785916741,23,2.62175953511051,1.3593633074528657,2.5303573663052994,474.48988029674206,0.0,-4.4408920985006264e-17,0.9999999999654372,0.9999999999089834,0.6982964769507171,-0.011837501637664371,3.0765197706717413,1.3618015802357142,-8.881784197001253e-17,0.9999999609701314,3.995560432270065,-0.8000925861045135,104,-0.0008324558168585216,-0.00011139747010043887,0.41739100117102623,-2.183808689437683e-15,0.9999999683265611,1.3257160236661818,0.9674592412123456,0.030884044645528127,99.99999366531232,-2.5358953515051534,4.156159611259486
20.0,1.0,0.0,0.0,0.0,499.99997164346036,-1.4210854715202004e-17,0.9999999716434599,3.8407651730633874,7.928823239539499,23,3.0719301263907535,4.40841256530748,8.735748137760742,449.54845107133394,1.887379141862766e-16,1.1102230246251566e-17,0.9999999999654352,0.9999999999089713,0.6983794262458283,-0.01183216129547574,3.077107494659013,1.3618026701550303,1.9539925233402755e-16,0.9999999575294612,3.9160103469884553,-0.9361880378581552,105,0.0013677982845168024,-0.0005582575708448567,0.44602841753715694,-2.1914692283075963e-14,0.9999999682089623,1.243784635881423,0.7763288898492295,0.031336491577065605,99.99999364179257,-2.641178874141992,3.901356361562935
20.0,2.0,0.0,0.0,0.0,499.99997071384047,-3.552713678800501e-18,0.9999999707138401,3.695165787660629,7.526689624724479,23,2.6704923561217306,1.2613937545712444,2.9141301343995445,471.75609423581176,1.6653345369377348e-16,-1.6653345369377347e-17,0.9999999999654354,0.9999999999089793,0.6983848478101689,-0.011833835603392304,3.077140394377904,1.3618097593654273,7.105427357601002e-17,0.9999999610282749,3.892698123909753,-0.739932551298058,104,0.0021142702704504512,-0.002927754526853531,0.4875311058883902,-6.63136212608606e-15,0.9999999688555319,1.3399051284341577,0.941045012802613,0.0318781421749421,99.99999377110646,-2.6316354608456796,4.280334942025104
20.0,3.0,0.0,0.0,0.0,499.99997105769626,2.1316282072803006e-17,0.9999999710576959,3.856820168929604,7.363527620896853,23,3.0194033494608803,3.9156116784843564,10.11251308997975,454.31770279911944,6.661338147750939e-17,-9.992007221626409e-17,0.9999999999654356,0.9999999999089814,0.6983044500333758,-0.011832174965985336,3.0770733696025556,1.361812045178969,-8.881784197001253e-17,0.9999999546292772,4.074012489459232,-0.7424119091062512,104,1.1053700718330894e-05,-0.0006896502349185287,0.36407961953534596,4.4997339188057596e-15,0.9999999682612257,1.3429982709720143,0.7837578743687019,0.03175845506233452,99.99999365224525,-2.6224156309603113,3.80276613984806
20.0,4.0,0.0,0.0,0.0,499.9999710702366,1.0658141036401503e-17,0.9999999710702362,4.033558256089429,7.8015618499670945,23,2.80089041420418,2.703441207215408,5.105340505434393,463.8382572162351,-6.661338147750939e-17,1.554312234475219e-16,0.9999999999654353,0.9999999999089777,0.6983642152473483,-0.01183445786300271,3.077139832092308,1.3617983070259028,8.881784197001253e-17,0.9999999554001117,3.94855474050068,-0.67302810103588,104,-0.001367509049583636,0.00126339774591059,0.32416743902272316,2.134736831749251e-14,0.9999999673242002,1.130582491446512,1.0637979876515613,0.03194367729498963,99.99999346484016,-2.6008321881740786,3.645851282117505
20.0,5.0,0.0,0.0,0.0,499.9999713529372,2.842170943040401e-17,0.9999999713529368,3.705361393048826,7.247557043382333,23,2.9049670342297973,2.964964432363872,5.144240351268774,464.34556884556923,9.992007221626409e-17,-1.9428902930940238e-17,0.9999999999654356,0.9999999999089815,0.6983705655386949,-0.011834905934524912,3.0770823625447865,1.3618091542656052,-3.552713678800501e-17,0.9999999533378942,4.024658862553762,-0.7850987359663174,105,0.0021144143141174497,0.0009567233603491718,0.24372181338691945,8.535394613318203e-15,0.9999999674566598,1.3834094349027728,1.153089003590123,0.03175031011909242,99.99999349133203,-2.6182067022308564,4.02643895961831
20.0,6.0,0.0,0.0,0.0,499.9999708705112,-2.1316282072803006e-17,0.9999999708705108,3.9259307615953856,7.548499923687244,23,2.6360229350339237,1.231718571912781,2.715330485433297,473.2145374572169,9.992007221626409e-17,-9.43689570931383e-17,0.9999999999654339,0.9999999999089711,0.6983516013378918,-0.011835267430542725,3.0769350025518807,1.3617834841000658,3.552713678800501e-17,0.9999999503589907,3.889324536569008,-0.5841799851423635,104,0.0007481394862110846,-1.7573258379335044e-05,0.35693839193206145,-2.3581137043038323e-15,0.999999969713174,1.473034707520294,1.2371426818523543,0.03142609163740506,99.99999394263489,-2.5913752209225214,4.236082443803355
20.0,7.0,0.0,0.0,0.0,499.9999709526777,0.0,0.9999999709526772,3.7208464464911497,7.6614782899734895,23,2.7386381168751557,1.3971849745722111,5.012771567118554,467.65090804839474,0.0,-4.4408920985006264e-17,0.9999999999654353,0.9999999999089788,0.698412515223212,-0.011835587933397262,3.0768321127460205,1.3618086373805438,1.4210854715202004e-16,0.999999957715882,4.006552623270186,-0.7827788500224728,104,-0.0018801378655619338,-0.0012801194674950055,0.3820701822377828,2.6940671915554048e-14,0.9999999683617423,1.3900750540555018,1.3900750540555018,0.031858505160220284,99.9999936723486,-2.559663619564199,3.840770115318586
20.0,8.0,0.0,0.0,0.0,499.9999721398915,1.7763568394002505e-17,0.9999999721398912,4.07926008588243,8.058949032351359,23,2.9893158563343887,3.751627853628741,8.71949138230942,456.44251073827536,-6.661338147750939e-17,4.163336342344337e-17,0.9999999999654351,0.9999999999089724,0.698348665068999,-0.011834444733964415,3.076938889984731,1.3618017776762739,1.0658141036401502e-16,0.9999999611246791,3.8402630677219114,-0.6686202662145603,102,-0.0014018142640158905,-0.0002797749221194812,0.3874828869070015,-1.5587531265737197e-15,0.9999999690899254,1.3671898215561804,1.1337727975242258,0.03140736319046576,99.99999381798517,-2.521743264286528,4.199885040301037
20.0,9.0,0.0,0.0,0.0,499.99997134682405,-3.552713678800501e-18,0.9999999713468236,4.099945544851456,7.962050800710854,23,2.9051319527197172,1.8876288201665152,6.984463955945199,461.35803902653055,-1.1102230246251565e-16,2.7755575615628914e-17,0.9999999999654358,0.9999999999089819,0.6983357235029536,-0.011833946439062354,3.0770718278834917,1.3617802451529124,-1.2434497875801754e-16,0.9999999590913391,4.047438847887702,-0.6631298639376073,103,-0.0017146561243579295,0.0005574518579096574,0.49538293984664605,8.217870828275408e-15,0.9999999669893539,1.283629339127198,1.0844700365097832,0.032008664863899736,99.99999339787091,-2.635419358397262,3.6327517723089864
21.0,0.0,0.0,0.0,0.0,499.99996498905216,3.552713678800501e-18,0.9999999649890515,3.694983869981848,7.444138872207343,24,2.760943865181255,1.4526308917281658,4.733661069494602,472.0421754638397,2.2204460492503132e-17,-1.249000902703301e-16,0.9999999999641851,0.9999999999062822,0.6636887068529196,-0.012030890288346963,3.0708967821652156,1.3585859628395631,5.329070518200751e-17,0.9999999613667593,4.117758828830026,-0.6413251009490036,107,0.0004358188139323538,0.0002868021547870619,0.37563255924019856,-5.1747495177778546e-15,0.9999999593177982,1.6625399979123987,0.6034388386311647,0.030749505818083396,99.9999918635598,-2.5315980281978856,3.920510538793253
21.0,1.0,0.0,0.0,0.0,499.99996543456086,1.4210854715202004e-17,0.9999999654345603,3.688783122224586,7.276634269148015,24,2.9808327117968227,3.61794933219195,8.804200720854697,452.0876916490565,-1.1102230246251566e-17,1.1102230246251566e-17,0.999999999964663,0.9999999999073493,0.6741530370638286,-0.01197684878711037,3.07293621271836,1.3596180376478335,-7.105427357601002e-17,0.9999999624695654,3.9604863124266623,-0.7520848984631315,106,-0.0020962547160660416,0.002064959302850937,0.23223727959013019,-6.916689443414725e-15,0.9999999575487931,1.4996968816858538,1.176892960567682,0.031037094198896373,99.99999150975883,-2.505145669543059,4.447403789054269
21.0,2.0,0.0,0.0,0.0,499.9999660864431,0.0,0.9999999660864426,3.717892292460636,7.4792855643684195,24,3.160491085461755,5.053648371879619,10.612530629949333,447.3687114704456,5.551115123125783e-17,1.1102230246251566e-17,0.9999999999646458,0.9999999999073209,0.6736940881876068,-0.011979548422130021,3.072306849028251,1.3595624416220677,-1.0658141036401502e-16,0.9999999588905807,4.102469181023984,-0.9151539214381506,105,0.0004228503409529982,0.0024137260161867413,0.47773514633516356,-3.05044878246008e-14,0.999999955311127,1.4009507711109137,1.219555498311047,0.03215593480864258,99.99999106222559,-2.62185916665634,3.9794921668375847
21.0,3.0,0.0,0.0,0.0,499.9999661988212,0.0,0.9999999661988206,3.788589296684056,7.3377746757262425,24,2.8424820523507,2.5222520379211497,5.600921325456748,460.37545597176086,9.992007221626409e-17,2.4702462297909734e-16,0.9999999999639572,0.9999999999057744,0.6589004280100229,-0.012054729282206644,3.0696476474369923,1.358115944814521,1.7763568394002506e-16,0.9999999589698777,4.043447007543943,-0.9394490088441249,105,0.0012558528934179447,0.0005153116185527428,0.4067128010141978,2.043920588334913e-14,0.9999999589025641,1.434824914563423,1.2409382089268284,0.032051045404625174,99.99999178051297,-2.6543347375074178,4.443525883793651
21.0,4.0,0.0,0.0,0.0,499.999964527859,-3.552713678800501e-18,0.9999999645278583,3.878738308173469,7.573706024040006,24,2.9721693889796343,3.6520513957404055,10.783645497437492,450.24059816093546,1.2212453270876723e-16,-2.2759572004815707e-16,0.9999999999646692,0.9999999999073568,0.6743468738463252,-0.011973469290647668,3.072786815723523,1.3596275765678207,1.5987211554602254e-16,0.9999999600249727,3.841457138548066,-0.822638201227033,107,-0.001558181452552434,-0.0003553831153622428,0.4310770425798687,3.6475267251034895e-14,0.9999999553647873,1.4361428549668322,1.1501469949658991,0.031140217919577176,99.99999107295764,-2.608711686649931,3.9427974184081203
21.0,5.0,0.0,0.0,0.0,499.99996602513374,3.552713678800501e-18,0.9999999660251332,3.786427744471729,7.8463807991144705,24,3.094566991383951,5.463445773312239,9.439660672746818,452.80391725601726,-1.6653345369377348e-16,1.1102230246251566e-17,0.9999999999647387,0.9999999999075077,0.6758593182433958,-0.011964744078381865,3.072921448290613,1.3597735957639059,5.329070518200751e-17,0.9999999483309192,3.904916519089904,-0.6998935304971083,105,0.0007897249187926814,0.0012699141941464973,0.37666785873645736,1.8880452756775412e-14,0.9999999564270967,1.3815631555586485,0.9555910599647884,0.031545774385670834,99.99999128541957,-2.566282821233092,3.9129471191627303
21.0,6.0,0.0,0.0,0.0,499.99996482043946,-2.1316282072803006e-17,0.9999999648204388,3.511494256956531,7.272173057590933,24,2.9286379115714345,4.071681430637447,6.48304914401029,459.6669973017062,3.219646771412954e-16,8.604228440844963e-17,0.9999999999646759,0.9999999999073824,0.6744135525789222,-0.011976061412031202,3.0725390943849784,1.3596473375937668,-7.105427357601002e-17,0.9999999568815576,4.081701823236177,-0.9171781667996028,105,0.0011468301941537661,-0.0008572976885143258,0.5197535636306156,-3.163691530971846e-14,0.9999999559252585,1.4531407818504576,1.0021787780756284,0.0316615299422677,99.99999118505188,-2.56316596482505,4.098295221541875
21.0,7.0,0.0,0.0,0.0,499.9999648824486,0.0,0.9999999648824479,3.606686951280475,7.211262156777384,24,3.048682359461498,4.082700894052612,7.265117635906404,456.6512426052807,8.881784197001253e-17,4.9960036108132046e-17,0.9999999999645242,0.9999999999070345,0.6710224241718754,-0.01198990124813798,3.072158118872916,1.35932456218868,8.881784197001253e-17,0.9999999619373179,4.011244320173145,-0.9680218017400476,106,0.0059381067694376675,0.0008873562697062656,0.041979449568099625,-5.054845431118338e-15,0.999999958377016,1.5956778969086916,0.7687455403984523,0.03116660471931626,99.99999167540342,-2.5548987565420997,4.324625630350111
21.0,8.0,0.0,0.0,0.0,499.9999667858646,1.7763568394002505e-17,0.9999999667858641,3.863518623761168,7.7004210660388255,24,3.2144972362042257,4.806465677731185,11.158240132295669,437.0564315448489,6.661338147750939e-17,1.1102230246251565e-16,0.9999999999643201,0.9999999999065828,0.6665521524149759,-0.012016293254345998,3.0718141126947565,1.3588960651808621,-3.552713678800501e-17,0.9999999604376805,3.841185793589634,-0.6628819881967561,107,0.0011819107489879155,0.0007610119230917554,0.27877671447704344,-1.7386092565629952e-15,0.9999999585140501,1.5904870817237766,1.0757308501568408,0.03116038548329129,99.99999170281019,-2.4812283600243723,4.205028568451414
21.0,9.0,0.0,0.0,0.0,499.99996533350395,-2.1316282072803006e-17,0.9999999653335033,3.81164031839222,7.920653917529817,24,2.9907412025949127,3.759805318619572,7.352351237585344,454.16751558070763,-3.3306690738754696e-16,-6.106226635438361e-17,0.9999999999647049,0.9999999999074414,0.6751423968334124,-0.011971009811762311,3.073058534371787,1.3596822009834995,3.552713678800501e-17,0.999999960586355,3.8896359930075968,-0.7983388817394088,106,0.002861854080890619,0.002358032377960686,0.2937113262649689,-1.2190248810384218e-14,0.9999999549728535,1.45629536782201,0.2795131674585427,0.030482324775169174,99.99999099457091,-2.4939913813425276,4.1847098548066715
22.0,0.0,0.0,0.0,0.0,499.9999677193982,-1.2434497875801754e-17,0.9999999677193977,3.609878072991921,7.418964025015521,26,3.021612957367795,4.864260684134456,8.074428055156753,448.13392230448426,-6.661338147750939e-17,1.9428902930940238e-17,0.9999999999701368,0.9999999999216687,0.6763329579604201,-0.011966864421741287,3.0732578701905635,1.359808650431525,3.552713678800501e-17,0.999999959675963,3.947885109595118,-0.7442776161608099,103,0.001067145991470213,0.0028833363967428398,0.16756975528775087,-1.114663916723657e-15,0.9999999683347859,1.2974310313210808,1.0727620309119548,0.03218734634578201,99.9999936669573,-2.6152256046330127,3.8618474780676477
22.0,1.0,0.0,0.0,0.0,499.99996697199117,0.0,0.9999999669719907,4.001128635487453,7.660032862270736,26,2.9787382679344083,3.5940675788040877,7.503633590430127,460.71193116712675,1.2212453270876723e-16,-1.9428902930940238e-17,0.9999999999703639,0.9999999999221671,0.6830447919500647,-0.011926914279914567,3.0745704377255927,1.3604381951517888,0.0,0.9999999592699184,4.069616046403241,-0.5892920110502327,102,0.0011467309657774028,-0.00030815211746104606,0.3872262285651509,3.13471471002913e-14,0.9999999670556783,1.5403927656714729,0.9234011518445416,0.03177949830571126,99.99999341113575,-2.647403664627131,4.369227961007544
22.0,2.0,0.0,0.0,0.0,499.99996892937025,3.552713678800501e-18,0.9999999689293698,3.983833427579631,7.992383036616432,27,3.0053178192417977,4.277412648418195,11.022179474464368,452.59225278282355,8.881784197001253e-17,1.3877787807814457e-16,0.9999999999694473,0.9999999999201498,0.6573621388500956,-0.012060663121413545,3.06989325398591,1.3579853687475976,-1.7763568394002505e-17,0.9999999569876268,3.995930636579206,-0.6642038403181022,105,0.0012015620982197006,0.002007802871333784,0.25717299465304677,-4.618527782440651e-15,0.9999999692773477,1.2788402484520538,1.038690092358586,0.03221643303638,99.99999385546961,-2.6842745533392867,3.717346893135723
22.0,3.0,0.0,0.0,0.0,499.9999669693405,3.552713678800501e-18,0.99999996696934,3.563496248548604,7.060608540300807,26,2.8802731510961332,2.9029638850574817,7.892218716527627,449.39545948600414,6.661338147750939e-17,-1.8041124150158794e-16,0.9999999999700869,0.9999999999215562,0.6748510082589232,-0.011972279341949874,3.072954434236229,1.3596887942642035,7.105427357601002e-17,0.9999999627451668,3.928687699069096,-0.6637422927450606,103,0.0009796299841564515,-0.00011030072216905218,0.49782950999220077,1.9941825968317062e-14,0.9999999680930679,1.3431998679986006,1.3431998679986006,0.031742864066080005,99.99999361861367,-2.6076177366273994,3.7517751005974587
22.0,4.0,0.0,0.0,0.0,499.99996841503923,-1.7763568394002505e-17,0.9999999684150388,3.382964159532302,7.11846537057491,26,3.1369321111308826,4.821241886808293,9.883085910948157,446.28249538279647,5.551115123125783e-17,-3.8857805861880476e-17,0.9999999999699841,0.9999999999213283,0.671942479328824,-0.011984165843529692,3.0722453984384503,1.3594121724650459,-8.881784197001253e-17,0.9999999578642667,3.899745294709737,-0.7484880507230564,102,-0.0009019428809301022,0.002474904034276166,0.31621602953688566,-6.050715484207103e-15,0.999999969462852,1.3850860186121687,1.3850860186121687,0.031713521897669024,99.99999389257049,-2.6204946705837036,3.9990191307908463
22.0,5.0,0.0,0.0,0.0,499.99996691972103,-1.0658141036401503e-17,0.9999999669197205,4.045654048913165,7.728970153195547,26,2.7709304222437625,2.3792400541825494,4.663945635595167,463.7929104442137,-6.661338147750939e-17,8.881784197001253e-17,0.9999999999702421,0.9999999999219071,0.6794320511972434,-0.011946215647255265,3.0735756929411497,1.3600967231074557,1.7763568394002506e-16,0.9999999581131205,4.220097464526919,-0.8950481630352738,101,-0.0010172399155629309,-6.057029910054163e-05,0.4196214926845201,-7.301936832959654e-15,0.9999999668405904,1.3439012283565932,0.8017156360550625,0.03213047857633294,99.99999336811815,-2.5863749885751943,3.977512705825357
22.0,6.0,0.0,0.0,0.0,499.99996681514705,3.552713678800501e-18,0.9999999668151465,3.577720854739985,7.163191827143736,26,2.9655776461692893,4.0691239730001,8.029612430550621,442.2621219130032,5.551115123125783e-17,3.8857805861880476e-17,0.9999999999703186,0.9999999999220713,0.6816818267054194,-0.011932527590074285,3.074113353800403,1.3603101096903383,-1.7763568394002505e-17,0.9999999560740921,3.985047426150392,-0.911848570527808,102,0.0019830620985083103,0.002245712502178046,0.2526467639232237,-2.298161660974074e-16,0.9999999668642233,1.391601402076513,0.99356341885111,0.03189175075047477,99.99999337284477,-2.615542360803997,4.066030730610779
22.0,7.0,0.0,0.0,0.0,499.99996832865014,7.105427357601002e-18,0.9999999683286496,3.653736312029783,7.37528980891004,26,2.942628646261002,3.2423143309700606,8.01244912113183,455.8749288012147,-2.4424906541753446e-16,7.494005416219807e-17,0.9999999999697988,0.9999999999209186,0.6667829594736072,-0.012013216942705374,3.071586680075118,1.3589068476336728,0.0,0.9999999577286445,3.963577389421866,-0.7516770568152936,102,-0.0005427722291675319,0.001001632348171788,0.267700301055541,8.149037000748649e-16,0.9999999693002898,1.580543243561887,1.009309736674276,0.031224364984679086,99.99999386005804,-2.48959447830443,4.037497487960992
22.0,8.0,0.0,0.0,0.0,499.99996705203387,0.0,0.9999999670520333,3.914499816754026,7.884015615042603,26,3.026988075954354,3.2604424562131213,9.31272242746856,450.2520229910108,9.992007221626409e-17,9.43689570931383e-17,0.999999999970322,0.9999999999220727,0.6817852065454847,-0.011933532158387232,3.0738681437193804,1.3603146787053102,-5.329070518200751e-17,0.999999955364542,3.929359060946487,-0.8543728609176913,100,-9.305429973279988e-05,0.0009474466544215388,0.39068846281405456,-6.348255254806645e-15,0.9999999669650872,1.3000908997917924,1.2237240285923985,0.03132860935505917,99.99999339301755,-2.538827545989968,3.6830241758362545
22.0,9.0,0.0,0.0,0.0,499.9999681172568,-1.7763568394002505e-17,0.9999999681172562,3.6262685022941,7.2894635723328385,26,2.7945366680455384,1.9692309183899097,4.935426906785271,465.4283286300027,-6.661338147750939e-17,-1.3877787807814457e-17,0.999999999969552,0.9999999999203749,0.660145284045015,-0.012049919791536424,3.0704765124258158,1.3582499724643717,1.2434497875801754e-16,0.9999999568142741,3.892200652866439,-0.672414576842031,103,0.0017465068545812624,-0.0027249578580626137,0.48840096848236314,1.0591527654923992e-15,0.999999969813324,1.3877240555287194,1.33762442852352,0.03206161273881753,99.99999396266486,-2.6146836212515017,3.88002032365751
23.0,0.0,1.0,1.0,0.293266511773516,499.9999673168114,-3.552713678800501e-18,0.9999999673168108,3.779820103616332,7.583803738416459,26,2.729079204686869,1.861335082052876,4.285659342065786,472.28614371887124,-8.881784197001253e-17,5.828670879282072e-17,0.9999999999651824,0.9999999999095791,0.6276937445296445,-0.012183288593872157,3.0643214813949107,1.3547880871978195,3.9968028886505634e-17,0.9999999564271436,3.991360085421492,-0.7603023275109798,97,-0.0009819957575220562,0.0037401091969436816,0.2714865185543722,-5.961897642237091e-15,0.9999999721392991,1.241305419518312,1.0868499961798634,0.032183027933645345,99.9999944278599,-2.662532123823494,3.8915126577713632
23.0,1.0,1.0,1.0,0.293266511773516,499.9999668329882,-1.7763568394002505e-17,0.9999999668329876,3.702382004963524,7.324782687467961,27,2.648862226700543,1.4669485761575043,3.401660140716293,469.3560230322834,-1.4432899320127036e-16,-5.551115123125783e-18,0.999999999965183,0.9999999999095618,0.6276807384528952,-0.012184332576162013,3.0639754849129535,1.3548113370547388,7.993605777301127e-17,0.9999999596680003,3.999756426134797,-0.608202820904727,98,0.00011448186679444915,-0.00022622144987333046,0.36669757768519773,-5.0770498916108405e-15,0.99999997126664,1.2224710011992534,0.933856635291732,0.03240230327020374,99.99999425332804,-2.660522972478214,3.8127552294047993
23.0,2.0,1.0,1.0,0.293266511773516,499.9999691559165,-7.105427357601002e-18,0.999999969155916,3.68524555704773,7.041638294299032,26,3.0952906317420013,4.2576150923886305,10.86933296934556,445.5486194802823,1.4432899320127036e-16,-2.7755575615628914e-17,0.9999999999651813,0.999999999909568,0.6276407717043904,-0.012184513432488575,3.0644538919470192,1.354783183819664,0.0,0.9999999596113089,3.848244009105041,-0.963378480624616,100,-0.0019017871345730498,-0.004603691654940368,0.41714198927272594,1.0955680807001045e-14,0.9999999729364146,1.3493866332060676,1.3060616473613762,0.03215320541205667,99.99999458728301,-2.608759935708087,3.700457340444814
23.0,3.0,1.0,1.0,0.293266511773516,499.9999676793701,-7.105427357601002e-18,0.9999999676793696,3.655702239860947,7.710077023584074,27,2.8246076382064453,2.166299698830963,4.993319706236453,466.47899531993636,-2.1094237467877973e-16,3.8857805861880476e-17,0.9999999999651832,0.9999999999095688,0.6277082994350769,-0.012187426431758295,3.064260007476331,1.3548283400579575,8.43769498715119e-17,0.999999959928217,3.956500703502989,-0.8474872762230902,97,0.0007754194233597866,-0.001199819997439136,0.40834540916136675,-3.4328095921409842e-15,0.9999999730326862,1.408437447893084,1.0648404278531385,0.03239794694175078,99.9999946065373,-2.617911689761601,4.187784928790691
23.0,4.0,1.0,2.0,0.293266511773516,499.99997318415865,-1.7763568394002505e-18,0.9999999731841583,3.805195227324674,7.493725753551337,28,2.9710147050068523,3.452268394280504,8.60033885192695,447.84300673406057,-1.4432899320127036e-16,-2.331468351712829e-16,0.9999999999613897,0.9999999999010224,0.7312819492996128,-0.012282970321965911,3.0534370804366255,1.3478790963965799,-1.1546319456101628e-16,0.9999999581221282,3.9473698712601055,-0.8541301970942475,100,-0.002296811283220843,-0.0012438177358253906,0.35048983744223783,1.198818821990244e-14,0.999999976265575,1.405024270432653,1.284684263196371,0.032890181560838665,99.99999525311507,-2.6837079662612755,3.7716261255970567
23.0,5.0,1.0,2.0,0.293266511773516,499.9999728168738,3.552713678800501e-18,0.9999999728168735,3.7499885232104,7.70003263954905,28,3.0041322972348032,3.7925661827802895,7.5498820176634025,454.9656627902558,-1.3322676295501878e-16,9.71445146547012e-17,0.9999999999613903,0.9999999999010158,0.7312726184972723,-0.012279826081348129,3.053233023895212,1.34790035795527,-1.7763568394002505e-17,0.9999999538366421,3.910326032603345,-0.7961172465158103,100,0.0025345633476793836,0.00010411003500824259,0.4036595679277646,-1.0237366510068568e-14,0.9999999751707924,1.450172752376446,0.947738600128592,0.03282891251108811,99.99999503415854,-2.6640753287404166,3.853901278137684
23.0,6.0,1.0,2.0,0.293266511773516,499.9999728504895,3.552713678800501e-18,0.9999999728504891,3.61518825719159,7.487471736346723,28,2.9936828474993105,3.7276958489402165,7.443384469769529,456.2853293622711,-4.4408920985006264e-17,-7.494005416219807e-17,0.9999999999613907,0.9999999999010029,0.7312558130947748,-0.012284844408268169,3.053318778621116,1.3478953795297728,7.105427357601002e-17,0.9999999577608778,3.977013069699254,-0.8472794102482127,98,-0.0038286698838192823,0.0012838731224443423,0.15745906025680512,-1.2541079286165768e-14,0.999999976081401,1.2564305059314562,1.0577624623841877,0.032499186799978104,99.99999521628027,-2.682478875948981,4.104724059590122
23.0,7.0,1.0,2.0,0.293266511773516,499.99997205206796,-8.881784197001253e-18,0.9999999720520676,3.744512094327805,7.327753055578993,28,2.8128181877941465,3.584595160675688,5.789219841992431,461.6333604497578,8.881784197001253e-17,-1.7486012637846215e-16,0.9999999999613901,0.9999999999009997,0.7313207805177372,-0.01228031437599389,3.0534742707293945,1.347883067268676,3.552713678800501e-17,0.9999999597249861,3.905766652450098,-0.8511963335532343,99,0.00037881794474410314,-0.0008610401235754808,0.4348039993000494,-8.979483823168266e-15,0.999999976682682,1.3149331969924754,1.1260717777136406,0.03286666165837705,99.99999533653643,-2.652935773501791,3.7799850218059383
23.0,8.0,1.0,2.0,0.293266511773516,499.99997205133604,-1.0658141036401503e-17,0.9999999720513356,3.7562376956428256,7.357538053008127,28,2.7345054658892627,1.5428255848794967,3.5955498024210777,468.6771019335715,-6.661338147750939e-17,-6.38378239159465e-17,0.9999999999613902,0.9999999999010074,0.73125898490676,-0.01228120034500988,3.0533134353911704,1.3478902335537102,4.4408920985006264e-17,0.9999999563382947,3.977876209554679,-0.854178091995341,100,-0.002321931127800261,0.005536040387277345,0.19922467812626543,-4.583000645652646e-15,0.9999999759902656,1.3048158033950068,1.2442794255078051,0.03289404967115594,99.9999951980532,-2.7131972765847943,3.712684731321975
23.0,9.0,1.0,3.0,0.293266511773516,499.9999752784564,3.552713678800501e-18,0.9999999752784561,3.8532994666375657,7.594290870129237,29,2.826987953392922,1.9412625407826058,5.332054086283151,466.29272399995045,-1.6653345369377348e-16,-7.216449660063518e-17,0.9999999999570199,0.9999999998910999,0.6908576844537377,-0.0121990036802952,3.0426750564972265,1.3410714939732469,-1.7763568394002505e-17,0.9999999597181193,3.9959874140066503,-0.7831973252138846,102,0.0008242656336129439,0.0006122005004422737,0.3537197823245286,1.0722533971829762e-14,0.9999999787188647,1.3455653724501817,1.2260077671175085,0.033210465670953065,99.999995743773,-2.7361348571444246,3.8430888260264933
24.0,0.0,0.0,0.0,0.0,499.99996253042116,-7.105427357601002e-18,0.9999999625304204,3.8391518433144975,7.47477059596862,25,3.1177876351002936,4.58232352210287,12.097378107733899,441.45037710324107,-3.3306690738754695e-17,-7.771561172376095e-17,0.9999999999633417,0.9999999999034596,0.6984020467548776,-0.011834812717098093,3.0767983853932352,1.361789931704371,8.881784197001253e-17,0.9999999546610994,3.899263905438085,-0.7863361983002162,102,-0.0023098439630614264,-0.0027732978947566677,0.4897625971206594,-2.1634916080870426e-14,0.9999999545803552,1.5602649655613674,0.4166780666335993,0.030735214398115503,99.99999091607124,-2.5496912259235183,4.37061219652206
24.0,1.0,0.0,0.0,0.0,499.99996313431143,-1.4210854715202004e-17,0.9999999631343107,4.093210521430839,8.294814873187532,26,3.3288480019385087,10.263707547551515,15.051940781043067,426.3165728996793,-1.3322676295501878e-16,-1.249000902703301e-16,0.9999999999633405,0.9999999999034667,0.6983570777945027,-0.011834043453878049,3.0768249107709993,1.3617931372801377,5.329070518200751e-17,0.9999999544407794,3.884323443942055,-0.6866380771170332,102,0.0007878843825510095,0.003773088285995903,0.17041395048333996,2.5268676040468565e-15,0.9999999557571484,1.3554644977038883,1.0904602531350602,0.031169973070804036,99.99999115142988,-2.6197874695421097,4.226886843116731
24.0,2.0,0.0,0.0,0.0,499.999961428088,-1.0658141036401503e-17,0.9999999614280872,3.761186311336181,7.527595044311727,25,2.7959686699047412,2.581295148665385,4.301862362182318,458.51309612630615,-1.9984014443252818e-16,-1.249000902703301e-16,0.9999999999633411,0.9999999999034677,0.6982736509573387,-0.01183529948386862,3.0770106257190033,1.3617962746133465,-3.552713678800501e-17,0.9999999534366274,3.885127149308285,-0.599907097898621,102,0.000652906572069496,0.0012517047841547517,0.2872921000899922,1.2277956429329607e-14,0.9999999567971135,1.666859454346816,0.9782936638798728,0.03175149775377702,99.9999913594229,-2.5614173448533184,4.152224453072062
24.0,3.0,0.0,0.0,0.0,499.9999628180167,0.0,0.999999962818016,3.711884449941234,7.800908613588654,25,2.9955217902735742,4.467638124538291,8.559202519331038,450.10433390796044,-1.6653345369377348e-16,-1.887379141862766e-16,0.9999999999633419,0.9999999999034496,0.6983476373753092,-0.01183580223269603,3.076707514254375,1.3617984771718366,-1.7763568394002505e-17,0.9999999560253255,3.892531522444275,-0.858397186625633,101,-0.000512237733918437,-0.003738268490620543,0.5139321984526468,2.4997781622460024e-14,0.9999999549144404,1.5614799770631758,1.5614799770631758,0.0305166914903811,99.9999909828883,-2.4743450574115924,4.1401007149482245
24.0,4.0,0.0,0.0,0.0,499.99996205002856,-7.105427357601002e-18,0.9999999620500278,3.746331526814447,7.417130705080659,26,3.045239197743865,4.598358322332495,8.560206226608509,449.2394756154663,1.4432899320127036e-16,1.8318679906315082e-16,0.9999999999633402,0.9999999999034502,0.6983199842421552,-0.011834904662656118,3.077223159309761,1.3618135454254054,5.329070518200751e-17,0.9999999597406516,3.9280052237207017,-0.8014269773749294,100,-0.004129716054428729,0.003017584908621891,0.12445431048555378,-2.5048851881592782e-14,0.9999999542321847,1.6539594580680237,1.0670458845851836,0.03142659016802169,99.99999084643714,-2.5491213122101133,4.311365834051745
24.0,5.0,0.0,0.0,0.0,499.9999648238595,-1.0658141036401503e-17,0.9999999648238589,3.643599892860911,7.714973217292975,25,3.183169222415085,6.7872333717637,11.236012074946396,437.91495197085504,2.6645352591003756e-16,-7.216449660063518e-17,0.9999999999633414,0.9999999999034569,0.6982948989635921,-0.011834653994210935,3.076853185047018,1.361791085127562,3.552713678800501e-17,0.9999999527961689,3.9021695221784687,-0.6087466894082862,101,-0.0008409604225772304,-0.0011371815917518935,0.48382364979266157,-1.439515173728978e-14,0.999999956972369,1.6895559670487594,1.0868951633305657,0.0315037075759645,99.99999139447397,-2.5925115174281124,4.195871681182503
24.0,6.0,0.0,0.0,0.0,499.9999613240901,-2.4868995751603507e-17,0.9999999613240894,3.5397985832437118,7.24820416852473,25,2.8748298147152456,2.602934244408661,5.499494634919046,458.187665351158,1.9984014443252818e-16,2.7755575615628914e-17,0.9999999999633421,0.9999999999034667,0.6983852840672562,-0.011834244573011164,3.076984015502765,1.3617878464821556,3.552713678800501e-17,0.9999999599638919,4.454477870668146,-1.0134865792131256,101,0.0036986418589421356,-0.000670002058810823,0.39583088773120423,-3.684164084916119e-14,0.9999999557134092,1.3972297051122065,1.3712393020978395,0.03165705543243165,99.99999114268203,-2.6041048896447867,3.9772626025467055
24.0,7.0,0.0,0.0,0.0,499.9999631520861,-1.2434497875801754e-17,0.9999999631520854,3.682107006042087,7.766034920463362,25,3.1758934375097825,5.491319271502375,13.966047448656775,436.5613948263845,-8.881784197001253e-17,6.938893903907228e-17,0.9999999999633419,0.9999999999034491,0.6983660934382211,-0.011838674440179565,3.077145239866254,1.3618017693542661,-1.2434497875801754e-16,0.9999999547476789,3.974918470080206,-0.8511867513192413,101,-0.002045320499776073,0.0039281860690607625,0.19088062447785603,-3.030797834924215e-14,0.9999999541092353,1.5833745969951674,0.6978592175313681,0.029764100551048313,99.99999082184725,-2.49626163865768,4.746820551500617
24.0,8.0,0.0,0.0,0.0,499.9999632077544,-1.0658141036401503e-17,0.9999999632077536,3.865211383802581,7.635186411376793,25,3.2797266633515987,6.443045562488873,13.288893988856652,428.7657110847638,-1.1102230246251566e-17,-1.9151347174783951e-16,0.9999999999633414,0.9999999999034539,0.6983554565686141,-0.011833700454081808,3.0767830206368814,1.361796418952952,7.105427357601002e-17,0.9999999598445527,3.8749073083466654,-0.7813742696586902,99,0.00021355675498011762,0.0022025799778966977,0.22415792013932645,-1.7316148515078566e-14,0.999999956562589,1.7866475780887134,0.7634087751542423,0.030667069931011082,99.99999131251796,-2.4533165320512396,4.621894715405082
24.0,9.0,0.0,0.0,0.0,499.999962487096,3.552713678800501e-18,0.9999999624870953,3.771926334381583,7.723682154738933,25,3.2093160435338177,5.506400810137408,15.379678690798876,438.10064338763146,-1.3322676295501878e-16,-5.551115123125783e-17,0.999999999963341,0.9999999999034671,0.6983918818203506,-0.01183342275787826,3.0770013591306924,1.3617990077964524,7.105427357601002e-17,0.9999999501028777,4.05177583119085,-0.7819499653823827,102,-0.00015779686691424154,0.00037630745099553886,0.5071422004278823,-8.995026945513018e-15,0.9999999548179748,1.4578026402793018,1.4578026402793018,0.031022951329446033,99.99999096359514,-2.5159991965758954,4.428495165593487
25.0,0.0,1.0,1.0,0.1904383118884255,499.99996949218746,-1.2434497875801754e-17,0.999999969492187,3.6736231586271937,7.256216797880762,27,2.8002417984083374,2.935415763618079,4.126627376976847,463.481505826984,6.661338147750939e-17,1.1102230246251565e-16,0.9999999999606715,0.9999999998978574,0.6276580929968976,-0.01218390250125216,3.0644941066175764,1.3548105439760545,0.0,0.9999999574586751,3.931296244846168,-0.6499387998829965,103,-0.0004617639273202867,0.001520044027132611,0.38693409886478136,-8.032463583163007e-15,0.9999999754267653,1.3303523346795665,0.9420753585468196,0.032454406102294706,99.99999508535313,-2.6363459346395195,3.7561821350447078
25.0,1.0,1.0,1.0,0.1904383118884255,499.9999703637681,1.2434497875801754e-17,0.9999999703637676,3.990428298583265,8.028109311969503,27,3.1179183369811914,4.747012955815134,8.818973889771696,447.8314354633603,2.2204460492503132e-17,-2.2204460492503132e-17,0.9999999999606707,0.9999999998978472,0.6276486429548237,-0.012185104380663798,3.0645127894009785,1.3548109918471938,-1.5987211554602254e-16,0.9999999532407456,3.9415034941381104,-0.6209502795557583,104,-0.0006237744124370482,-0.00024229278680138911,0.4252838832457151,4.694022948115162e-15,0.9999999754222654,1.471080486616233,0.970988400843667,0.03208649996331852,99.99999508445312,-2.657363542998058,4.030852282902512
25.0,2.0,1.0,2.0,0.1904383118884255,499.9999754309357,6.217248937900877e-18,0.9999999754309354,3.710414039560997,8.098894785993668,28,2.954537179689645,2.94947903800567,7.664274967614833,458.6800636151853,4.4408920985006264e-17,-5.2735593669694933e-17,0.9999999999561027,0.9999999998874534,0.7312318961675581,-0.01227933877594963,3.0535075929489084,1.3478598392944814,-3.552713678800501e-17,0.9999999596922509,4.181302564868472,-1.0803792150608469,103,0.0020074608810751373,-0.001826213218396084,0.48259169979136374,6.077360836798107e-15,0.999999980035615,1.2122236513629725,1.1004541965333108,0.032890156115609484,99.99999600712303,-2.6883994523896977,3.569792950650643
25.0,3.0,1.0,2.0,0.1904383118884255,499.99997401751205,-8.881784197001253e-19,0.9999999740175117,3.616636185428784,7.7176023511334355,28,2.9525721274539585,4.366980999288343,7.2343360550311,453.716770472278,-1.1102230246251566e-17,4.4408920985006264e-17,0.9999999999561032,0.9999999998874648,0.7312644359742755,-0.012280157377847581,3.053260857668792,1.3478953686004047,-7.105427357601002e-17,0.9999999522906122,3.8893375164383786,-0.6765772322794779,107,-0.0025387252624561674,-0.0021122383367042754,0.37270903236083797,1.5625278848574454e-14,0.9999999794556499,1.2383754975632848,1.135665836071455,0.03299458513801931,99.99999589113004,-2.6496986418167254,3.702023694560877
25.0,4.0,1.0,2.0,0.1904383118884255,499.99997389390103,5.3290705182007515e-18,0.9999999738939007,3.798067110603304,7.2859399652229,28,2.7030598009159807,1.634060149465316,3.634476050460899,468.8263159882355,1.1102230246251566e-17,9.43689570931383e-17,0.999999999956101,0.9999999998874513,0.7312502191051629,-0.012281538905114082,3.053484828773367,1.3478953366070612,-1.7763568394002505e-17,0.9999999586754021,4.093406240568977,-0.721401956460161,105,0.00021756320952782238,-7.483956826256022e-05,0.3008975785769046,-4.947153797729698e-15,0.9999999802175665,1.4687840691859926,1.3026681677653418,0.03293260727306808,99.99999604351336,-2.6658134249537437,3.9827261807325094
25.0,5.0,1.0,2.0,0.1904383118884255,499.999973647582,-9.769962616701377e-18,0.9999999736475816,3.949079745969591,7.649736850884825,28,2.9919978437222916,3.9492963450287677,8.510638261630527,451.8604187053609,0.0,-5.2735593669694933e-17,0.9999999999561021,0.9999999998874468,0.7312539518660568,-0.012281638381164417,3.053107636738715,1.3478718273554033,0.0,0.9999999580636876,4.029757128846628,-0.8400107094092933,105,0.0019416948256993172,0.001134688850929662,0.2402078430010981,-1.1324274851176597e-14,0.999999980363934,1.2774761877283154,1.192820128542197,0.032954650231920776,99.99999607278681,-2.6924159046954594,3.644189846291283
25.0,6.0,1.0,2.0,0.1904383118884255,499.99997342951605,-1.2434497875801754e-17,0.9999999734295156,3.751032153451179,7.513693747714284,28,2.5848135421817915,1.345387871984205,1.8853903187946783,473.5283287377423,2.2204460492503132e-17,5.2735593669694933e-17,0.9999999999561027,0.9999999998874324,0.7313491871631104,-0.012279469002119792,3.053350720044214,1.3479108460694758,8.881784197001253e-17,0.9999999555517779,3.96405906155977,-1.0775507918958669,104,-0.00164832767942525,-0.00035023584511434836,0.22246743362459398,-3.8635761256955444e-15,0.9999999805838373,1.2169355280819536,1.0907026656284622,0.032846525656392074,99.99999611676752,-2.666771300219214,3.6554738277078673
25.0,7.0,1.0,2.0,0.1904383118884255,499.9999738419991,-6.661338147750939e-18,0.9999999738419988,3.630193515061453,7.361591773456045,28,2.9054279067024056,2.7043338923040197,6.808091779269646,457.42121843322786,-1.4432899320127036e-16,1.3322676295501878e-16,0.9999999999561013,0.9999999998874429,0.7313600990177462,-0.012278348535623044,3.053430286350057,1.3478865413137093,-7.105427357601002e-17,0.999999960590427,3.9431492086017,-0.7681177974933177,101,0.0020275611660136596,0.0006237221205560528,0.34261166792664,-1.092237411626229e-14,0.9999999807772386,1.2958970098268765,1.276440034761705,0.032917651838266504,99.99999615544775,-2.661666227910727,3.617459132563515
25.0,8.0,1.0,2.0,0.1904383118884255,499.9999737374173,8.881784197001253e-19,0.9999999737374169,3.8460421478944338,7.731376524665586,28,2.607725393423407,0.9028758149735844,1.8520222501314996,473.67068668796384,-1.7763568394002506e-16,0.0,0.9999999999561019,0.9999999998874546,0.7312599241097129,-0.012284690994219324,3.0535506841658084,1.3479073842919307,8.881784197001253e-17,0.9999999529241345,3.817946595074463,-0.8548086115590032,105,-0.0026756338224473365,0.0006081287812039551,0.2412360021199902,-2.8599345114344034e-15,0.9999999800313955,1.3282024510213908,1.3026762314205895,0.03268732670077694,99.99999600627913,-2.7126836559358045,3.89438842995468
25.0,9.0,1.0,3.0,0.1904383118884255,499.9999766628421,-1.0658141036401503e-17,0.9999999766628418,3.764683977996165,7.664829886166364,29,2.5833397194933814,0.7426870767612419,1.6541223630532356,479.060256763864,-4.4408920985006264e-17,-2.2204460492503132e-17,0.9999999999507693,0.9999999998752621,0.690840630451682,-0.012197623597255342,3.0427777306032278,1.3410668916119062,7.105427357601002e-17,0.9999999555613216,3.9932161090930367,-0.851729866244066,106,0.0003488769084451304,0.0017446925666252634,0.28345633925868796,-7.855938122247608e-15,0.9999999832258043,1.2128974906155885,1.17503235759447,0.03309062943214012,99.99999664516089,-2.703006385309123,3.5356197826146136
26.0,0.0,0.0,0.0,0.0,499.99996381088056,5.3290705182007515e-18,0.99999996381088,3.9447242622215377,7.4187248622031845,27,3.092504842549933,5.625066312752499,13.036674410808462,444.2446531538319,-9.992007221626409e-17,1.7486012637846215e-16,0.9999999999676962,0.9999999999149339,0.6983671211480401,-0.011833557516616956,3.076836056205166,1.3617915714159943,7.105427357601002e-17,0.9999999597957222,4.025016316262544,-0.6824152464935591,99,-0.001998583928060409,0.001024118298071124,0.1769005951117144,-1.3200551762793112e-14,0.9999999484561105,1.3542899140893103,1.1828215192135891,0.031114177951372522,99.99998969122237,-2.455959185746416,4.16834691577637
26.0,1.0,0.0,0.0,0.0,499.9999619369431,-1.5987211554602253e-17,0.9999999619369424,3.7040136805871007,7.5182268722593895,27,2.972835759507144,3.798711472362561,7.7256063992672415,453.60602137362685,-2.7755575615628914e-16,2.7755575615628914e-17,0.9999999999676966,0.9999999999149324,0.6983503009351335,-0.011833946700328656,3.077102849297979,1.3617983565099239,1.7763568394002505e-17,0.9999999566129489,3.951128208642853,-0.8929015258891209,101,0.0007980820308621506,-0.0012689569527904497,0.44362181228136777,1.1661782650662645e-14,0.9999999516973223,2.006073803306598,2.006073803306598,0.031187430932391416,99.9999903394647,-2.550277994696655,4.7000425563223
26.0,2.0,0.0,0.0,0.0,499.99996192811443,3.552713678800501e-18,0.9999999619281137,3.6887392471307714,7.628592793143554,27,2.7288900636643167,2.158341679346994,3.5379904981103536,468.3598131287181,0.0,-7.494005416219807e-17,0.9999999999676974,0.99999999991494,0.698341689429928,-0.01183508358379366,3.0767101508253805,1.3617978356285043,3.552713678800501e-17,0.9999999592705587,4.270386404927144,-0.8242460814611299,100,-0.0016767638514091842,0.000654948412465712,0.23941015418739298,1.1108891584399317e-14,0.9999999551595327,1.7699343739941882,0.2953120564463254,0.02923871646861235,99.9999910319067,-2.2957420914067623,4.170636903155433
26.0,3.0,0.0,0.0,0.0,499.9999626112851,-1.4210854715202004e-17,0.9999999626112844,3.74241655291728,7.585192465152714,27,3.033883179577296,3.6340757372558112,9.118501818128147,448.2107925968625,1.4432899320127036e-16,2.2204460492503132e-17,0.999999999967697,0.9999999999149357,0.6983918545594523,-0.011833793329542854,3.077100451524781,1.3617962362418092,7.105427357601002e-17,0.9999999520803338,4.230829637035354,-0.818695659625125,100,0.000262069383803476,0.0012383207449668085,0.49615955613739793,-8.30668867024542e-15,0.9999999532736998,1.7547346009122171,1.015628721480671,0.029670204421244784,99.9999906547402,-2.5165174180030356,4.215726820003597
26.0,4.0,0.0,0.0,0.0,499.999962594997,-8.881784197001253e-18,0.9999999625949962,3.5680649999460217,7.260204340290942,27,2.8091685855133877,2.3421119553430887,4.848568903811967,459.8157521379005,1.2212453270876723e-16,1.3877787807814457e-17,0.9999999999676965,0.9999999999149326,0.6983914218492536,-0.011835050638361917,3.0768936129066384,1.3618078312747488,0.0,0.9999999591912025,3.967601936997692,-1.0124754002495682,101,-0.000865115060214905,-0.004822966500366142,0.5821362213646513,-1.1450840275983865e-14,0.9999999526187924,1.9950826750333963,1.0347959223399867,0.030543177387349338,99.99999052375873,-2.5182035196571775,4.699794219519008
26.0,5.0,0.0,0.0,0.0,499.9999626438414,3.552713678800501e-18,0.9999999626438407,4.263028753285309,7.8957907057279275,27,3.168363526013061,3.8913370019812175,12.467066121798332,440.5935088221866,1.2212453270876723e-16,-6.661338147750939e-17,0.9999999999676971,0.9999999999149333,0.6983812640170928,-0.011836242648252636,3.0770958768883556,1.3617961615776941,8.881784197001253e-18,0.9999999559926902,3.968801886885919,-0.8879461061444905,102,-0.0033635813745109757,0.002920090271489284,0.2214105883544697,2.6418867093980226e-14,0.9999999497944425,1.3498969298210617,0.6982988492804435,0.030096348610663057,99.99998995888872,-2.550920938287236,4.079885798443794
26.0,6.0,0.0,0.0,0.0,499.99996218951253,-5.3290705182007515e-18,0.9999999621895118,3.75763073640943,7.411216719590426,27,2.902871702064341,2.999050004298466,6.482929885756898,451.5593060819795,1.887379141862766e-16,1.9706458687096528e-16,0.9999999999676971,0.9999999999149374,0.6982658404077593,-0.011837615488437389,3.0774842141586807,1.361782175854312,4.4408920985006264e-17,0.9999999589124274,3.965696206538802,-0.6676667403822895,101,0.0013035502614451478,0.0006289798317369906,0.39020583730131797,2.90878432451791e-15,0.999999948809368,1.5007135919174817,1.091704098441036,0.030748221372685267,99.99998976187385,-2.4954301620522914,4.519283121440811
26.0,7.0,0.0,0.0,0.0,499.99996239336826,1.5987211554602253e-17,0.9999999623933675,3.657909173591469,7.6659882577305964,27,2.89367070810014,2.303954341588057,5.765712487151952,460.12639165164376,-2.4424906541753446e-16,-4.718447854656915e-17,0.999999999967697,0.9999999999149266,0.6983514484791663,-0.011834981720932345,3.07677749066745,1.3617802171324374,3.552713678800501e-17,0.999999960583804,3.9612013545648375,-0.609440855287265,100,-0.0005582710243912637,-2.794397789936398e-06,0.2847392572486953,6.38378239159465e-15,0.9999999527420556,1.971388513150636,0.7311413669876661,0.03061981866844536,99.99999054841132,-2.5000895225678073,4.353414496524799
26.0,8.0,0.0,0.0,0.0,499.9999631973059,1.0658141036401503e-17,0.9999999631973052,3.911442835676597,7.592577555192255,27,3.1453309628935937,4.803428791832692,10.54097392160198,444.6217843628115,-9.992007221626409e-17,1.7208456881689927e-16,0.9999999999676975,0.9999999999149424,0.6983537723060795,-0.01183662235412061,3.076842910439547,1.3617823662211825,-1.4210854715202004e-16,0.9999999557892768,4.017839279984262,-0.9111534444749138,100,-0.0032203962383060315,-0.0021123849817159417,0.30693242270604415,-4.773959005888173e-15,0.9999999548959774,1.5058780202473945,1.1159113857626413,0.030305267677650165,99.99999097919569,-2.511373210459916,4.213364514950328
26.0,9.0,0.0,0.0,0.0,499.9999643479753,-1.1546319456101627e-17,0.9999999643479747,3.72365533626055,7.723232817579019,27,3.2759190744563025,7.203571737696886,13.250123468966839,432.44831617798076,2.2204460492503132e-17,4.718447854656915e-17,0.9999999999676971,0.9999999999149314,0.6983545932754393,-0.011836424568451359,3.0769876142735617,1.3617755309944983,4.4408920985006264e-17,0.9999999571312624,3.924855752957969,-0.8475598473389011,102,0.0023716901362252152,-0.004191233327990083,0.47934803739908993,6.179501355063621e-15,0.9999999515797887,1.6709342672255587,0.9462631049062304,0.03004724448174893,99.999990315958,-2.3670886484440703,4.720471928819724
27.0,0.0,1.0,1.0,0.1721532973921789,499.9999694617013,1.021405182655144e-17,0.9999999694617009,3.7058909311624975,7.654148119316089,26,2.9633877790893584,3.2231883285947367,9.288288227413055,452.3239002607611,-3.108624468950438e-16,4.4408920985006264e-17,0.9999999999657765,0.9999999999111063,0.6276694157935302,-0.012183450965358795,3.064464258628125,1.3548080069987365,0.0,0.9999999570735452,3.904391265306844,-0.7629639224569905,98,0.0005663571646063082,-0.002080093952612648,0.5487147729513815,-1.7568169141668478e-14,0.9999999752897452,1.4319746153621602,1.075583364354014,0.032145805505445366,99.99999505794908,-2.661376096211363,4.0025930167759505
27.0,1.0,1.0,1.0,0.1721532973921789,499.99996916045905,1.0658141036401503e-17,0.9999999691604585,3.770734405427785,7.513230162555713,26,2.771113979546368,2.8545179661123994,3.3903897050321334,470.06155377147365,-3.3306690738754695e-17,6.38378239159465e-17,0.9999999999657763,0.9999999999111038,0.6276462556191383,-0.012185053128281028,3.0644292464643432,1.354804916365399,4.4408920985006264e-17,0.9999999629728382,3.9782743178038382,-0.6679148924624829,100,-0.0007773482638027329,0.0018683335822705681,0.24256486427058555,1.9495516312417747e-15,0.9999999752673416,1.3595310194947572,1.1416858850114224,0.03247148536672038,99.99999505346837,-2.6261648956025287,3.8004822493296277
27.0,2.0,1.0,1.0,0.1721532973921789,499.99996980387124,-1.3322676295501878e-17,0.9999999698038707,3.715681094595296,7.479809472424785,26,3.0047201182358565,3.573143032792743,6.93229393011143,457.3453718804492,1.6653345369377348e-16,-1.5265566588595902e-16,0.999999999965777,0.9999999999111161,0.6277206697271157,-0.012183028369070294,3.0644972770817684,1.3548041781790654,-7.105427357601002e-17,0.999999963297065,3.9356476938100737,-0.7650439456363005,99,-0.002174912191610061,-0.001210970287196565,0.49263738045817895,-2.9753977059954196e-15,0.9999999754869435,1.2362069115517482,1.1104162894539198,0.03266922460725976,99.99999509738875,-2.670029241843712,3.812861054314163
27.0,3.0,1.0,2.0,0.1721532973921789,499.99997366967676,7.105427357601002e-18,0.9999999736696764,3.5960033171284067,7.2101440839445345,27,2.899902015290185,3.8955664985069673,7.138754289653571,458.43841758189046,1.3322676295501878e-16,2.609024107869118e-16,0.9999999999624039,0.9999999999036095,0.7312021074188002,-0.012284267004340868,3.0537830479959527,1.347875870076702,5.329070518200751e-17,0.9999999581037082,3.9737517596798178,-0.8153024061944629,102,0.0002223557465312065,0.001955249050860776,0.3735310208114697,1.673772231924886e-14,0.9999999796746623,1.262883390890541,1.092628947144072,0.032958371957191056,99.99999593493251,-2.6933509451675026,3.688676501989657
27.0,4.0,1.0,2.0,0.1721532973921789,499.99997296637673,-1.4210854715202004e-17,0.9999999729663763,3.770579046417208,7.518615827038385,27,2.8020060182912117,2.8628310032961903,5.242642021744866,464.4954652736273,-5.551115123125783e-17,1.0824674490095276e-16,0.999999999962406,0.9999999999036103,0.7312826060352242,-0.012281826376126443,3.0535053039716358,1.347894620583541,-1.0658141036401502e-16,0.9999999543311382,3.9390693673354193,-1.0092763040418622,100,0.004971577620690693,-0.001706961838910383,0.4794364738804511,2.6423307986078726e-15,0.9999999793251806,1.3067244555951711,1.1547581136698195,0.03295918409709853,99.99999586503611,-2.686785579437635,3.7691044853502076
27.0,5.0,1.0,2.0,0.1721532973921789,499.99997270639875,7.105427357601002e-18,0.9999999727063984,3.715911048111785,7.2273493508752455,27,2.6685586522859452,1.120181907878374,3.647082323511971,470.3921748384327,-6.661338147750939e-17,3.8857805861880476e-17,0.999999999962406,0.9999999999036056,0.7312725035639194,-0.012280362715174712,3.053480768550236,1.3478819322505733,-5.329070518200751e-17,0.9999999476348126,3.878850595802688,-0.7407034430791176,103,0.0013545877052949184,0.0004946180411179407,0.2771439301275329,9.905409825705647e-15,0.9999999791598471,1.3108208714654015,1.1854607196535192,0.03301882752751468,99.99999583196944,-2.6996581061613565,3.57174085537251
27.0,6.0,1.0,2.0,0.1721532973921789,499.9999726009953,-1.7763568394002505e-17,0.9999999726009949,3.6624032874776704,7.598463881664042,27,2.707190430332018,1.9824574688663446,3.844502858848181,465.73053622169044,-1.554312234475219e-16,9.43689570931383e-17,0.9999999999624058,0.9999999999036092,0.731318624206995,-0.01227753630224705,3.0532074935133253,1.3478885698472491,3.552713678800501e-17,0.9999999542929612,4.185254631846552,-0.7974139613010327,100,0.002526284012239657,-0.0007495114300192274,0.2374469146599516,-1.5698553568199714e-14,0.999999979881164,1.4029076296795235,0.8983826049655925,0.03258332721953613,99.99999597623284,-2.6814456885118245,3.9512404644032966
27.0,7.0,1.0,2.0,0.1721532973921789,499.99997316641213,3.552713678800501e-18,0.9999999731664118,3.743795321361481,7.521230703668731,27,2.770135627846752,2.021048118912708,4.915408619344798,463.04254155665274,-1.554312234475219e-16,9.992007221626409e-17,0.999999999962407,0.999999999903615,0.7312853736780341,-0.012282233628344175,3.0530207603644715,1.3478882773223106,7.105427357601002e-17,0.9999999567265223,3.93592053963658,-0.6692899595922657,100,-0.000872925240848077,0.0017670679434955078,0.39657378752635,6.1817218011128716e-15,0.9999999797758157,1.4065314767547854,1.17487638936393,0.03262772763767441,99.99999595516316,-2.6656037539388917,4.025108536677758
27.0,8.0,1.0,2.0,0.1721532973921789,499.9999729321774,1.7763568394002505e-18,0.999999972932177,3.691362405584633,7.2186096037787095,27,2.790226513887035,2.181723062849824,5.166227480907454,468.30626918984115,-1.4432899320127036e-16,3.8857805861880476e-17,0.9999999999624058,0.9999999999036119,0.7313239263995067,-0.01227703796314721,3.052905818516877,1.3478810612338883,-5.329070518200751e-17,0.9999999565553666,3.874350561559621,-0.6662039858527198,101,-9.711515432751394e-05,-0.002620220014910086,0.4594472420303326,1.1179945857975327e-14,0.9999999793155382,1.3349962164979436,1.3349962164979436,0.032932329229868856,99.9999958631077,-2.657821551963757,3.820199964479121
27.0,9.0,1.0,2.0,0.1721532973921789,499.9999724526326,-1.4210854715202004e-17,0.9999999724526323,3.831130250697286,7.568839899176002,27,2.6380878601654603,1.2170871767200517,1.8638669721169425,473.31961670766344,-9.992007221626409e-17,1.2212453270876723e-16,0.9999999999624064,0.9999999999036167,0.7312484069867422,-0.01228180424180799,3.0535493623607186,1.3478719175025837,-1.7763568394002505e-17,0.9999999577533795,3.9485259542940048,-0.981390276761502,100,0.0016029113969205833,0.0027622668529099963,0.39478774625226976,-3.668176873361517e-15,0.9999999802461583,1.406789202286734,1.1046949687919425,0.03315398845179051,99.99999604923171,-2.6432242031699262,3.8207261874712515
28.0,0.0,1.0,1.0,0.3486354522260718,499.99996679297175,-1.0658141036401503e-17,0.9999999667929712,3.665213381735252,7.592503561871217,25,2.7737323630804096,2.9666402734579482,4.409298061941424,465.1473182363769,5.551115123125783e-17,5.551115123125783e-18,0.9999999999604122,0.9999999998971761,0.6276807958903171,-0.0121863437455047,3.06447478565322,1.3548197047471098,1.1324274851176597e-16,0.9999999569631298,4.154236416769428,-0.7544590827678838,96,-0.005093005552277457,-0.0005947000783137235,0.4977724862137092,-3.745226351270503e-14,0.9999999630948339,1.4511788532609962,1.279120353320147,0.03162492809127049,99.9999926189669,-2.543448209181283,4.105060203975141
28.0,1.0,1.0,1.0,0.3486354522260718,499.99996686028686,7.105427357601002e-18,0.9999999668602864,3.562554980710122,7.303586570976943,25,2.708671485867235,1.362903054363699,3.470755461227528,474.1990814151395,1.2212453270876723e-16,-5.551115123125783e-18,0.9999999999604124,0.9999999998971759,0.6276993097060088,-0.012185040152914065,3.064619831679193,1.3548115112300831,0.0,0.9999999576732711,3.994016683390351,-0.7291869085535534,94,0.001376241266345859,0.000421611839020663,0.3730686857664107,1.77369230414115e-14,0.999999964791689,1.2177693297291703,1.0285676698914674,0.03195198684036537,99.99999295833793,-2.5552507730419984,3.969709966692357
28.0,2.0,1.0,2.0,0.3486354522260718,499.9999725649111,-1.7763568394002505e-17,0.9999999725649107,4.072339764952314,7.645551807563059,26,2.994987621462207,4.622317005340049,8.531091877823169,458.3702450826339,-1.3322676295501878e-16,4.163336342344337e-17,0.9999999999553447,0.9999999998855015,0.7312307861878393,-0.012279430965291379,3.0534559213734283,1.347883923880395,7.549516567451065e-17,0.999999956149631,3.9077411218135465,-0.7293274013315024,98,0.0003968997909642691,0.0004377369329351991,0.33121848379002916,-1.659117287999834e-14,0.9999999692125487,1.4601168569568337,1.2383313417620627,0.032124813563437764,99.99999384250984,-2.6343745759114645,3.9177037386392106
28.0,3.0,1.0,2.0,0.3486354522260718,499.9999727507748,-7.105427357601002e-18,0.9999999727507745,3.454560348559563,7.38584642463265,26,3.010447552906183,3.8643883777103842,8.269634036079692,449.93287480211364,5.551115123125783e-17,3.8857805861880476e-17,0.9999999999553448,0.9999999998855152,0.7311933755166065,-0.012281285733755335,3.0533649002178618,1.3478881334996367,-4.440892098500626e-18,0.9999999606015099,3.757227680221188,-0.7561584948268254,100,-0.0012850387236490678,-0.003090068015803453,0.4947533400697801,-2.962075029699918e-14,0.9999999696082291,1.352082972338484,0.9789584021997528,0.03271698752621743,99.9999939216459,-2.6621432367634057,3.7702650924092334
28.0,4.0,1.0,2.0,0.3486354522260718,499.99997202404063,-1.4210854715202004e-17,0.9999999720240402,3.624359427269897,7.245189301319118,26,2.726689828690941,2.603428231721408,4.3644589185675615,465.0628339479505,-9.992007221626409e-17,-9.992007221626409e-17,0.999999999955346,0.9999999998855187,0.7313431324356283,-0.012282612040491424,3.05354199081966,1.3478941507494073,-4.4408920985006264e-17,0.9999999542960986,4.003013444983247,-0.965171295544558,98,0.0018724940411695811,-0.0027660527172782244,0.48114574593386195,1.1461942506230116e-14,0.9999999702051562,1.3902938803573066,1.0832548941898894,0.033018193689187354,99.99999404103129,-2.650194151446887,3.754065417652998
28.0,5.0,1.0,2.0,0.3486354522260718,499.9999720365146,0.0,0.9999999720365141,3.654023208553769,7.4462221730257525,26,2.706687178826271,1.2833574967442805,3.402708460460503,470.68050799098216,2.2204460492503132e-17,5.551115123125783e-18,0.9999999999553445,0.999999999885509,0.7312737269073486,-0.01228220783000224,3.053692344486341,1.347892818251736,8.43769498715119e-17,0.9999999634817673,4.095177519715973,-0.7258438261022888,98,-0.002695221439269264,0.00032626340512480147,0.34899429208363264,-9.49684775264359e-15,0.9999999703008249,1.2509400973534073,1.1623107267830322,0.03286040321573585,99.99999406016505,-2.650080638491224,4.1195253568681744
28.0,6.0,1.0,3.0,0.3486354522260718,499.99997626290383,-3.552713678800501e-18,0.9999999762629035,3.859406252990747,7.572484170710556,27,2.740621497068907,1.9334596640324915,4.051269508787315,472.9534677998141,-8.881784197001253e-17,-1.0547118733938987e-16,0.9999999999493038,0.9999999998715274,0.6909062674834974,-0.012199381929422375,3.0425514866021257,1.3410729100959067,1.7763568394002505e-17,0.9999999589314504,3.8956170158057546,-0.6590825092309918,100,0.0018341921085804859,0.0008325863867339556,0.3061751076254744,-8.772982340587987e-15,0.999999974279385,1.397138387946131,1.1031154851367593,0.03312307548151069,99.99999485587706,-2.6878384856949595,3.944725877225424
28.0,7.0,1.0,3.0,0.3486354522260718,499.9999764983322,3.552713678800501e-18,0.9999999764983319,3.629577810259616,7.215435183346717,28,2.8394093809475835,3.083318493794658,6.772768870325712,464.93749338251945,7.771561172376095e-17,-3.3306690738754695e-17,0.9999999999493053,0.9999999998715277,0.6907435923528922,-0.012203848450925711,3.0427326394972596,1.3410585190918354,0.0,0.9999999551386879,3.898398417113997,-0.7170792464954081,98,0.0027692870549867223,-0.001545961530425139,0.41277780012493004,1.9317880628477724e-16,0.9999999735119623,1.449013806706761,0.973593583098951,0.03261116046705016,99.99999470239254,-2.655572498148146,3.852769404700032
28.0,8.0,1.0,3.0,0.3486354522260718,499.9999759582821,0.0,0.9999999759582818,3.8286021405137367,7.654069361353226,27,2.672763579658059,1.1030241434471058,3.2792074833966933,473.5710844389687,-2.2204460492503132e-17,-3.053113317719181e-17,0.9999999999493022,0.9999999998715356,0.690939292645466,-0.01219708517023598,3.042674478865676,1.34108313576666,-6.217248937900877e-17,0.9999999552724097,3.91520644641288,-0.6805678382443786,98,0.00015492226987093627,-0.0014200334781424306,0.3869470418960983,-1.581623720880998e-14,0.9999999734854732,1.3677008972752325,1.114339146339543,0.03320858985103534,99.99999469709472,-2.690961098885974,3.5831815341726627
28.0,9.0,1.0,3.0,0.3486354522260718,499.9999758342046,7.105427357601002e-18,0.9999999758342043,3.807017429438033,7.6249168073318065,27,2.774318465196723,2.421055253958078,6.216219696140638,463.0637371916217,5.551115123125783e-17,-8.326672684688674e-18,0.9999999999493032,0.9999999998715371,0.6908722421813488,-0.012200051763033232,3.042658273817529,1.3410837568340443,-1.2434497875801754e-16,0.9999999606431933,4.069309535303589,-0.8968034825984995,100,0.00044965584613805733,0.0007762926447625943,0.41002831455236866,-3.752553823233029e-16,0.9999999738002784,1.4193454072812552,1.201632617375837,0.03309450949707506,99.99999476005576,-2.6897041625436033,4.015484850746716
29.0,0.0,1.0,3.0,0.1016705725194523,499.99997121035256,4.440892098500626e-18,0.9999999712103521,3.62501031517606,7.260135025718852,25,2.67467369074163,1.8144922352056134,4.346106100031037,470.2578430838231,2.2204460492503132e-17,6.661338147750939e-17,0.9999999999570618,0.9999999998911878,0.6909599216368094,-0.012197417306317215,3.0427378830750915,1.3410733855354575,7.105427357601002e-17,0.999999953471642,4.014967131015615,-0.7347692107982111,104,0.0006423594379675057,-0.0007400550212372309,0.4464395553915139,-1.169730978745065e-14,0.9999999565924178,1.403846002952157,1.33889160848093,0.03187776725002271,99.99999131848375,-2.5808503841366273,3.7761862430302027
29.0,1.0,1.0,3.0,0.1016705725194523,499.9999720005277,1.7763568394002505e-18,0.9999999720005273,3.3466063179061587,7.109450407731286,25,3.003110777717481,4.7690636373153845,12.085152827631372,450.94179854929587,-1.3322676295501878e-16,3.608224830031759e-17,0.9999999999570629,0.9999999998911965,0.6909232371394083,-0.012197276967798005,3.0425511667605507,1.3410653174610798,-1.7763568394002505e-17,0.9999999550194859,4.074123422636254,-0.8853644330861186,104,-0.001798972807046808,-0.0011203911074360506,0.44050431608174634,1.5749623827332472e-14,0.99999995807963,1.3891809705741565,0.9010107559468932,0.03217572813296566,99.99999161592619,-2.612816584289928,3.866202123099683
29.0,2.0,1.0,3.0,0.1016705725194523,499.9999716994155,-1.2434497875801754e-17,0.999999971699415,3.575597553284088,7.297318721048368,25,2.829738085658826,2.059239716585369,5.407998322703435,467.17818264295863,5.551115123125783e-17,2.7755575615628914e-17,0.999999999957066,0.9999999998912052,0.6908640719533283,-0.012200454107685492,3.042695556972235,1.3410494691831087,5.329070518200751e-17,0.9999999606328739,4.0410174967846775,-0.8130270158569693,103,-0.0017902557235264405,0.0028954503825780746,0.14075454604875048,1.134869975771835e-14,0.9999999590327048,1.5623903665280017,1.251572100854058,0.03262818658843087,99.99999180654115,-2.6772601300144414,3.876396665104804
29.0,3.0,1.0,3.0,0.1016705725194523,499.99997128715677,-1.4210854715202004e-17,0.9999999712871563,3.898448757113493,7.532803793881141,25,2.9209841036063486,2.7925858801313015,6.0799814119385385,455.1741390362687,-4.4408920985006264e-17,4.4408920985006264e-17,0.9999999999570616,0.9999999998911915,0.6909058463357947,-0.012197059642718869,3.042617789278654,1.341062945665389,8.881784197001253e-17,0.9999999551708866,3.915930405183485,-0.6660355077470579,103,-0.0010426467332998457,-0.0015538360462498465,0.29452732914093716,-2.7385871348428735e-14,0.9999999590143426,1.5581185645062283,0.9007105350455872,0.031245066427040565,99.99999180286872,-2.48336629598255,4.306599363065238
29.0,4.0,1.0,3.0,0.1016705725194523,499.99997131496343,-1.2434497875801754e-17,0.999999971314963,3.573385388289413,7.377483359236795,25,2.8055673996611716,2.6045904194307066,6.475347701153549,468.1894089597961,1.1102230246251565e-16,6.661338147750939e-17,0.9999999999570608,0.9999999998911894,0.6908769359335916,-0.012198654789318284,3.042831224798521,1.3410499168885814,0.0,0.9999999576589921,3.91210122087477,-0.881830214642089,105,-0.0019643515232191868,-0.00025089571930747123,0.3724414236539779,1.4070966614099233e-14,0.9999999596451513,1.7271895635290293,0.8830640756387196,0.031106619555770456,99.9999919290304,-2.470034240700384,4.214826068904987
29.0,5.0,1.0,3.0,0.1016705725194523,499.9999711103519,-8.881784197001253e-18,0.9999999711103514,3.7108400963038863,7.4298471693742405,25,2.792933904913358,2.429182460477252,3.58422425249157,463.25737356019647,1.1102230246251565e-16,8.604228440844963e-17,0.9999999999570611,0.9999999998912106,0.6909381531124279,-0.012197717045699946,3.0425105346039802,1.3411213026997166,-1.2434497875801754e-16,0.9999999605319663,3.997086424970134,-0.6648217243218606,105,-6.885408650793679e-05,-0.0007044925887556042,0.4159787756642679,1.544098182648668e-14,0.999999956596252,1.4933592912407296,1.132978268862212,0.032284057876499905,99.99999131925055,-2.616627300568964,4.004517372654867
29.0,6.0,1.0,3.0,0.1016705725194523,499.9999715265492,-1.2434497875801754e-17,0.9999999715265487,3.701362313738578,7.445101170898173,25,2.7620955207419886,2.7710148866268236,4.6662388713707506,470.18118744038907,-1.3322676295501878e-16,-3.608224830031759e-17,0.9999999999570625,0.9999999998911867,0.6909152150011192,-0.012194441328115969,3.042903835118845,1.3410565363670075,-1.4210854715202004e-16,0.9999999576443266,4.110541565903073,-0.7690537829930921,103,0.002447656476062017,-0.0027222511805843597,0.5197076657315272,-1.3464784842653899e-14,0.9999999577865564,1.668972908379238,1.306057830960108,0.03176606716229646,99.99999155731146,-2.6026433159839506,4.193072115035946
29.0,7.0,1.0,3.0,0.1016705725194523,499.99997099270456,3.552713678800501e-18,0.9999999709927041,3.587482160034769,7.421176645584701,25,2.6102874565914,0.9394996955440769,2.203230866331291,477.00382034762134,1.7763568394002506e-16,1.0269562977782698e-16,0.9999999999570616,0.9999999998911981,0.6908838260753656,-0.012196566108972007,3.0426038118855607,1.3410656368378504,5.329070518200751e-17,0.9999999524392831,3.99582495782806,-0.6948911517002698,103,-0.0008066739061029072,-0.001443436412666582,0.34191893635124515,-1.9411139362546237e-14,0.9999999573314499,1.406742946533659,1.323443045923446,0.032165351956565315,99.99999146629014,-2.6144304689081546,4.236075010221898
29.0,8.0,1.0,3.0,0.1016705725194523,499.99997170964207,-1.2434497875801754e-17,0.9999999717096416,3.5730612875898577,7.042211442170687,25,2.9069140833395064,4.087463178567779,6.339137639514166,459.1093073957993,8.881784197001253e-17,3.3306690738754695e-17,0.99999999995706,0.9999999998912,0.6909019042442911,-0.012199427406648755,3.0423865780219383,1.341064637418994,2.486899575160351e-16,0.9999999581082032,4.128043822704577,-0.915761805112382,105,-0.0031505482337974146,-0.00011284061339661755,0.5055975098048471,1.7927881401647027e-14,0.9999999579690819,1.5812833679527645,1.3243498007741616,0.03177908121976553,99.99999159381656,-2.5557760823254574,4.328600614977102
29.0,9.0,1.0,3.0,0.1016705725194523,499.9999716229182,-1.0658141036401503e-17,0.9999999716229178,3.6942289331218463,7.415202078064128,25,2.7246917179161647,1.7327672871694724,3.505096730578854,473.20317532795366,1.3322676295501878e-16,1.3322676295501878e-16,0.9999999999570611,0.9999999998911963,0.6909548928267621,-0.012197859702314628,3.0429668821087095,1.3410703086392257,0.0,0.9999999583617724,3.920060839932789,-0.6746532801315488,103,7.587328168980223e-05,0.0005915260265085462,0.38841744937510825,-3.323341601912943e-14,0.9999999601058485,1.4687475189538308,1.2613238365630903,0.031940212711043435,99.99999202116987,-2.550603453223008,4.078396438418803
30.0,0.0,1.0,2.0,0.3886284667983669,499.9999745234529,-1.7763568394002505e-18,0.9999999745234526,3.918439092504512,7.684305446501863,28,2.8434269965819885,2.771364017876108,5.836223081791869,465.5776644491649,2.2204460492503132e-17,9.71445146547012e-17,0.9999999999579652,0.9999999998922364,0.7312416816900222,-0.012283331467332712,3.0536315258755824,1.347871277478333,-1.2434497875801754e-16,0.9999999602532843,4.097813087409279,-0.8436763284397694,99,-0.0012237115465405424,-0.0038682976571415765,0.5166708738637675,6.425970866530406e-15,0.9999999725796539,1.5495989891423725,1.5244918256204656,0.032540829038578,99.99999451593084,-2.631596383236017,3.9771719226311353
30.0,1.0,1.0,2.0,0.3886284667983669,499.99997418971054,-3.552713678800501e-18,0.9999999741897102,3.767042120054799,7.514130000230929,28,2.904392455438682,2.9820914306585395,7.486408901326247,459.19948361568197,1.9984014443252818e-16,4.718447854656915e-17,0.9999999999579656,0.9999999998922249,0.7312443144691902,-0.012281903226970826,3.05376616440931,1.3478741004409993,2.6645352591003756e-17,0.9999999533249521,4.032217364145334,-0.5993232894153729,99,-0.0007263170844829503,0.0003023426076414461,0.375583561807165,-9.625633623500108e-15,0.9999999716580098,1.5155800084919302,0.8428867101622405,0.0324773673969055,99.99999433160205,-2.661161634402338,4.000828488791091
30.0,2.0,1.0,3.0,0.3886284667983669,499.9999769378068,-2.6645352591003758e-18,0.9999999769378066,3.666233028242064,7.278293932207766,29,2.686153002870339,1.1818442670815006,3.7694845861535433,468.64850855502414,-1.9984014443252818e-16,1.3877787807814457e-16,0.9999999999541253,0.9999999998837609,0.690870026108245,-0.012200117095035122,3.042608770085154,1.3410521913864124,8.881784197001253e-17,0.9999999577203356,4.108941214723772,-0.7426126600313449,101,-0.0022891669226395004,0.0008889962864209067,0.14614378393069494,-4.483080573436382e-15,0.9999999736614719,1.419925154706852,1.2425879861118334,0.03267570246978642,99.99999473229444,-2.6008232107928464,3.6831201072030977
30.0,3.0,1.0,3.0,0.3886284667983669,499.9999772436351,-7.105427357601002e-18,0.9999999772436349,3.5390216031258657,7.182932688011157,29,2.6662082578318476,1.884467659569347,2.840636807799719,468.85123750738865,-4.4408920985006264e-17,8.326672684688674e-17,0.9999999999541288,0.9999999998837451,0.6909118416168614,-0.012201191811029334,3.0427789074579565,1.3410720802404925,-4.4408920985006264e-17,0.9999999585477488,3.9249827610408334,-0.9251549763329012,99,0.0019788618151054525,-0.006583840634452445,0.48279992312109243,-1.3697931677825181e-14,0.9999999735850637,1.4117150453158538,1.0315757977447384,0.0320899718877624,99.99999471701283,-2.622991874675157,4.058266738019041
30.0,4.0,1.0,3.0,0.3886284667983669,499.99997781765876,0.0,0.9999999778176585,3.7413702044138137,7.465277703199833,29,2.730272611841185,2.117845744209363,3.9308775046531603,464.33974696277255,-1.7763568394002506e-16,9.71445146547012e-17,0.9999999999541238,0.9999999998837651,0.69090161519075,-0.012197863587754515,3.042708324445112,1.3410488577618132,-3.552713678800501e-17,0.999999960660762,4.082001542900096,-0.7676802229910895,98,-0.00025619840501343025,-0.0032227447120495856,0.37104898322977675,-8.881784197001252e-16,0.999999974413524,1.3003667413426994,0.8842609621038289,0.03292484227419151,99.99999488270484,-2.692813723503951,3.645984900480342
30.0,5.0,1.0,3.0,0.3886284667983669,499.99997704143595,0.0,0.9999999770414357,3.8173435821901434,7.5045321256493445,29,2.8231042312412056,3.1151601261643433,5.8487519487000466,461.93943718087814,1.887379141862766e-16,-1.6653345369377348e-16,0.9999999999541253,0.9999999998837497,0.6909149876725639,-0.012196264035643174,3.0427589687229104,1.3410753739823105,-8.881784197001253e-18,0.9999999585899593,4.077025619907231,-0.7548080623275912,100,-0.0009304205176506608,-0.000563271782223857,0.5448494858609436,-8.881784197001253e-18,0.9999999749587115,1.5434873979011758,1.5434873979011758,0.03315618085303968,99.99999499174237,-2.6770977391498834,4.007910473706288
30.0,6.0,1.0,3.0,0.3886284667983669,499.99997745500036,7.993605777301126e-18,0.9999999774550001,3.638454327210703,7.433358361998678,29,2.8452772134017414,2.4149673544347148,5.970144019861617,465.27478991485714,1.1102230246251566e-17,8.326672684688674e-18,0.9999999999541236,0.9999999998837499,0.6909147313094055,-0.012195347785880412,3.0424297551638686,1.341071065078267,-3.552713678800501e-17,0.9999999573490036,3.78735914177599,-0.9781444405466398,100,-0.0026003604068550756,-0.0025638947330455797,0.5217318932361685,1.1959322421262186e-14,0.9999999748568114,1.2812363710753278,1.1814677643205502,0.03318304807299766,99.99999497136236,-2.6983972270816947,3.4798027922793437
30.0,7.0,1.0,3.0,0.3886284667983669,499.99997687409365,9.769962616701377e-18,0.9999999768740934,3.646685952644392,7.366527965898642,29,2.5755694443513666,0.8131011775031315,1.4205140669585066,475.7912660213371,0.0,-2.7755575615628915e-18,0.9999999999541245,0.9999999998837517,0.6909555911358972,-0.012197222311834007,3.042558245238116,1.3410777553201734,0.0,0.9999999615414146,3.97841239478104,-0.6817844526969978,99,0.0022031512595883694,0.0006796779828375858,0.369933379865218,-8.1512574467979e-15,0.9999999744942465,1.2667956969719036,1.0735897609817566,0.03296170506370932,99.99999489884937,-2.7047188826272954,3.7990786676109147
30.0,8.0,1.0,3.0,0.3886284667983669,499.99997705847375,-5.773159728050814e-18,0.9999999770584735,3.794090693025807,7.608891130476108,29,2.5837831657501953,0.544041991269868,1.3309330866867468,475.27470427232106,9.992007221626409e-17,-1.0824674490095276e-16,0.9999999999541253,0.9999999998837611,0.6908701855890882,-0.01219557773634333,3.0419134410102164,1.3410615333418676,-1.7763568394002505e-17,0.9999999572003041,3.916237472958511,-0.6794223333935093,99,-1.470725582737753e-05,-0.0012675815147802142,0.4253963101863292,-6.94999613415348e-16,0.999999975018282,1.425760787157758,1.3380940388500944,0.03289560756486539,99.99999500365648,-2.6716427695861666,3.74013968952432
30.0,9.0,1.0,3.0,0.3886284667983669,499.9999769524008,-1.0658141036401503e-17,0.9999999769524005,3.790032428583776,7.5069208481361684,29,2.849982887868376,2.319467386104835,6.2112979572412765,460.805283668736,-1.9984014443252818e-16,1.1379786002407854e-16,0.999999999954123,0.9999999998837321,0.6908757632929925,-0.012192586963252195,3.0424414621436466,1.341076181310612,2.6645352591003756e-17,0.999999959660988,3.914209415006952,-0.8810488080700762,101,-0.00015074918534440762,0.00017901674405150503,0.24098067619046226,-1.1171064073778326e-14,0.9999999741999758,1.3818548999578142,1.1828289023566303,0.03276694771732443,99.99999483999521,-2.610996283932211,3.700687030010571
31.0,0.0,1.0,2.0,0.2829235760856675,499.999972922353,3.552713678800501e-18,0.9999999729223527,3.5479903368481343,7.3868811195399875,28,2.8574473941325325,4.498122529243312,4.9829580219499165,454.12374191690253,-2.331468351712829e-16,5.551115123125783e-17,0.9999999999621128,0.9999999999028617,0.7312845586478336,-0.01228216411340716,3.0533887934393746,1.3478831303897123,3.552713678800501e-17,0.9999999530965742,4.160864640518645,-0.9706231371651508,109,0.0029906578760688428,-0.003756525924708116,0.6872499004695456,-7.533973445106312e-15,0.9999999752959468,1.3338125174565172,1.260841736384445,0.032719970261412504,99.99999505918943,-2.68654185759737,3.7021003049265886
31.0,1.0,1.0,2.0,0.2829235760856675,499.99997249114944,3.552713678800501e-18,0.999999972491149,3.906550053103401,7.71420443096802,28,2.7239454444047455,2.368657846541171,3.923079476911984,466.1527428049277,7.771561172376095e-17,-6.38378239159465e-17,0.9999999999621129,0.9999999999028676,0.7312531420299619,-0.012282820590248482,3.0535101366342405,1.3478866043201911,1.2434497875801754e-16,0.9999999597346402,3.942373205168298,-0.9028096651629808,106,0.0011107357715809435,-0.0020336998284172215,0.3962762769626238,-6.978861932793734e-15,0.9999999755452931,1.3396987150281925,0.8676177790378429,0.03246080796330766,99.99999510905867,-2.649404865721549,4.274081931686096
31.0,2.0,1.0,2.0,0.2829235760856675,499.9999720366292,-5.3290705182007515e-18,0.9999999720366287,3.570439923840056,7.203298487975502,28,2.6694134608194178,1.9974962019975206,4.220387748918561,467.6823926697683,-1.1102230246251566e-17,-3.608224830031759e-17,0.9999999999621122,0.9999999999028583,0.7312330228427509,-0.012283728934741911,3.0537388963981793,1.3478952920030665,3.552713678800501e-17,0.9999999591913065,4.239684645186959,-0.8020270341431339,109,0.001563616447568948,0.0017401032312349463,0.14244462752872167,-6.197264923457624e-15,0.9999999743946855,1.469983487214521,1.1970946157367512,0.03222768028695517,99.99999487893714,-2.6263362246657156,4.016672266832543
31.0,3.0,1.0,2.0,0.2829235760856675,499.9999720318634,7.993605777301126e-18,0.999999972031863,3.64560995808582,7.293898840666889,28,2.7319158615272925,1.6749312788072592,3.1359803469417016,469.07324836476096,7.771561172376095e-17,2.220446049250313e-16,0.9999999999621112,0.9999999999028547,0.7312675416800682,-0.01228003239878676,3.053382721518684,1.3478766861411144,-1.4210854715202004e-16,0.9999999576175861,4.014659143692551,-0.7694657212481403,109,-6.676161684377901e-05,-0.002778543872960264,0.4045441006260191,5.537792446830281e-15,0.9999999749340641,1.3110840349678048,1.1577420222623789,0.03279086655522795,99.99999498681287,-2.6383614500504784,3.668285585111772
31.0,4.0,1.0,3.0,0.2829235760856675,499.99997533023827,0.0,0.999999975330238,3.879595699757695,7.739811356046538,29,2.7078415459996457,1.63691010378154,3.4180277309211444,468.41978099915906,-1.2212453270876723e-16,-1.249000902703301e-16,0.9999999999574609,0.999999999892211,0.6908825941852292,-0.01219473747425155,3.0420784302954855,1.341068377938982,-7.105427357601002e-17,0.9999999572304201,4.1117391605565095,-0.9471148639382736,113,-0.0023868990747422276,0.0022094570038964745,0.3595592300761652,-1.0309531006669204e-14,0.999999978957245,1.7559627606617254,1.5053065090264035,0.032839201534596144,99.99999579144908,-2.6601457098123586,4.140253338182217
31.0,5.0,1.0,3.0,0.2829235760856675,499.9999752212448,1.7763568394002505e-17,0.9999999752212445,3.813856854397972,7.724012907969681,29,2.6896582336081414,1.3368307237594492,4.464544298728469,467.0883086529135,-1.1102230246251565e-16,6.38378239159465e-17,0.9999999999574622,0.9999999998922086,0.6908652902955509,-0.012198661762600831,3.0427287506034397,1.341074750524072,1.0658141036401502e-16,0.999999959388817,4.071397046567791,-1.024713770162505,111,0.0021994384387304545,-0.002410291218860237,0.46193336050662737,6.303846333821639e-15,0.9999999789359304,1.3064530615094945,1.1792457073714138,0.0332382841608158,99.99999578718612,-2.720537269159747,3.5831445187137447
31.0,6.0,1.0,3.0,0.2829235760856675,499.99997558169173,0.0,0.9999999755816914,3.8937443955113302,7.361521462321073,29,2.8455615517206105,3.2703482703092126,5.371396693695054,462.48288888552975,1.887379141862766e-16,2.4980018054066023e-17,0.9999999999574637,0.9999999998922108,0.6909376794041353,-0.01219340346712569,3.0425879131896427,1.3410775729395148,7.105427357601002e-17,0.9999999613511997,4.075209428264767,-0.9321323322792306,111,-0.0011352004252910958,0.0015333990060687047,0.14673143980491687,7.460698725481052e-16,0.9999999787807865,1.3256260227921064,1.0183009238715062,0.032927461987475905,99.99999575615736,-2.671528653449263,3.8569322745735226
31.0,7.0,1.0,3.0,0.2829235760856675,499.99997622838055,7.105427357601002e-18,0.9999999762283802,3.5578237652769653,7.111068395839862,29,2.907207750676146,3.575634085375953,5.504988267237495,461.8073422871678,-7.771561172376095e-17,-1.1102230246251565e-16,0.9999999999574639,0.9999999998922213,0.6908993136605934,-0.012198140481116157,3.042574617010584,1.3410527463070594,-7.105427357601002e-17,0.9999999562525851,4.002917112909662,-0.8579061672617189,110,0.002985649389663755,0.0018649528716183966,0.36830816770662267,1.2601031329495527e-14,0.9999999786019652,1.3855214392486148,1.09470570556698,0.03276192971378869,99.99999572039309,-2.6878524604187346,4.055179548309328
31.0,8.0,1.0,3.0,0.2829235760856675,499.9999750745618,3.552713678800501e-18,0.9999999750745615,3.693739872249092,7.366398645900625,29,2.6866259325167277,1.6663487496573952,3.8842941602862204,469.21417078400924,-1.1102230246251565e-16,6.106226635438361e-17,0.9999999999574655,0.9999999998922152,0.690905327161011,-0.012200621824501216,3.042573693523225,1.341085739879513,3.552713678800501e-17,0.9999999549298679,3.8615477695992255,-0.7261624397515517,113,-0.000142471087264332,0.0002707038502694872,0.46568810060060173,1.5807355424612978e-14,0.9999999786064019,1.4420832823652552,1.4420832823652552,0.03298473653306448,99.9999957212804,-2.671135989877199,3.9544288448717673
31.0,9.0,1.0,3.0,0.2829235760856675,499.99997517940244,1.0658141036401503e-17,0.9999999751794021,3.652568474963741,7.515001330665681,29,2.759919778202152,1.962296350006616,3.2722794821779546,467.5655940307156,-6.661338147750939e-17,-1.3877787807814457e-17,0.9999999999574638,0.9999999998922166,0.690918925084207,-0.012196116434477315,3.042668211515926,1.3410795881662103,0.0,0.9999999585726504,3.905928720341422,-0.6353584011864168,112,1.9230591467686298e-05,0.0007574028929661159,0.3909057987483209,9.85656001262214e-15,0.9999999789591226,1.3762668931939996,1.337667500841179,0.03287211263754559,99.99999579182457,-2.664499931416944,3.91568875785251
32.0,0.0,1.0,1.0,0.3067530259434529,499.99996618039154,1.7763568394002505e-18,0.999999966180391,3.7991969438179503,7.733780086713144,27,2.822511478442795,2.5748931380528943,4.7527920816592095,464.3378378439961,7.771561172376095e-17,-4.4408920985006264e-17,0.9999999999686489,0.9999999999185656,0.6276528549274797,-0.012183696294717779,3.0644981303044596,1.3547968820132144,1.4210854715202004e-16,0.9999999619769271,4.03778213275772,-0.6556472616564637,108,-0.0010725935742400645,-0.0011552517209537155,0.27211780331607116,-5.548894677076532e-15,0.9999999788562821,1.2310444116586383,1.0489575350067326,0.0324217754009135,99.99999577125644,-2.6184322227956103,3.8470894843775785
32.0,1.0,1.0,1.0,0.3067530259434529,499.9999661453801,8.881784197001253e-19,0.9999999661453794,3.679679646321959,7.355190268882337,27,2.705344121373708,1.268770573723343,3.4002639036313353,470.225346544084,8.881784197001253e-17,1.4710455076283324e-16,0.9999999999686501,0.9999999999185724,0.6277036365386803,-0.0121838040922159,3.064446616340299,1.3547993491055934,0.0,0.999999945955411,3.861501594821727,-0.8333315989066669,110,0.0018618567368954497,0.0008761939414062553,0.3430985045878572,9.06830166513828e-15,0.9999999797516081,1.3392611745926193,0.9305321581595576,0.03223179191130357,99.99999595032169,-2.6140356418163115,3.8910241810202173
32.0,2.0,1.0,2.0,0.3067530259434529,499.9999709500207,7.105427357601002e-18,0.9999999709500204,3.5877640589551785,7.537336202997443,28,2.9588051395410284,3.4337152086002694,6.943078148033283,460.34941697325723,1.6653345369377348e-16,8.604228440844963e-17,0.9999999999659459,0.9999999999126795,0.7312379825281801,-0.01228254982629495,3.0530473413035484,1.3478844953073614,7.105427357601002e-17,0.9999999531842949,4.005895137070538,-0.9359717772537042,109,0.0030755927846274674,-0.002760788062787263,0.6277267451310209,-2.4291679778798424e-15,0.9999999836779725,1.3414280274427253,1.2085363331890286,0.032910768330262324,99.99999673559454,-2.6859939195712417,3.8438296068798987
32.0,3.0,1.0,2.0,0.3067530259434529,499.9999709096233,0.0,0.9999999709096229,3.5433144802785024,7.272135068061912,28,3.089903800783674,4.617734634575003,10.197759366027423,454.6865624914038,1.1102230246251565e-16,1.8596235662471373e-16,0.9999999999659452,0.999999999912685,0.7312523796005073,-0.012281661076425542,3.0533908056294514,1.347889800694611,1.0658141036401502e-16,0.9999999591209563,3.987265783510501,-0.6649330860861433,111,0.0005972960305245537,0.0025204858229567985,0.41549243736664465,-3.1308289294429414e-15,0.9999999836845086,1.4150963055095027,1.4150963055095027,0.03308023481872025,99.99999673690176,-2.7128243361162667,3.8183882699670515
32.0,4.0,1.0,2.0,0.3067530259434529,499.9999712108305,-3.552713678800501e-18,0.9999999712108301,3.96439367298248,8.174351784893002,28,2.907230451737597,3.2350081271141895,6.687822554108716,463.36886385154935,-3.3306690738754695e-17,-3.608224830031759e-17,0.9999999999659461,0.9999999999126867,0.7312671609433838,-0.012283125627681251,3.0534939997180692,1.347886425242757,7.105427357601002e-17,0.9999999546615695,3.814050103711808,-0.7266526117411255,108,0.002199457233264134,0.00048174705818211595,0.3003543173310135,5.884182030513329e-16,0.9999999834686905,1.330254566347489,1.0709384025923667,0.03278869316353135,99.99999669373814,-2.658209911765552,3.8454958081357447
32.0,5.0,1.0,2.0,0.3067530259434529,499.99997180895963,-7.105427357601002e-18,0.9999999718089592,3.7129547756181713,7.500144121453248,28,3.0008946191921377,4.936557216400818,9.319936181670545,453.3154294435754,-1.4432899320127036e-16,-2.220446049250313e-16,0.9999999999659442,0.9999999999126824,0.7312824264752658,-0.01228131781213898,3.0534872285325956,1.347892178394756,7.105427357601002e-17,0.9999999578514656,4.150945008660548,-0.9625143374667428,110,0.000980945084625959,0.0023518872862932113,0.35571134121453696,1.4768186673563833e-14,0.9999999837424801,1.2637789719858663,1.0622394373377897,0.03283142716914527,99.99999674849606,-2.677027249458428,3.778162942949286
32.0,6.0,1.0,2.0,0.3067530259434529,499.99997054660207,1.7763568394002505e-17,0.9999999705466016,3.645416236314856,7.441580839970504,28,3.024806923879332,4.2126254631241045,8.718203436800707,458.3882458728338,-1.1102230246251565e-16,1.1102230246251566e-17,0.999999999965946,0.9999999999126864,0.7312310133583507,-0.012280641445423691,3.0531445214013924,1.3478926746889606,7.105427357601002e-17,0.9999999549392506,4.024374567930988,-0.9106910943078906,109,0.00014930090683883623,-0.0002032526232757273,0.26021003572788715,-4.201083925181593e-15,0.999999983620262,1.2529213942529962,1.1043888206014154,0.03306041983406395,99.99999672405244,-2.6958467135554223,3.662511572167195
32.0,7.0,1.0,3.0,0.3067530259434529,499.99997375912983,3.552713678800501e-18,0.9999999737591295,3.865679585093568,7.502717801861086,29,2.709433230336513,1.6590454456100192,3.138430947479902,466.0141737282525,1.1102230246251566e-17,2.4980018054066023e-17,0.9999999999629544,0.9999999999061326,0.6908118323346054,-0.012198359696220011,3.0428069656203744,1.3410744456223724,0.0,0.999999955233113,3.9087488274389073,-0.6388689736724832,112,-0.0007180216436636222,-0.0007690680751226756,0.46727144092994166,-7.438494264988549e-15,0.999999986366755,1.227242754176164,1.1546284767656725,0.03304264148352867,99.99999727335101,-2.6939688134700575,3.737217459437029
32.0,8.0,1.0,3.0,0.3067530259434529,499.9999742816069,-3.552713678800501e-18,0.9999999742816066,3.6365757992183454,7.212142798408385,29,2.8909804938055474,3.438441042841058,8.814076852342764,456.56206741023317,1.4432899320127036e-16,8.049116928532385e-17,0.9999999999629547,0.9999999999061263,0.6909427424273902,-0.012194910262866666,3.0429125724852684,1.3410307114099755,-7.105427357601002e-17,0.9999999569811581,3.979238419945468,-0.7085210491845809,112,0.000492272652819746,0.0017598153112808046,0.21206585680226198,-5.32018873400375e-15,0.999999986416112,1.3681159911890246,1.1197405446265083,0.03310821420575422,99.99999728322243,-2.6970267821822533,3.607264857232273
32.0,9.0,1.0,3.0,0.3067530259434529,499.99997369628124,7.105427357601002e-18,0.9999999736962809,3.8159674589497103,7.415437224524661,29,2.6541879679983627,1.5217202204665126,2.855039467605677,467.9220213809228,2.2204460492503132e-17,-1.9428902930940238e-17,0.9999999999629555,0.9999999999061254,0.6909514949603398,-0.01219763503823235,3.0424611795557617,1.341080669017561,-1.4210854715202004e-16,0.9999999585016696,4.101393598306488,-0.8209609078582758,109,-0.0008137616958887478,0.005731736301042473,0.06934012544956403,2.760014439218139e-15,0.9999999862782245,1.3160316271117811,1.241264835133165,0.033184945659569594,99.99999725564493,-2.6798323485696782,3.5895480690803376
33.0,0.0,1.0,1.0,0.3199352330429724,499.99997211153476,-1.0658141036401503e-17,0.9999999721115344,3.5974998054088463,7.284450625505066,30,2.9637250312831505,3.1651177104766903,7.326998871037084,450.4891344462254,-9.992007221626409e-17,-5.2735593669694933e-17,0.9999999999624974,0.999999999902591,0.6276328904062705,-0.012182478436984482,3.064178482502146,1.354801195127985,4.440892098500626e-18,0.9999999566451725,3.962008127553633,-0.8542910275174815,98,-0.0041304343661432204,-0.0025012694729185277,0.49024746648532336,2.7360336218862358e-14,0.9999999603159179,1.904353022952055,0.9881429810773764,0.03156046625238752,99.99999206318374,-2.55684606498545,4.471217096500661
33.0,1.0,1.0,1.0,0.3199352330429724,499.99997178784446,1.4210854715202004e-17,0.999999971787844,3.793276974576564,7.306493962919305,29,3.03377347681363,6.0447700209390085,9.348251148297052,446.14975000570627,-2.2204460492503132e-17,1.1657341758564144e-16,0.9999999999624986,0.999999999902585,0.6276979372332436,-0.01218421762443136,3.0648551622737474,1.3548090528454815,-2.6645352591003756e-17,0.9999999599553588,4.084437603029138,-0.9370727766501692,100,0.0026715661761857845,-0.004593995992385415,0.6412737297482103,5.853095785823825e-15,0.9999999606531905,1.6289765339599689,1.09820911809765,0.031341008573572395,99.99999213063825,-2.5987665022297763,3.8997590281931886
33.0,2.0,1.0,1.0,0.3199352330429724,499.99997138835835,1.0658141036401503e-17,0.9999999713883579,3.77397102269968,7.325747383727192,29,2.8082336274064765,3.7233346606066466,5.759818290413753,461.628818746197,-1.2212453270876723e-16,2.7755575615628915e-18,0.9999999999624988,0.9999999999025924,0.6276639157433739,-0.012186216114939051,3.0647438338442643,1.3548038648223,1.0658141036401502e-16,0.9999999598914552,3.951998468176656,-0.565099124565367,99,-0.0008776047863083725,-0.00015199447525048566,0.4138817706548057,2.622013717257232e-14,0.9999999585392003,1.5973065398827933,0.6396788140055562,0.03214336810044369,99.99999170784027,-2.622932550988478,4.134870985392508
33.0,3.0,1.0,1.0,0.3199352330429724,499.99997065425373,0.0,0.9999999706542533,3.673471578527267,7.464674395473202,30,2.6706420122213714,1.439091273146392,2.5829170769245513,469.36494605573563,6.661338147750939e-17,5.551115123125783e-17,0.9999999999625,0.9999999999025998,0.627772393683346,-0.012183621551481684,3.06486088316752,1.3548232169801846,1.0658141036401502e-16,0.9999999589245191,3.8706503899939295,-0.901076330727489,99,-8.550576765973261e-06,-0.0018834235947270256,0.4802383318360963,-2.7683411119028278e-14,0.9999999598780143,1.3796179258914882,0.9317914561759292,0.03198671487714008,99.99999197560301,-2.5400377268028116,3.74717502613887
33.0,4.0,1.0,2.0,0.3199352330429724,499.9999754662658,-5.773159728050814e-18,0.9999999754662655,3.73366263140692,7.475599938891576,31,2.7584281227182346,1.9452373573651134,4.711490882288129,468.3152673459247,0.0,9.43689570931383e-17,0.9999999999580157,0.9999999998923591,0.7312762178008205,-0.01228182849537837,3.0533303625387522,1.3478770271657292,-8.881784197001253e-17,0.9999999641413541,4.000394648126872,-0.756273342957219,98,0.0014819043581838854,0.0003012123445204327,0.3812383487923334,2.1083135237631723e-14,0.9999999650671988,1.5028930734100054,1.454729722254198,0.03225449533250315,99.99999301343988,-2.6594843197454714,3.931310049559441
33.0,5.0,1.0,2.0,0.3199352330429724,499.99997535773645,5.3290705182007515e-18,0.9999999753577361,3.936873477834084,7.8651392537973805,31,2.7828311728435744,2.8337335725478057,2.508081912478227,464.45609953664047,-7.771561172376095e-17,8.049116928532385e-17,0.9999999999580186,0.9999999998923534,0.731336207054976,-0.012278685206204117,3.0529619928383744,1.3478822556351329,3.552713678800501e-17,0.9999999566210986,4.140866205512321,-0.799317773201575,98,-0.002704834461569334,0.00444762293111569,0.13674709999186163,-2.5690560789826123e-15,0.9999999639345936,1.5860352638549922,0.9774671639547368,0.03233775328078609,99.99999278691884,-2.589496163452311,3.872583458267597
33.0,6.0,1.0,2.0,0.3199352330429724,499.99997570592745,7.105427357601002e-18,0.9999999757059271,3.9035288530840457,7.610835274116861,31,2.809886856839057,3.4188344510475543,4.889493748057885,461.89781168922116,-5.551115123125783e-17,-8.326672684688674e-17,0.9999999999580171,0.9999999998923551,0.731204912742922,-0.012282557011671543,3.053662777920815,1.347867568529275,-8.881784197001253e-18,0.999999954999694,4.090749656111592,-0.8261062871238785,100,0.0011591786165043993,0.0003295423082716009,0.4170671303551554,-8.351097591230427e-15,0.999999964407028,1.5512415116614708,0.9795790504195028,0.03155983841100125,99.99999288140575,-2.5826334516402674,4.313297784205274
33.0,7.0,1.0,2.0,0.3199352330429724,499.9999752321472,1.7763568394002505e-18,0.9999999752321469,3.827153011620359,7.4296069944071945,31,2.6562338856272376,1.3213457895200507,2.9539824003459416,472.2460273516002,-5.551115123125783e-17,2.248201624865942e-16,0.9999999999580174,0.9999999998923556,0.7312145411872548,-0.012280783031640928,3.0535270344948007,1.3478891281114311,7.105427357601002e-17,0.9999999535767918,3.971400438460972,-0.8470268823536944,98,-0.0017486451223827615,0.004566371036007731,0.26006768272697656,1.609823385706477e-15,0.9999999663804611,1.7435604323324272,1.0982148432809855,0.032059345964647275,99.9999932760923,-2.6428990072010317,4.015645316831283
33.0,8.0,1.0,3.0,0.3199352330429724,499.99997888952424,3.552713678800501e-18,0.999999978889524,4.026342870401648,7.637710069155402,32,2.8008552955940056,1.8629988767536796,5.935434936031605,465.51748500782634,1.1102230246251566e-17,-6.38378239159465e-17,0.9999999999527576,0.9999999998802952,0.6908876846698948,-0.01219764406282289,3.042940403283758,1.3410671584415907,-3.552713678800501e-17,0.9999999568968226,4.112834390351535,-0.7848545170582403,101,-0.0017150677157190563,-0.0025023486962599873,0.4613296126025759,2.388977904388412e-14,0.9999999673403388,1.3841517105496972,1.1103736216760491,0.03181512738291229,99.99999346806784,-2.5638231475976245,4.025431589658505
33.0,9.0,1.0,3.0,0.3199352330429724,499.999978531152,-7.105427357601002e-18,0.9999999785311517,3.838483300322365,7.554759091266346,32,2.5646141180460127,0.5914801352056009,1.497690745175423,476.07064265276415,1.554312234475219e-16,4.718447854656915e-17,0.999999999952759,0.9999999998802774,0.6908767910151237,-0.012196528538874898,3.0422722189320504,1.3410638592482886,-1.2434497875801754e-16,0.9999999592755972,4.180925196811891,-0.7920654513705251,101,-0.0019808407530090433,-0.0021369958549855793,0.6004775935268825,7.434053372890048e-15,0.9999999682592247,1.5141743334120097,1.24857983925089,0.03276492754880214,99.99999365184506,-2.6830824354896166,3.793315961572874
34.0,0.0,1.0,2.0,0.1830673962488756,499.9999758954218,6.439293542825908e-18,0.9999999758954216,3.821439906217099,7.680933070636197,29,2.620442062646956,0.9661284389446487,2.473131886598525,471.13249259126377,8.881784197001253e-17,-1.4432899320127036e-16,0.9999999999660228,0.999999999912874,0.7313062426569681,-0.01228057203836677,3.053382243467108,1.3479002070585318,-1.7763568394002505e-17,0.9999999527277447,3.949863165316251,-0.9463724649729583,104,0.0033145479216768925,0.001740378609833001,0.22073247485114678,6.397105067890152e-15,0.9999999734270362,1.3415138135028155,1.1757172525129271,0.032842804180950605,99.99999468540732,-2.687510055842468,4.012933585532638
34.0,1.0,1.0,2.0,0.1830673962488756,499.99997593764084,8.881784197001253e-19,0.9999999759376406,3.9298880161776646,7.778702772305019,29,2.6419145777823063,0.9019205611182373,2.641256788462178,471.59239843559794,4.4408920985006264e-17,8.604228440844963e-17,0.9999999999660222,0.9999999999128861,0.7312705600680893,-0.01228118383271707,3.0533603503878,1.3478851293940173,-7.105427357601002e-17,0.9999999586127349,4.136817384353877,-0.6805483287221513,105,0.0015835676847944502,-0.0009138346891077891,0.5414351245396034,-2.5113244817021042e-15,0.9999999726803291,1.2620111863007497,1.2620111863007497,0.032668894114856434,99.99999453606587,-2.6439703322174424,3.7677730361919135
34.0,2.0,1.0,2.0,0.1830673962488756,499.99997599763105,1.2878587085651817e-17,0.9999999759976308,3.967701293565122,8.036408093299862,29,2.7240400036977173,2.0580233961246788,3.254226306944292,466.723025108492,-1.4432899320127036e-16,-4.718447854656915e-17,0.9999999999660223,0.9999999999128851,0.7313029556681478,-0.012280144923012003,3.0532839038210193,1.3478794924444095,-8.881784197001253e-17,0.9999999577221131,4.209948191804931,-0.7727483137010888,105,0.004914690779466118,-0.0005615295805808701,0.42160420476600535,7.274181257344025e-15,0.9999999737576063,1.3716233035911691,1.3716233035911691,0.03224159824630104,99.9999947515213,-2.639909089009742,3.626161668624408
34.0,3.0,1.0,2.0,0.1830673962488756,499.99997677901854,1.0658141036401503e-17,0.9999999767790183,3.8607619464427847,7.6447539630436125,29,2.8526036471803904,3.624404357357001,4.704792446614396,463.6696987513106,1.4432899320127036e-16,-8.881784197001253e-17,0.9999999999660215,0.999999999912883,0.7312070962715076,-0.012282378183987515,3.053374645637821,1.3478757189578814,8.881784197001253e-17,0.9999999583726277,4.212390961782782,-0.8779450313874799,105,0.002726714259202978,0.002605939654796947,0.08398977118996598,-1.5356604876615165e-14,0.9999999726052163,1.3832987398294625,0.976987596973518,0.03263573247213053,99.99999452104335,-2.657176270065926,3.641565905565967
34.0,4.0,1.0,3.0,0.1830673962488756,499.99997920147666,1.5987211554602253e-17,0.9999999792014764,3.652409937915864,7.364457684721578,30,2.674255638927572,1.8578871042487737,2.426127363883243,471.19464799549655,8.881784197001253e-17,-6.106226635438361e-17,0.9999999999630959,0.9999999999064891,0.6908592179988917,-0.012195867343677377,3.0426198487185494,1.3410506521545476,0.0,0.9999999503445058,4.031579342860824,-0.9077527434574107,108,0.004916009587417119,-0.0029652793713926652,0.5904519413202323,9.159339953157541e-15,0.9999999769098757,1.4121182685418232,1.19036309130053,0.033340588491787046,99.99999538197517,-2.692049360797758,3.795786146299384
34.0,5.0,1.0,3.0,0.1830673962488756,499.9999796277585,7.105427357601002e-18,0.9999999796277583,3.8806928159482967,7.507557179819237,30,2.851354206031451,3.4421848421229684,4.6878817663342245,466.1265469593604,6.661338147750939e-17,-8.604228440844963e-17,0.9999999999630954,0.9999999999064798,0.6909136491200847,-0.012196759847105134,3.0425067885958605,1.3410622427271188,-3.552713678800501e-17,0.9999999567119802,3.915438226457157,-0.6306532887880437,107,-0.00015060028254569978,-0.002028363377227488,0.6192393369222771,-3.4150460237469817e-15,0.9999999773167304,1.4449091812562835,1.2581081313246174,0.03274494548263559,99.99999546334614,-2.6458254595056943,3.959027996248097
34.0,6.0,1.0,3.0,0.1830673962488756,499.9999790522213,1.7763568394002505e-17,0.9999999790522212,3.626431595464264,7.222586036620617,30,2.601283724724703,0.7529873499084833,1.5230706284924578,475.2509380189708,3.3306690738754695e-17,-1.2212453270876723e-16,0.9999999999630963,0.9999999999064852,0.6909335181349883,-0.01219928011560513,3.042556076017165,1.3410889640568118,-3.552713678800501e-17,0.9999999525348199,4.00560682513347,-1.1099125993147116,107,-0.0030275852237733993,-0.00463599106936548,0.5493564845528809,-1.73749903353837e-15,0.9999999775655223,1.2696634810346037,0.9647905537362892,0.032624505872438286,99.9999955131045,-2.6239551159869317,3.6303252994104165
34.0,7.0,1.0,3.0,0.1830673962488756,499.9999792089758,7.105427357601002e-18,0.9999999792089755,3.818588835099133,7.7549075654129105,30,2.6225191675439405,0.9840703581952904,2.117288515974374,474.39984960338325,7.771561172376095e-17,-3.053113317719181e-17,0.9999999999630957,0.9999999999064864,0.6909290298780926,-0.012196189283702107,3.0427630069496447,1.341071639652661,1.7763568394002506e-16,0.9999999599398003,4.017676793774831,-1.0426728700139838,109,-0.003250838490068727,0.0030789360014291164,0.22066942340172702,-3.875788578966421e-15,0.9999999773639514,1.4472113163028444,0.9158173610961108,0.032788957484023204,99.99999547279035,-2.677394459163951,3.9412953785023923
34.0,8.0,1.0,3.0,0.1830673962488756,499.999979367248,-1.0658141036401503e-17,0.9999999793672478,3.6446677186919305,7.33270952934919,30,2.5896660515293073,0.6399939506111028,2.0456470577830106,475.3612476364193,-8.881784197001253e-17,-1.1379786002407854e-16,0.9999999999630963,0.9999999999064827,0.6909444651601867,-0.01219694750639753,3.0423730689761825,1.3410616671519153,-1.7763568394002505e-17,0.9999999582615618,4.023281876103943,-0.9190851083045992,110,0.00044886556823008793,0.002708703938823896,0.2671317079253406,5.071498776487715e-15,0.9999999769139414,1.456733622486325,1.2879280850281374,0.03281213041556504,99.99999538278834,-2.699922514954269,3.9451589595344827
34.0,9.0,1.0,3.0,0.1830673962488756,499.9999794336893,1.4210854715202004e-17,0.9999999794336891,3.660728488428521,7.60223469472475,30,2.6541604748369947,1.3127701100824862,2.5036919285512154,475.876735915259,1.6653345369377348e-16,-1.3877787807814457e-17,0.9999999999630953,0.9999999999064796,0.6909175248893558,-0.01220011092967895,3.042721059930174,1.3410845477813036,3.552713678800501e-17,0.9999999595716078,3.982333414884036,-0.7882324810404127,107,-0.000877385610193489,-0.0006413330678308068,0.22711487141886266,-9.836575998178886e-15,0.9999999773471573,1.432097383218675,1.182931164053088,0.032944502889717835,99.99999546943147,-2.667139070783832,3.848239924365167
35.0,0.0,0.0,0.0,0.0,499.99996552435005,3.552713678800501e-18,0.9999999655243494,4.0939331946097415,7.951876041063171,21,3.2022387911776424,6.3726401657619745,12.648727085334935,449.2796558147881,-1.2212453270876723e-16,-2.7755575615628915e-18,0.9999999999636859,0.9999999999043617,0.6984301623870126,-0.011833042188590631,3.076373156673836,1.3618075277914954,-4.662936703425657e-17,0.9999999573467988,4.099257497966477,-0.8421094147319854,96,0.003283844001241554,0.002647158050541629,0.1310695945015652,-2.751798788835913e-14,0.9999999654412194,1.3739468775768149,1.3072009529036217,0.03175577460443827,99.99999308824397,-2.6027684924044854,3.86679351469425
35.0,1.0,0.0,0.0,0.0,499.99996513154224,-7.105427357601002e-18,0.9999999651315417,3.6848175584121328,7.50586537166658,21,2.8955399874758774,3.0027498961095365,7.414555266760432,454.44590803804,-4.4408920985006264e-17,1.6653345369377347e-17,0.9999999999636857,0.999999999904369,0.6983665866583217,-0.01183343011749833,3.0770900537180395,1.3618044284883133,-9.103828801926283e-17,0.9999999586936791,3.85752660828812,-0.9293448724467248,97,0.0005723066002820554,-0.00020478659881657425,0.08908240616233165,-1.797562099170591e-14,0.9999999644021887,1.4707027825570025,0.8939707469188035,0.03157550903718032,99.9999928804379,-2.5834521600745326,4.314874551823804
35.0,2.0,0.0,0.0,0.0,499.99996621611433,-7.105427357601002e-18,0.9999999662161138,3.877406915712016,7.36717048073798,21,3.0826967089675765,4.251594051322251,9.004601698394055,443.44006805677293,1.1102230246251565e-16,-3.302913498259841e-16,0.999999999963686,0.9999999999043578,0.6983499806515953,-0.011834504534748705,3.0769415483726292,1.3618033420941158,-3.1086244689504386e-17,0.9999999597147147,4.061790280481509,-0.7895587754849874,95,0.001155722564457533,0.0005466936839477327,0.24416666023129585,-3.139710713639943e-15,0.9999999662840271,1.4717147893444198,0.9049537317930274,0.032031827870038665,99.99999325680555,-2.607547369316567,3.913132411039376
35.0,3.0,0.0,0.0,0.0,499.99996645702873,-2.1316282072803006e-17,0.9999999664570282,3.850075224092564,7.2721837433960665,21,3.230154106231572,5.720096028977669,15.889871550869895,437.6375490014458,-1.887379141862766e-16,1.27675647831893e-16,0.9999999999636844,0.9999999999043719,0.6984365852941121,-0.01183252022011404,3.0767785058619945,1.3617747296984697,-1.0658141036401502e-16,0.9999999614356522,3.928303883887176,-0.7669240899798978,96,-6.619952690232189e-06,-0.0019199705231076585,0.3856194512702913,-1.2367884494324244e-14,0.9999999665361982,1.5304276658891198,0.41919473609714,0.03103862711846055,99.99999330723976,-2.5483566548263665,3.9197101145893036
35.0,4.0,0.0,0.0,0.0,499.99996545581837,1.0658141036401503e-17,0.9999999654558178,3.8124893887700857,7.821989752000293,21,2.9827973932479193,4.458613342680011,8.87981379758751,448.1599856366623,-4.4408920985006264e-17,5.551115123125783e-17,0.9999999999636845,0.9999999999043699,0.6983702993223011,-0.01183172297137811,3.0762416232673506,1.3618091079692416,5.995204332975846e-17,0.9999999618004561,3.997652043101679,-0.853537937221094,97,-0.0005709306895210187,0.00019183463327739541,0.20209735590961458,-1.8569590309880367e-14,0.9999999647016042,1.2274055631296763,0.9748885302728332,0.03218938749236929,99.99999294032096,-2.661720445838502,3.7809910293726894
35.0,5.0,0.0,0.0,0.0,499.9999659919588,-2.1316282072803006e-17,0.9999999659919582,3.863434644156536,7.396587388458184,21,3.2576009857765373,7.969034458515219,14.860497465284281,431.4329500408927,1.2212453270876723e-16,1.4710455076283324e-16,0.9999999999636854,0.9999999999043746,0.6983651012916854,-0.011832275620106974,3.076645433819938,1.3618081764500682,8.215650382226158e-17,0.9999999540830998,4.041786126726048,-0.9000243100848586,95,0.0037183323244236633,0.0019698748124948717,0.33126177817022406,-3.11312087220017e-14,0.9999999662759648,1.6609282421782134,0.1711739862313561,0.030618154320239045,99.99999325519306,-2.5586927691958534,4.359004353547755
35.0,6.0,0.0,0.0,0.0,499.99996523764156,-2.1316282072803006e-17,0.999999965237641,3.461106894476908,7.372521443043871,21,3.055671235564716,4.64282381886024,9.497424145875994,444.86652814195395,1.2212453270876723e-16,2.0539125955565397e-16,0.9999999999636852,0.9999999999043735,0.6983541482881156,-0.011831557613716322,3.0766340318899594,1.3618047116877405,-5.773159728050814e-17,0.9999999554488676,3.834328071044893,-0.9101456937085264,94,-0.0006424775455945086,0.00232616421228796,0.22941468808433596,-5.992983886926595e-15,0.9999999664323842,1.4806096976157928,1.1474973647823303,0.031525844595448035,99.99999328647694,-2.591976172850851,4.09383644305803
35.0,7.0,0.0,0.0,0.0,499.9999660933506,-1.4210854715202004e-17,0.9999999660933501,3.8007863513048696,7.240410884067444,21,2.964552718610877,3.9636554261376737,7.860731311666533,451.1468416470145,1.9984014443252818e-16,6.938893903907228e-17,0.9999999999636873,0.9999999999043656,0.698326766201716,-0.011831673241349793,3.0768871047665876,1.3617911288677238,-4.4408920985006264e-17,0.9999999599905647,3.90272839643559,-0.789837361118889,98,0.0006334254307813181,0.0003476009510930067,0.35121383597472633,1.6193713037182535e-14,0.9999999674489858,1.3761352611085231,1.3530485915662342,0.030954437222787085,99.99999348979728,-2.552682708600585,4.123507553850086
35.0,8.0,0.0,0.0,0.0,499.99996488799104,1.7763568394002505e-17,0.9999999648879904,3.737462151975444,7.414227075459959,21,2.7952523900375112,3.110482758923739,4.229706962635213,461.33937849003667,2.2204460492503132e-17,1.4155343563970745e-16,0.9999999999636857,0.9999999999043672,0.6983488911531331,-0.011833261229801238,3.0765936785649317,1.3617924365489935,-8.881784197001253e-18,0.9999999624002771,3.888657604396958,-0.6865572049191744,94,-3.685016679902731e-05,-0.0005954522559204425,0.4165668410003104,-5.550004900101158e-15,0.9999999660556318,1.5142714070193546,0.9898999445420698,0.031140103225148343,99.99999321112644,-2.634407956291243,4.245079049351375
35.0,9.0,0.0,0.0,0.0,499.9999654215816,-1.4210854715202004e-17,0.999999965421581,3.621201895206701,7.359326548936572,21,2.800112873389642,2.7274503409769917,4.4791876634664645,463.46050358508734,-2.2204460492503132e-17,8.881784197001253e-17,0.9999999999636845,0.9999999999043743,0.6983550353412137,-0.01183520443211316,3.076782264900893,1.3618050530816501,-1.5543122344752193e-17,0.9999999557128917,3.791738380610535,-0.6808538226126667,95,0.000579222331552427,-0.0003524797888033676,0.3464881867529295,3.4661162828797386e-15,0.9999999648091482,1.3669019986443225,0.6378316910735904,0.030938493662365934,99.99999296182976,-2.576486904770272,4.079747738906471
36.0,0.0,0.0,0.0,0.0,499.9999658903489,-7.105427357601002e-18,0.9999999658903483,3.641544473241069,7.511694132119581,22,2.6976208891675233,1.7701446677095372,3.367319820201584,469.63871103944575,-2.2204460492503132e-17,4.718447854656915e-17,0.9999999999704403,0.9999999999225705,0.6689281826223372,-0.01200079841236529,3.071901086356811,1.3591089454216476,-1.0658141036401502e-16,0.9999999589565743,3.958746622419506,-0.9455676184254044,106,0.002271213781543653,-0.0034282534045319644,0.5586732807374197,2.014166611274959e-14,0.9999999577311616,1.3438539410749477,1.128079923977465,0.03224175203303186,99.99999154623254,-2.6441365041252056,3.942460750635556
36.0,1.0,0.0,0.0,0.0,499.9999643436611,-5.3290705182007515e-18,0.9999999643436605,3.8816066351851295,7.553785268451904,22,2.6733176281374718,1.9227612064733002,3.218925637788859,470.5776241081579,1.1102230246251566e-17,-1.1102230246251566e-17,0.9999999999709632,0.9999999999237176,0.6844243657938845,-0.011916596931494012,3.0743427705846496,1.3605632737631184,7.105427357601002e-17,0.9999999593002943,3.968180421141443,-0.6762712121152427,105,-0.001316586737687594,0.00120736884700107,0.350490907576706,-1.5897283489607616e-14,0.9999999569909985,1.5701137276862267,0.8352459375015188,0.030989902822317866,99.99999139819988,-2.543320137465475,3.9158772053421185
36.0,2.0,0.0,0.0,0.0,499.99996643503323,1.7763568394002505e-18,0.9999999664350326,3.848521665875492,7.703704335146659,22,3.2002446753103344,7.253573528098587,11.880365750705694,435.4570349630666,1.554312234475219e-16,1.1379786002407854e-16,0.9999999999707277,0.9999999999232094,0.6772557785083506,-0.011958842703840672,3.0732192819284987,1.3599076660566167,0.0,0.9999999607211861,3.856161208760759,-0.8828401414671874,106,0.0010814290505389546,0.00202547421911908,0.5462333789608458,1.5083490012557378e-14,0.999999959895133,1.6076666615075266,1.3365126629443025,0.02944515120371024,99.99999197902677,-2.4072222643911396,4.176783733800008
36.0,3.0,0.0,0.0,0.0,499.99996610291856,1.7763568394002505e-18,0.999999966102918,3.775433212030065,7.695759286744497,22,2.890868572914539,3.5432893024447205,5.7223401314859945,463.32244289439467,0.0,2.4147350785597153e-16,0.9999999999703513,0.9999999999223812,0.6663312164479712,-0.012016660737228705,3.0711987423700653,1.3588442209000644,0.0,0.9999999589408433,3.8148284184883514,-1.0121799022320008,106,0.0034901060856452337,0.0015018248671386457,0.1315248716337436,2.505107232764203e-14,0.999999958461452,1.380354247313846,1.3125256043871425,0.030524907698012076,99.99999169229056,-2.5306579599158643,4.096767174758817
36.0,4.0,0.0,0.0,0.0,499.9999671949024,-3.552713678800501e-18,0.9999999671949019,3.897118077111637,7.498359352057542,22,3.0644838609424525,4.848966947968691,8.610503562953141,452.0129622268239,-2.2204460492503132e-17,6.661338147750939e-17,0.9999999999700591,0.9999999999217346,0.6583364596378191,-0.01205781679307915,3.0701139376947904,1.3580717669563143,3.552713678800501e-17,0.9999999586212788,4.119391358288426,-0.954181950384771,105,0.0024623917357380356,0.00709836981606992,0.4315580407408426,-6.689093723366568e-15,0.9999999608344586,1.4238922711925983,0.6262667029808462,0.030803897809391047,99.9999921668919,-2.5209417842184623,4.292905708108791
36.0,5.0,0.0,0.0,0.0,499.9999675249167,7.105427357601002e-18,0.9999999675249162,4.038944676658161,7.669967863621581,22,3.190265030380056,8.869382577310194,9.251481839427607,441.0120443369018,1.1102230246251566e-17,-1.6653345369377347e-17,0.9999999999700641,0.9999999999217467,0.6584690776911795,-0.012057380376170178,3.0702294256573324,1.3580710743888553,1.0658141036401502e-16,0.999999957206677,3.707399448275894,-0.9716522529020658,108,-0.003662978084403495,0.0017193491534974847,0.15997997639158612,-1.2452261444195755e-14,0.9999999592051814,1.4363848945233555,1.4363848945233555,0.032049800296056766,99.9999918410364,-2.640172074308294,4.002254823786537
36.0,6.0,0.0,0.0,0.0,499.99996675043553,1.7763568394002505e-18,0.999999966750435,3.5541262266321665,7.248557162227616,22,3.093758645405154,4.6300700770962715,12.556322691336419,447.16537918852316,8.881784197001253e-17,-2.2204460492503132e-17,0.9999999999707694,0.9999999999232917,0.6785169863847477,-0.011951552356188288,3.073547691619899,1.36002899364251,1.7763568394002505e-17,0.9999999556181483,3.938376484882661,-0.5938867587357914,107,0.0007225547002574872,0.0004803676533613438,0.35702145936225094,3.0109248427834246e-15,0.9999999575002412,1.6410456105825255,0.7242057589216412,0.030985096806889312,99.99999150004841,-2.5116516636233275,4.242212590035845
36.0,7.0,0.0,0.0,0.0,499.99996695164816,-1.0658141036401503e-17,0.9999999669516476,3.892422453270771,7.595901939558714,22,3.0132930168466285,3.338889805917768,8.721540643246339,454.7099500003452,-1.2212453270876723e-16,-2.7755575615628915e-18,0.9999999999702515,0.9999999999221572,0.6635443382548937,-0.012029111610620683,3.0708561960805154,1.3586015680566557,1.0658141036401502e-16,0.9999999551878018,3.9006109181205,-0.7778811772838287,108,-0.001024210853848172,0.00013719359419481325,0.404492591818741,6.70685729176057e-15,0.9999999589597656,1.237895440811769,0.901261131754035,0.03114766083536838,99.99999179195329,-2.564675756507992,3.83863253791782
36.0,8.0,0.0,0.0,0.0,499.99996444082245,1.7763568394002505e-18,0.9999999644408218,3.704413819113039,7.476073987168434,22,2.6981640539048146,1.5403165221286867,3.433306476530284,474.05489389698255,2.2204460492503132e-17,9.159339953157541e-17,0.9999999999709336,0.9999999999236567,0.6835122787314571,-0.011926569188782977,3.074589621062268,1.3604743829674006,1.7763568394002505e-17,0.999999956235076,3.92189950937526,-0.6710845559180957,106,0.0020342318808493553,0.00012154702399442066,0.3113293056905171,1.918354364249808e-14,0.9999999584965054,1.3865992744319346,0.882982409159191,0.030426726220636476,99.99999169930125,-2.4790776461758597,4.147326220782588
36.0,9.0,0.0,0.0,0.0,499.99996474993236,-8.881784197001253e-18,0.9999999647499317,3.847645528830913,7.536794415016435,22,2.7305025927223205,1.4678378797355012,3.6837925034455488,467.1282989830793,-9.992007221626409e-17,1.1102230246251565e-16,0.9999999999705567,0.9999999999228251,0.6722589641377189,-0.01198560929373234,3.0724292851636226,1.359447078469358,5.329070518200751e-17,0.999999959891612,3.999559592927529,-0.7606679658598604,107,-0.0026223684012890614,0.000462516365218823,0.22772043307055156,-1.7734702595362252e-14,0.9999999596827446,1.578406881074335,1.0303888783955275,0.03079991633879918,99.99999193654907,-2.5811853850923887,4.068782988046149
37.0,0.0,0.0,0.0,0.0,499.9999657609103,-3.552713678800501e-18,0.9999999657609098,3.5647184242425096,7.168445854947963,22,3.0020118550696395,3.406563662774278,8.957352516874733,454.2156530768786,-3.3306690738754695e-17,-8.881784197001253e-17,0.9999999999659668,0.9999999999106249,0.6826353794839277,-0.011928961035004826,3.07415048119398,1.3604057177194555,4.884981308350689e-17,0.9999999603825085,4.04317380586326,-0.7493246577903909,96,-0.0010300184694268565,0.002348872544869934,0.3718111395828929,-2.3581137043038323e-15,0.9999999668527021,1.1970126790299649,0.7293521755921457,0.03174408622608435,99.99999337054052,-2.6080492380909535,3.831178151897759
37.0,1.0,0.0,0.0,0.0,499.9999682798827,-7.105427357601002e-18,0.9999999682798821,4.05092827216507,8.096994182865235,23,3.053111417140089,6.533269126925568,9.403572467177465,447.8281690496187,-1.2212453270876723e-16,-8.604228440844963e-17,0.9999999999646313,0.9999999999075514,0.6579431635276907,-0.012059948979417848,3.0699514632630867,1.358026498255072,7.549516567451065e-17,0.9999999630193647,3.985669894585432,-0.6925582389878783,96,0.00076544222844944,-0.00020881382368721503,0.44068814028610603,-1.3855583347321954e-15,0.9999999678408212,1.3761547120141302,1.159983974308385,0.03179747448086138,99.99999356816433,-2.6390830581409497,4.022635231166134
37.0,2.0,0.0,0.0,0.0,499.9999683800769,0.0,0.9999999683800763,3.925688180887547,7.583069234631086,23,2.9927083719029595,2.9436087406771843,10.420138558919643,447.4507509482958,8.881784197001253e-17,6.38378239159465e-17,0.9999999999648752,0.9999999999081151,0.6621699288598581,-0.012039504728059092,3.070489401686581,1.358462550020528,-2.6645352591003756e-17,0.9999999542427379,3.8156121480862697,-0.7552645113918317,98,0.0028369053078985073,-0.0007094815129755821,0.5504682103344631,4.003242182193389e-14,0.9999999664672922,1.3425809994895148,1.2189035182457777,0.03163589109824696,99.99999329345856,-2.5389276701188677,4.0142334332724054
37.0,3.0,0.0,0.0,0.0,499.99996567551284,1.0658141036401503e-17,0.9999999656755123,3.7919084858354384,7.435422598201515,22,2.772177498903363,1.5119956341869911,5.2040244431865315,464.5300658370487,-2.2204460492503132e-17,2.1094237467877973e-16,0.999999999965568,0.9999999999097063,0.6749320019846481,-0.011971967983921073,3.0728755941530563,1.359681722142774,2.6645352591003756e-17,0.9999999572775427,4.099801748482583,-0.9852738115415676,97,-0.0001624024658035772,0.0016925623306151755,0.21335399992536885,2.597921877622866e-16,0.9999999683019813,1.4744479167920077,1.180884368510678,0.031703493332852606,99.99999366039637,-2.6097156831144925,4.011436149876264
37.0,4.0,0.0,0.0,0.0,499.9999657514633,2.4868995751603507e-17,0.9999999657514628,3.651332180493967,7.334567210547884,22,2.7663442180108433,2.402585371479665,4.975136425238815,463.7683666040722,7.771561172376095e-17,-1.2212453270876723e-16,0.9999999999654607,0.999999999909457,0.6728984685793062,-0.011982438241787274,3.0726026199176117,1.3595032799365823,8.881784197001253e-18,0.9999999579324971,3.9973569439312886,-0.9034157739932188,99,8.958091995248108e-05,-0.0030484746540280177,0.48057341190264324,8.359979375427428e-15,0.9999999664033625,1.3410501191384094,1.123411665096914,0.03137734612077608,99.99999328067264,-2.5499551234925697,4.181314127912788
37.0,5.0,0.0,0.0,0.0,499.99996672524105,0.0,0.9999999667252405,4.112477307968201,7.746761036947131,22,2.8783073941970017,3.7195231246724445,4.964993158339428,465.0092886820665,1.9984014443252818e-16,1.6653345369377347e-17,0.9999999999649948,0.9999999999083848,0.6642880766191975,-0.012024685801212421,3.0710081187016933,1.358672075148294,-9.769962616701378e-17,0.9999999613930428,3.7965774260375302,-0.6748544890206006,98,3.413165195595091e-05,0.0022632653881023133,0.2607005508267024,8.33444424586105e-15,0.9999999683179254,1.4321494121366245,0.8162826558845137,0.03175520472456992,99.99999366358519,-2.6700524869329936,3.993374496446682
37.0,6.0,0.0,0.0,0.0,499.999966980359,-1.0658141036401503e-17,0.9999999669803584,3.640675225592149,7.780532647779982,22,2.9924142370416202,4.677871669714191,8.186721295917483,457.5045661141053,1.6653345369377348e-16,-1.3877787807814457e-16,0.9999999999651903,0.999999999908835,0.6678752320478178,-0.012008731729922277,3.071791992913455,1.359012284777857,3.9968028886505634e-17,0.9999999539043763,3.912202346097837,-0.6281056051366734,96,-0.0008791974671576596,-0.0015635467096644698,0.46564604500458007,-1.5698553568199714e-15,0.9999999681754496,1.492481244076205,0.8525206470137814,0.03100000037252736,99.99999363509001,-2.5499756773442055,4.049239683809609
37.0,7.0,0.0,0.0,0.0,499.9999661132215,0.0,0.999999966113221,3.778614966941892,7.59883008262139,22,2.869600928986972,2.9174528713784507,5.3860571222371165,466.4720706250156,8.881784197001253e-17,-1.1102230246251565e-16,0.9999999999649469,0.9999999999082776,0.6634222045342973,-0.012032777056649334,3.0711387897290674,1.3585769831438474,0.0,0.9999999599951787,3.9695382577452776,-0.608739806933442,99,0.0016402855266585581,-0.00042769697652158823,0.31343182953474624,-1.5909495942878494e-14,0.9999999680752101,1.3849804524852218,0.6770025790838237,0.03180166794877556,99.99999361504214,-2.60833334908646,3.875897499996536
37.0,8.0,0.0,0.0,0.0,499.9999658060396,7.105427357601002e-18,0.999999965806039,4.184918716973876,8.450521141574127,22,3.1501232804407158,5.340322676803061,9.74076379500824,450.2354802170597,-1.1102230246251565e-16,2.2204460492503132e-17,0.9999999999660305,0.9999999999107657,0.6839176625673641,-0.011921025717295985,3.0744730537021425,1.360510593555055,3.9968028886505634e-17,0.999999957157319,4.014050196210248,-0.6865589640562539,96,-8.72398756610293e-05,0.0014153382119559967,0.32658195886675845,2.4802382370125997e-15,0.999999965277754,1.368486105483304,1.249712752419115,0.03218941754856438,99.9999930555509,-2.581142938623315,4.156514318304672
37.0,9.0,0.0,0.0,0.0,499.9999675160212,1.4210854715202004e-17,0.9999999675160206,3.8121668444509695,7.498750091712158,22,3.0263793764221845,4.948924966347304,8.89687496504829,453.5749012619493,3.3306690738754695e-17,-4.163336342344337e-17,0.9999999999647217,0.9999999999077575,0.6595063860961663,-0.012052528524349964,3.070374557283627,1.358208676688132,6.217248937900877e-17,0.9999999545188685,3.887267764952858,-0.7375978183127214,97,-0.002723609218790137,0.00035478573125393873,0.3867058246784003,-9.85656001262214e-15,0.9999999677316277,1.520159164627695,1.0114905042299047,0.03152882378838321,99.99999354632563,-2.5838225529789653,4.018835487024498
38.0,0.0,1.0,2.0,0.368468249390007,499.9999752203827,-3.552713678800501e-18,0.9999999752203824,3.704335403458447,7.536059555739791,26,2.636160882160988,1.163051388121799,2.147865670886047,471.8524866009084,1.1102230246251566e-17,1.0547118733938987e-16,0.9999999999604822,0.9999999998986923,0.7312179622502113,-0.01228093891341311,3.053654179493926,1.347879324656102,-1.7763568394002506e-16,0.9999999552061519,3.9190616294627554,-0.7136210674076652,109,0.00021683300930720463,0.0005416623846987257,0.37767699828648915,1.496580637194711e-14,0.9999999603162223,1.3135823116609036,1.2350064670598748,0.0321153846284266,99.9999920632446,-2.59928078084408,3.763401529316896
38.0,1.0,1.0,2.0,0.368468249390007,499.99997622006504,0.0,0.9999999762200648,4.051591687941992,7.835773024168601,26,2.96823513094209,2.0332851034769948,7.590264798834164,460.28574558471206,5.551115123125783e-17,-1.1934897514720432e-16,0.9999999999604842,0.9999999998986784,0.7312246900826204,-0.012283200541985976,3.0537102665794267,1.3478532942300543,-1.4210854715202004e-16,0.9999999577947031,3.851819510702965,-0.7444859097599346,109,0.0007855829676442638,0.00017058560585149263,0.3887542269831208,3.1108449149996886e-15,0.999999960122443,1.703637903192743,1.1654187597083,0.031451244498331137,99.99999202448873,-2.4843580853739367,4.2012935311883615
38.0,2.0,1.0,3.0,0.368468249390007,499.9999787914527,3.552713678800501e-18,0.9999999787914524,3.8552070063923303,7.280207774866167,27,2.683533239355025,1.4962198053649265,4.07150559939903,474.0673447489419,-1.1102230246251565e-16,-1.1657341758564144e-16,0.9999999999555406,0.9999999998873382,0.6908748430789149,-0.012200305913636678,3.0426310074244642,1.3410568337998432,3.552713678800501e-17,0.9999999539024754,3.93493450246549,-0.7203736195865442,111,0.0006819234428501597,-0.0004614150664071587,0.3902245584464268,2.1227464230832994e-15,0.9999999627547308,1.354071367614422,1.306985422216598,0.03256004401796443,99.99999255094629,-2.670628274775373,3.8415891501401243
38.0,3.0,1.0,3.0,0.368468249390007,499.9999788343497,0.0,0.9999999788343494,3.5755326668457954,7.253695978114209,27,2.7261470702761548,1.6612295894639741,4.460527026263493,470.1747566940237,-1.2212453270876723e-16,-6.661338147750939e-17,0.9999999999555393,0.9999999998873348,0.6909432617180638,-0.012198091280219375,3.042411723229893,1.3410985020200086,-1.0658141036401502e-16,0.999999957242032,3.916543622168385,-0.668472591588034,111,0.0015790326345402816,-0.0008010100522895011,0.40897947978696436,1.4246381851990008e-14,0.9999999628608824,1.5679449992715857,1.5679449992715857,0.032669162101862256,99.99999257217661,-2.6358626807110808,4.138812525933572
38.0,4.0,1.0,3.0,0.368468249390007,499.99997869470053,-3.552713678800501e-18,0.9999999786947003,3.772801350416412,7.315870273388176,27,2.6945738052065358,1.2351012222840718,2.6888914201839516,476.3485659427767,-2.2204460492503132e-17,-5.2735593669694933e-17,0.9999999999555401,0.9999999998873388,0.6909019914016117,-0.012198012887026665,3.04261185070539,1.34106428516334,-1.0658141036401502e-16,0.9999999625989282,4.035107682555776,-0.8255606260027543,112,-0.002596078627503792,0.0043909940832580156,0.29685713921315937,7.767120280277594e-15,0.999999963579596,1.7105787338540086,1.4290730549476438,0.03288415300919874,99.99999271591932,-2.695387730211543,3.8957303037459874
38.0,5.0,1.0,3.0,0.368468249390007,499.999978717879,-3.552713678800501e-18,0.9999999787178787,3.623446163585944,7.448338758683628,27,2.8167708771446334,3.1429786916833633,4.742962405376403,466.82234560576285,-1.1102230246251566e-17,2.4424906541753446e-16,0.9999999999555408,0.9999999998873471,0.6908657152396874,-0.012201208332918632,3.042798410656679,1.341053748583083,3.552713678800501e-17,0.999999957008505,4.037504268749862,-0.7295743642621588,111,0.0001053349566584863,0.0016524566952546343,0.37801673595424745,-2.738920201750261e-14,0.9999999622401584,1.3207913360976993,1.174863639174953,0.03097699647604017,99.99999244803183,-2.5537651348044696,3.9879143746444417
38.0,6.0,1.0,3.0,0.368468249390007,499.99997860928306,7.105427357601002e-18,0.9999999786092828,3.751360700664176,7.571234467059821,27,2.638078519872068,1.403244237031562,2.1528953855554183,475.75360983103076,1.887379141862766e-16,1.1102230246251565e-16,0.99999999995554,0.9999999998873341,0.6909140768092348,-0.012198161954428886,3.042505334229876,1.3410577317272039,-1.4210854715202004e-16,0.9999999593659123,3.947380838198455,-0.6701412493201319,111,-0.000982055329095993,-0.0002642117216085518,0.41558812603717143,1.0818013151947525e-14,0.9999999638348117,1.4926591786211458,0.7486212104567318,0.03190279968520258,99.99999276696248,-2.619570006919651,4.183605591262357
38.0,7.0,1.0,3.0,0.368468249390007,499.9999786136308,-7.105427357601002e-18,0.9999999786136305,3.835063141380468,7.748810108185137,27,2.7096274539968555,1.3715878815499245,3.4470974951220796,469.2892776227634,-2.2204460492503132e-17,1.6653345369377347e-17,0.9999999999555408,0.9999999998873459,0.6908997012796043,-0.012198786434029796,3.0423465000162246,1.3410521496641383,-7.105427357601002e-17,0.9999999583088602,4.005965686165239,-0.9036346356225714,110,-0.0003061973757763908,0.0001243725830210396,0.3717990240145568,2.3225865675158277e-15,0.9999999631427646,1.9358200400265957,1.9358200400265957,0.032350468144689976,99.99999262855306,-2.5580732472840055,4.235265787308445
38.0,8.0,1.0,3.0,0.368468249390007,499.99997889076576,7.105427357601002e-18,0.9999999788907655,3.5982431389928338,7.211671183044954,27,2.705395364637532,1.5407270156406587,3.0315710259028914,469.46590789033877,1.7763568394002506e-16,1.6653345369377348e-16,0.9999999999555367,0.999999999887356,0.6909823551946599,-0.012193875143150864,3.0426123508050673,1.3410521139788194,-1.4210854715202004e-16,0.9999999554680695,4.061976295817688,-0.7234394874864624,109,0.0006707583237031547,0.001226105701124154,0.3074258555788987,-3.078648447285559e-15,0.9999999640681435,1.5683199142671085,0.6848821725262979,0.03215237479385591,99.99999281362885,-2.6459693195327647,3.926233217597802
38.0,9.0,1.0,3.0,0.368468249390007,499.99997884097195,1.7763568394002505e-17,0.9999999788409717,3.672658956154183,7.476454369148945,27,2.714196993592884,1.7577509958718847,3.7376732650325093,472.42157208581517,1.1102230246251566e-17,7.771561172376095e-17,0.9999999999555413,0.9999999998873389,0.6908904353177976,-0.012199379326158472,3.042691470853943,1.3410471377267874,3.552713678800501e-17,0.9999999595264935,3.892335184885477,-0.672674642649633,110,0.00018582358096514234,0.00039458933172195317,0.260237287865138,1.035838081975271e-14,0.9999999627461653,1.3498817767805864,1.221540497960459,0.032488400183597936,99.99999254923318,-2.6366415717672416,3.7617335135596246
39.0,0.0,0.0,0.0,0.0,499.999961701423,7.993605777301126e-18,0.9999999617014222,3.883662420947368,7.978096158711017,30,3.150231120239604,7.0564171762713555,7.688954260555274,445.9010735062467,1.1102230246251565e-16,1.582067810090848e-16,0.9999999999634643,0.9999999999037837,0.6983317186734453,-0.01183431127021148,3.076963985409286,1.3617981294678905,1.7763568394002505e-17,0.9999999555300864,3.8246590346605576,-0.7877039016087874,95,-0.003069508052547709,0.0004260066875544238,0.26830458651576894,-6.8201000402723366e-15,0.9999999582168619,1.4808971280416403,0.8796132098700952,0.030632294370256146,99.99999164337257,-2.4816565009320004,4.099818552115269
39.0,1.0,0.0,0.0,0.0,499.9999602405094,7.105427357601002e-18,0.9999999602405085,3.877864965306722,7.469987334559232,30,2.761705154748382,1.6959489637298966,5.338562790035206,464.53556591064137,-7.771561172376095e-17,1.637578961322106e-16,0.999999999963464,0.9999999999037901,0.6983020061696952,-0.011833909630243491,3.077085320642681,1.361772568061808,1.3322676295501878e-17,0.9999999566284519,3.984523946569603,-0.7201094673221796,95,-0.0012951947942278874,0.0012792497149948594,0.253051622498917,-1.0776934900036394e-14,0.9999999590818892,1.6618083639904482,0.9653528556696228,0.030921937942724288,99.99999181637801,-2.5991812310529943,3.892759987115067
39.0,2.0,0.0,0.0,0.0,499.9999633275663,7.105427357601002e-18,0.9999999633275656,3.3882202378129858,7.06656591512937,30,3.1067588285369974,5.547804052974796,12.669704259937916,438.9379654920394,-1.554312234475219e-16,-3.3306690738754695e-17,0.9999999999634644,0.9999999999037961,0.6983559131457497,-0.011832808768630023,3.07684514943006,1.3618096567973579,-1.3988810110276973e-16,0.9999999583002243,3.952745446869992,-0.7204898533380386,96,0.0012957218701013806,0.0025028730652904272,0.35977683202569954,9.015010959956271e-15,0.9999999563447035,1.3842329662524533,1.1143518090588105,0.031471821085143674,99.99999126894086,-2.6086976853200534,3.8649327924437804
39.0,3.0,0.0,0.0,0.0,499.99996136807647,2.3092638912203255e-17,0.9999999613680757,3.674147819098627,7.425648526199693,30,2.9175838913136953,2.685172132992937,6.913023744446799,462.9340116697347,2.2204460492503132e-17,5.551115123125783e-18,0.9999999999634653,0.9999999999037925,0.6983802738536321,-0.011833348742129353,3.076560069490456,1.3618043031304659,-1.1102230246251566e-17,0.9999999574354257,4.0882192062214,-0.836956994695626,94,-0.0009438604531459527,-0.0002635430340014255,0.42638093957248646,-1.507946545409311e-14,0.9999999591831955,1.721833208943469,-0.0511998012077866,0.030826679617643064,99.99999183663925,-2.484703820774426,4.374921077866019
39.0,4.0,0.0,0.0,0.0,499.99996358797335,-2.1316282072803006e-17,0.9999999635879727,4.198967598637947,8.106101830258122,30,3.2590759686084807,6.436693958137475,10.818185174610603,440.36513555315327,-1.1102230246251566e-17,3.053113317719181e-17,0.999999999963464,0.999999999903789,0.6983945350953222,-0.011831491722269095,3.0763941021207852,1.361794939819974,-4.440892098500626e-18,0.9999999617894062,3.9354701380357686,-0.7299541522586126,97,-0.0003237032472392576,0.0009722339258787446,0.364181294417236,-1.992850329202156e-14,0.9999999587700076,1.41523245690388,1.0587723599407026,0.03047066416059891,99.99999175400167,-2.4851605028902934,3.980527126056944
39.0,5.0,0.0,0.0,0.0,499.9999627870123,-7.105427357601002e-18,0.9999999627870116,4.198128828372123,7.849654255408479,30,3.165588112875546,5.301689872860008,10.010758746820889,446.6477101335779,-9.992007221626409e-17,1.1934897514720432e-16,0.9999999999634653,0.999999999903792,0.6984169629021658,-0.011834210077184592,3.0768642019207544,1.3617951986141226,-4.884981308350689e-17,0.9999999589950265,4.029746012212472,-0.7351513888016007,96,0.0035571392805225656,0.0007008084159791308,0.3180537127324907,-2.1094237467877974e-15,0.9999999628465497,1.6788200895467764,0.6329700887918814,0.031215455706844943,99.99999256931008,-2.5960042827365326,4.155485683124995
39.0,6.0,0.0,0.0,0.0,499.9999623276162,1.0658141036401503e-17,0.9999999623276155,3.7813555604487754,7.617935428142076,30,3.1648266087033576,5.703135953866654,9.982970095590424,445.3669631678166,-1.1102230246251566e-17,8.604228440844963e-17,0.9999999999634648,0.9999999999037911,0.6983458539476588,-0.011834047242173256,3.0766459541497895,1.361795684870823,4.662936703425657e-17,0.9999999581932225,3.919695510428195,-0.6957770699164796,97,-0.0008319130781752726,-0.0030605320155751748,0.4522239820732399,5.208056208516609e-15,0.999999959581011,1.527832428555001,0.9810390145565264,0.030586758714980358,99.99999191620235,-2.5889880469594075,4.260479278754045
39.0,7.0,0.0,0.0,0.0,499.99996279748586,5.3290705182007515e-18,0.9999999627974852,3.859392115930948,7.637277475892375,30,2.95901237816787,3.442735618368044,7.515051302843154,461.3488895575237,-2.55351295663786e-16,-9.71445146547012e-17,0.9999999999634646,0.9999999999037801,0.6983320484400508,-0.011834614074472215,3.0768582102320936,1.3617977329055453,8.659739592076221e-17,0.9999999609671124,3.939667373380536,-0.9194581082444336,94,-0.00369431185128132,0.0022740581056192753,0.5263875200670882,-2.964295475749168e-15,0.9999999584098123,1.607825028781781,0.8363547389203378,0.031541953567944606,99.99999168196263,-2.6455683414710673,4.137575720134022
39.0,8.0,0.0,0.0,0.0,499.99996376808434,3.552713678800501e-18,0.9999999637680838,4.062972995821155,7.327185769412876,30,3.405118741380538,7.666142732726589,23.215644317523765,418.00879152929025,-1.2212453270876723e-16,-7.771561172376095e-17,0.9999999999634637,0.9999999999037827,0.6983945207264632,-0.011835075142274682,3.076880015838863,1.3617881880070566,1.1546319456101628e-16,0.999999951462665,3.954847566113512,-0.8344558460304324,95,-0.0008205657125837096,0.00046861682432358664,0.42523279556993954,-1.894040480010517e-14,0.999999960246081,1.4829554829872562,0.895715119206575,0.0308873509329398,99.99999204921633,-2.4924072001335427,4.472727931388367
39.0,9.0,0.0,0.0,0.0,499.99996222385096,-1.7763568394002505e-17,0.9999999622238502,3.9820552348212552,7.787920126164375,30,3.1033221230873997,5.269114775135556,7.589489831915653,448.1484612528276,-4.4408920985006264e-17,-1.6653345369377347e-17,0.9999999999634654,0.9999999999037887,0.6984452967458352,-0.011835943662078342,3.0768949373693824,1.361787986321262,-3.552713678800501e-17,0.9999999581000312,3.783213743711886,-0.7020854119039164,96,0.0020077953282764405,0.0011172609779088517,0.2352764676918372,9.889866703360894e-15,0.9999999579060377,1.5201109879810015,1.5201109879810015,0.030387570146920867,99.99999158120772,-2.413246536837142,4.1600953182760225
40.0,0.0,0.0,0.0,0.0,499.99996061347485,7.105427357601002e-18,0.9999999606134741,3.815221643239176,7.396513209776324,25,2.829381283351692,2.6099142116291927,4.77040335969602,461.17027249582725,1.887379141862766e-16,2.4147350785597153e-16,0.9999999999671917,0.9999999999136073,0.6983154238666318,-0.011834762022372445,3.077013569223389,1.3618100798333703,-3.552713678800501e-17,0.9999999518003952,3.915030404365703,-0.9115891253137414,99,0.0011052772868272531,0.0008504625991177999,0.3087429332884408,-4.435340983377501e-15,0.9999999582372906,1.3970450349570414,0.8461499346932987,0.03126080613869859,99.9999916474583,-2.5659511258186884,4.054403168686772
40.0,1.0,0.0,0.0,0.0,499.9999620614111,-1.7763568394002505e-17,0.9999999620614104,3.62896443738464,7.427410656224733,25,3.2545069839117287,7.060223561698645,11.943862567587274,439.3339945876965,-2.2204460492503132e-17,9.159339953157541e-17,0.9999999999671905,0.9999999999136122,0.6983673327503619,-0.011832465327316223,3.0767237799570686,1.3617926479236282,7.993605777301127e-17,0.9999999554658746,3.926863332497361,-1.0013667846607803,101,0.0027658581835000385,0.003579771016408287,0.37901456198918737,-2.5628388300447114e-14,0.9999999560218064,1.521412291131891,1.225986204850939,0.031031250157116,99.99999120436145,-2.6416538913827567,4.285444576693804
40.0,2.0,0.0,0.0,0.0,499.99996033133027,2.1316282072803006e-17,0.9999999603313294,3.946645838426648,7.575825693229455,25,2.9989510587761306,3.057605617987323,8.841855480940042,456.57143662972544,-2.1094237467877973e-16,-7.216449660063518e-17,0.9999999999671908,0.9999999999136031,0.6983696496684804,-0.011834173805713335,3.076724353815891,1.3618194934513965,7.105427357601002e-17,0.9999999560120852,4.017929469617824,-0.7060044068345674,99,0.0013450675437352078,0.0009820839072137253,0.41447300593171654,-1.9610979506978764e-14,0.9999999575612672,1.4822646628621392,1.4229147290495456,0.031508871307628084,99.99999151225362,-2.621350265243023,4.065748062335809
40.0,3.0,0.0,0.0,0.0,499.99996091989874,0.0,0.999999960919898,3.771633686614857,7.496717266051617,25,2.863466473271882,2.376282328171148,7.344744234042649,465.2905740968008,-2.1094237467877973e-16,9.992007221626409e-17,0.9999999999671917,0.9999999999136034,0.6984078748940666,-0.011835196297628804,3.077073834598846,1.3617982754215332,-7.105427357601002e-17,0.9999999575835148,4.148386035542966,-0.8683065261312499,99,0.003205335971324299,-0.0009540340661976357,0.25972424064372923,1.2636558466283531e-14,0.999999956556687,1.572649777638025,1.0084296949854217,0.03052474402104878,99.9999913113376,-2.510030254363116,4.284289353284184
40.0,4.0,0.0,0.0,0.0,499.99996129680204,-1.4210854715202004e-17,0.9999999612968012,3.697156699341915,7.44467227616701,25,2.944852017950755,2.7257112939616612,8.632505625610337,459.5929988764288,-8.881784197001253e-17,-1.8318679906315082e-16,0.9999999999671905,0.9999999999135952,0.6983407183646575,-0.01183433771941379,3.0771005191521645,1.3617947404003357,-7.105427357601002e-17,0.9999999543557604,3.9301177081775087,-0.6713697965790265,98,0.0022065996667047848,2.2201925685357837e-05,0.3696843633251792,-1.4892531652321848e-14,0.9999999572071091,1.368974306811653,0.6834727936861135,0.03043616897627173,99.99999144142203,-2.5189198973779066,4.0391903113961
40.0,5.0,0.0,0.0,0.0,499.9999611459782,0.0,0.9999999611459774,3.560603243463917,7.418134655176392,25,2.920404762983539,3.7120995858196126,4.321907702965582,463.55523417803937,-1.1102230246251566e-17,-2.2204460492503132e-17,0.9999999999671909,0.9999999999136048,0.698368551572389,-0.011832161591930238,3.07689180031838,1.3618010950275559,1.7763568394002505e-17,0.9999999608442559,3.961306485279122,-0.7507445527841052,100,-0.0012820949397269854,0.0033377087836472833,0.2865300522135428,-1.8097745524414676e-14,0.9999999589219195,1.3836105373444898,0.7258901993339578,0.031269221849675385,99.9999917843841,-2.58171135094749,4.129012463469535
40.0,6.0,0.0,0.0,0.0,499.99996140745407,-1.7763568394002505e-17,0.9999999614074533,3.676606286780159,7.378983243145795,25,2.9150073148832085,4.399817674172527,6.543932223090715,457.22690963511013,-8.881784197001253e-17,1.3877787807814457e-16,0.9999999999671908,0.9999999999136078,0.6983536182464021,-0.011833569796361656,3.0769764451524746,1.3618098292233676,8.881784197001253e-18,0.9999999545582581,3.954600295970072,-0.770645492477926,99,0.0006742043488852855,0.001006302977849523,0.39001529808904856,3.946842852542431e-15,0.9999999571871943,1.2512296955831734,0.8140291312160943,0.030780981126912594,99.99999143743901,-2.4780140872898957,4.201906294085765
40.0,7.0,0.0,0.0,0.0,499.9999611252749,1.2434497875801754e-17,0.9999999611252741,3.8870823880148353,7.793643478494616,25,2.8158211285484605,2.2925759348764148,5.53932731410787,468.96605144672424,-1.3322676295501878e-16,8.881784197001253e-17,0.9999999999671919,0.9999999999135981,0.6984122557672116,-0.011836524917480834,3.0768573693064485,1.3617993129768837,7.105427357601002e-17,0.9999999601127577,4.135038709458776,-0.877736301312956,99,0.004052700429186595,0.00040946775772939816,0.22999228246576386,2.674305221717077e-14,0.9999999567207905,1.6737034218294906,1.0975522306242933,0.030872203650915107,99.99999134415826,-2.4998984306302527,4.393882180376794
40.0,8.0,0.0,0.0,0.0,499.99996005804593,-3.552713678800501e-18,0.9999999600580451,3.7401986810354937,7.514973052906841,25,2.7420871297473064,2.1325382732218534,3.489094087004106,467.2353499887098,1.6653345369377348e-16,-1.4432899320127036e-16,0.999999999967191,0.9999999999136021,0.6983527687529822,-0.01183516910415836,3.0770132716475995,1.3617953566622483,-7.105427357601002e-17,0.999999960080542,3.8897103440847056,-0.7348643440448575,99,-0.00046716331715396464,0.0004668062281861958,0.39312881632240426,6.954437026251981e-15,0.9999999554699592,1.5796891418486811,1.145531094917538,0.030917533227425482,99.99999109399204,-2.5377066249181617,4.546531388551236
40.0,9.0,0.0,0.0,0.0,499.99996109859933,-1.2434497875801754e-17,0.9999999610985986,3.606923840270756,6.972698084826572,25,2.794275553661091,2.6861088386918577,4.3635905693984425,462.79169377825144,1.7763568394002506e-16,3.3306690738754695e-17,0.9999999999671907,0.9999999999136003,0.6983961075759352,-0.011834801719922853,3.0769380519596283,1.361807906756582,-6.217248937900877e-17,0.9999999586071268,3.867873712758759,-0.6850878106510425,99,-0.001580073568716669,-0.0003541266127398987,0.334250540178715,1.3367085216486884e-15,0.9999999534880526,1.3473078608431115,0.606716981076765,0.031553696201902515,99.99999069761073,-2.598812323996984,3.951587184136123
41.0,0.0,0.0,0.0,0.0,499.9999614746316,-1.7763568394002505e-18,0.9999999614746309,3.787941583604941,7.584754615602039,22,3.1319910428695867,5.087587667915724,7.675216518957572,449.27130490333946,-2.1094237467877973e-16,1.27675647831893e-16,0.9999999999675372,0.9999999999145117,0.6983915236856916,-0.011833506569585187,3.076961000133108,1.3618103472144554,7.105427357601002e-17,0.9999999565216939,3.8334569877520415,-0.9798553142186072,104,0.0015914464428868514,-0.002711951251263373,0.4635495335876314,1.3866685577568206e-14,0.9999999645554773,1.3119872777043189,0.929100406607609,0.0319716753741221,99.9999929110956,-2.6531476377208314,3.8255615098132987
41.0,1.0,0.0,0.0,0.0,499.9999601200221,-7.105427357601002e-18,0.9999999601200212,3.853170441624121,7.523054072461784,21,2.80055262575195,3.461759186898792,3.5809243809489524,469.0587878104048,-2.2204460492503132e-17,-5.2735593669694933e-17,0.9999999999675362,0.999999999914505,0.6984004888558519,-0.011834636195334683,3.0766248758009986,1.3617963983046701,1.0658141036401502e-16,0.9999999591962501,3.888450204203367,-0.9762797230709348,105,-0.0018454563334064922,0.0037163945727134405,0.46504679668740323,1.1932677068671183e-14,0.9999999634482539,1.416093707115014,1.03178306288075,0.03127677022867804,99.99999268965092,-2.665556642456428,4.1731048240024124
41.0,2.0,0.0,0.0,0.0,499.9999604350309,8.881784197001253e-18,0.9999999604350301,3.896190432082339,7.542704680101933,21,2.7736370954726546,1.8778730660363336,4.290620493878796,469.0935967354485,-3.219646771412954e-16,-1.8041124150158794e-16,0.9999999999675367,0.9999999999145023,0.6983746009407037,-0.011831331164907826,3.0770348062819273,1.3617984864800168,-1.2434497875801754e-16,0.9999999577616948,3.869417788882461,-0.6104294579843896,104,0.0006306161769337792,-0.0018026536649901664,0.44977711560139255,1.659117287999834e-14,0.9999999641141637,1.3483907220112148,1.0545409949284212,0.03116382837589386,99.99999282283287,-2.519100637767595,3.841608540261899
41.0,3.0,0.0,0.0,0.0,499.9999624849437,0.0,0.999999962484943,3.9263399647101394,7.7738450179065435,21,3.3132936271029,6.218768857578347,15.987638723659746,430.56292497930747,8.881784197001253e-17,-7.494005416219807e-17,0.9999999999675377,0.9999999999145139,0.6983442229620883,-0.011836219415091912,3.0768556448613,1.361798532380225,1.9539925233402755e-16,0.9999999517319121,4.375586297394263,-0.7955517718812164,106,-8.70573980746292e-05,0.002186642289376722,0.43975006939557204,9.852119120523639e-15,0.9999999644648537,1.4123441316381449,0.8466337077775639,0.031221344153583238,99.99999289297088,-2.601832092027038,4.087401839436763
41.0,4.0,0.0,0.0,0.0,499.999961553228,-2.3092638912203255e-17,0.9999999615532272,3.811064528719856,7.457962276478969,22,3.232191619557652,7.006608012798398,12.210209561541813,442.91472318868813,8.881784197001253e-17,-7.771561172376095e-17,0.9999999999675369,0.9999999999145138,0.698353550315008,-0.01183261625215612,3.076731478214262,1.3618090354216066,1.5987211554602254e-16,0.9999999566179606,3.9059971189650433,-0.7937993812767539,105,0.0026271345901768073,-0.0002878802242956885,0.414968835353303,-2.5990321006474914e-14,0.9999999633825849,1.1755366252362187,1.0642480892729844,0.031847438809484485,99.99999267651711,-2.5995296835943478,4.249998214596465
41.0,5.0,0.0,0.0,0.0,499.9999616511584,-1.5987211554602253e-17,0.9999999616511577,3.732063868318432,7.601953630860437,22,3.06982593075303,5.232095366955728,12.780841806294365,449.3929358280939,8.881784197001253e-17,-2.2204460492503132e-17,0.9999999999675361,0.9999999999145215,0.6983353988318117,-0.0118315580918334,3.077036220835666,1.361799951238813,-1.7763568394002505e-17,0.9999999563412632,3.962002432292332,-0.9305958414119746,105,0.002018989573102705,0.000937272154557982,0.34537608373035766,9.691136781952992e-15,0.9999999630664002,1.3638944325768698,0.9032045589752132,0.03117605994459334,99.99999261328016,-2.589099861965482,4.00660057507222
41.0,6.0,0.0,0.0,0.0,499.9999636372522,0.0,0.9999999636372516,3.7366685560642434,7.86493973448067,21,3.211546339571724,6.899056689417856,11.199245241217636,441.1725334902533,-5.551115123125783e-17,-6.38378239159465e-17,0.9999999999675371,0.9999999999145143,0.698335240928969,-0.011833239025616367,3.0769840319219557,1.3618005402458802,-1.0658141036401502e-16,0.9999999581319163,4.296650557535405,-0.9077056111978764,106,-0.0006350939674417699,-0.0007043239180779443,0.33205872590588115,1.0949019468853294e-14,0.9999999633543215,1.3331984697449577,1.1517211450665057,0.031093039802362017,99.99999267086442,-2.432720826959023,3.8277343486122763
41.0,7.0,0.0,0.0,0.0,499.99996182911434,-1.7763568394002505e-17,0.9999999618291135,3.541779670359386,7.594395302658099,22,3.1010788417463795,4.041342770243995,10.174606145614236,456.88363233464975,1.6653345369377348e-16,-2.7755575615628915e-18,0.9999999999675364,0.9999999999145069,0.6983799793406421,-0.011833521013632773,3.076695199176765,1.361800650052259,7.105427357601002e-17,0.9999999532836229,4.060389767038827,-0.7320686511676869,105,-0.0006857845267234419,-0.0001091766982920811,0.327325973858386,1.5273338149768278e-14,0.9999999641655233,1.447360142620139,0.9787874146794254,0.03157415498619645,99.99999283310481,-2.599724715310976,4.164546820213576
41.0,8.0,0.0,0.0,0.0,499.99996174948177,-1.4210854715202004e-17,0.999999961749481,3.63338827961468,7.486687922763862,21,2.8716138357540624,3.83443671142427,5.31783115875128,465.09366881233245,1.1102230246251565e-16,-2.1649348980190552e-16,0.9999999999675367,0.9999999999145094,0.6983620156792949,-0.011835301528138243,3.0771253796070037,1.361792154859587,1.4210854715202004e-16,0.999999953663675,3.859507842223677,-0.8879419448723709,104,0.0019726365752862464,-0.00182458467460734,0.3786830535935337,2.5730528818712627e-14,0.9999999626897429,1.2024787373119548,0.5968959138706352,0.03145456174477866,99.9999925379487,-2.609569879575929,3.8671990490983625
41.0,9.0,0.0,0.0,0.0,499.9999627513374,-7.105427357601002e-18,0.9999999627513367,3.852089971882933,7.053710862968666,22,3.243461125757578,6.025144653003687,12.602079107604071,434.67876403970433,-6.661338147750939e-17,2.7755575615628914e-17,0.9999999999675354,0.9999999999145168,0.6983808654248053,-0.011834455014496648,3.0769154397536482,1.3618045239455605,-1.7763568394002505e-17,0.9999999585815965,3.901359409908532,-0.700237282195118,106,0.003546431452317367,0.0023637097007446393,0.26439475196965034,1.886268918838141e-14,0.9999999636391854,1.3860271065420948,1.0252891404947249,0.03135665132835274,99.9999927278372,-2.603982033632602,4.257637977969463
42.0,0.0,1.0,2.0,0.2828612118224922,499.9999778137775,-1.4210854715202004e-17,0.9999999778137773,3.6235134159906552,7.344958123240929,28,2.678179508076699,1.6835446000065548,3.6502887464143936,472.74368295851156,2.2204460492503132e-17,1.9428902930940238e-17,0.9999999999598683,0.9999999998971095,0.7312624575727702,-0.012280238661984947,3.0535459928564737,1.3478966700025192,1.4210854715202004e-16,0.9999999629728822,3.949132420145138,-0.7282860431128595,109,-0.000491029652483922,0.003893153776980301,0.3865470723856035,1.1814993428060916e-14,0.9999999768906781,1.4406042785871356,1.1853261652551397,0.03307009477698317,99.99999537813568,-2.677201532346939,3.7921024245597517
42.0,1.0,1.0,2.0,0.2828612118224922,499.99997778096963,7.105427357601002e-18,0.9999999777809694,3.748929402343237,7.654907169122568,28,2.5863427665680945,0.8959306441614725,2.0567952089849353,474.0880952394475,-3.3306690738754695e-17,-1.2212453270876723e-16,0.9999999999598707,0.9999999998971015,0.7312691256696812,-0.012279900784824516,3.0535354956922847,1.3478817612636607,-7.105427357601002e-17,0.9999999557059495,3.9276452099758927,-0.7143440117920545,111,-0.0022476811343608645,-0.0011080890849207844,0.5076490447546718,6.4348526507274074e-15,0.9999999774177752,1.34854144868021,0.977944639330014,0.03246063460269911,99.99999548355511,-2.638895528588341,3.893665351059629
42.0,2.0,1.0,2.0,0.2828612118224922,499.9999781925157,-7.105427357601002e-18,0.9999999781925154,3.6308359242306216,7.438889583523183,28,2.838744521515344,2.5963114984836677,4.112282366680206,468.0684814513453,-1.2212453270876723e-16,-5.551115123125783e-17,0.99999999995987,0.9999999998971111,0.7312623962942416,-0.012282196945112941,3.053391927261022,1.347890195985279,0.0,0.9999999586980605,3.925593873633741,-0.7849456090347069,109,0.0011180345280128972,-0.004886201333051826,0.5611566599172804,4.785061236134424e-16,0.999999977114964,1.5172373281400136,0.8429179189746442,0.032669449941300756,99.99999542299287,-2.6643465299251328,3.8647497717539117
42.0,3.0,1.0,2.0,0.2828612118224922,499.9999776780121,0.0,0.9999999776780119,3.946559554947336,7.577162433642451,28,2.5925457988901313,0.8636527174652148,2.145281789425354,473.2726249227529,0.0,-4.163336342344337e-17,0.9999999999598685,0.9999999998971031,0.7312032039166617,-0.012283688576155171,3.0538465363517835,1.3478587542891598,0.0,0.9999999578641952,3.945639731139991,-0.6880201688377898,108,0.0005894522298541019,0.0002251459127479291,0.31957907008387565,-7.525091660909311e-15,0.9999999769027716,1.3859138932582498,1.3859138932582498,0.032778507808627184,99.99999538055441,-2.6812259618305188,3.7864602259920517
42.0,4.0,1.0,3.0,0.2828612118224922,499.9999809412664,0.0,0.9999999809412662,3.683918057710534,7.291218603675574,29,2.583974214997356,0.8573585476791085,1.7441136497076062,474.5430275069738,1.2212453270876723e-16,1.5265566588595902e-16,0.9999999999560374,0.9999999998885926,0.6909496391348942,-0.012198849505501692,3.0427872430669756,1.3410643413341141,7.105427357601002e-17,0.9999999573259557,3.9519405953242894,-0.5914837073568014,112,0.0020846081081681185,0.0005140798764926589,0.25754615961481875,3.0619951019161815e-15,0.9999999807001874,1.431087032422172,1.0751356313727445,0.0330841446576163,99.99999614003752,-2.6205112803822996,3.9158102031142086
42.0,5.0,1.0,3.0,0.2828612118224922,499.9999807037474,-3.552713678800501e-18,0.9999999807037472,3.962356915486142,7.633502594706584,29,2.655628152788574,1.4735811131539804,2.727110614709762,472.04574284573675,1.1102230246251566e-17,3.608224830031759e-17,0.999999999956037,0.9999999998885942,0.6908554064748966,-0.012196382027715122,3.042934799828831,1.3410610221961998,0.0,0.9999999565987068,4.171976932716479,-0.9393242078072612,113,0.0006127241276722062,0.000844720922907578,0.2564382482183021,3.186340080674199e-15,0.9999999802905526,1.335848367465791,1.062544024313355,0.033027194155613664,99.99999605811054,-2.719138657481503,3.596702454507537
42.0,6.0,1.0,3.0,0.2828612118224922,499.9999810489136,7.105427357601002e-18,0.9999999810489134,3.644259095999129,7.409073920142859,29,2.6519865426426765,0.6748149771000553,2.3903995692946767,472.3793562016856,1.1102230246251566e-17,1.7208456881689927e-16,0.9999999999560362,0.9999999998886002,0.6909366077039427,-0.012196523369695976,3.0424992309219268,1.3410564842476553,1.4210854715202004e-16,0.9999999564571251,3.974549360094182,-0.748320787408839,113,-0.003936641950284924,0.0019858192044609774,0.2724205737803018,-3.2041036490682017e-15,0.9999999805199956,1.3827908884015077,1.3702554896050003,0.03314109165339319,99.99999610399915,-2.731804446396595,3.6581639745699794
42.0,7.0,1.0,3.0,0.2828612118224922,499.9999808156558,-1.7763568394002505e-17,0.9999999808156557,3.842884987413256,7.575320549079642,30,2.77812802265431,2.375229790527326,4.577318844380214,464.5197084769809,-1.2212453270876723e-16,-5.828670879282072e-17,0.9999999999560355,0.9999999998885937,0.6909072676437733,-0.012199107537715618,3.0427046712101387,1.341055866603361,1.0658141036401502e-16,0.9999999549474917,4.100719996022633,-0.7434888060432487,112,-0.002194707763004443,-0.0012450408298103639,0.6025555428753577,1.3848922009174202e-14,0.9999999808385303,1.337314493776048,1.3149629379102632,0.03320336683544823,99.99999616770609,-2.714239373049431,3.606321885159093
42.0,8.0,1.0,3.0,0.2828612118224922,499.99998093497265,-1.0658141036401503e-17,0.9999999809349724,3.735647437084608,7.611699999619011,29,2.5501550198563567,0.6733786563220253,0.948399396209433,475.5382331797151,7.771561172376095e-17,1.0547118733938987e-16,0.9999999999560383,0.999999999888606,0.6909765759431876,-0.012199722893671988,3.0428168450419566,1.341081743920241,-1.7763568394002506e-16,0.9999999580414239,3.947357621857983,-0.6809255904599064,114,0.001871712302240717,-0.0018095650808252074,0.48723920929062103,-3.594902153736257e-15,0.9999999797337856,1.3774211075726908,1.1530329962903727,0.03307439223606207,99.99999594675718,-2.677414947688092,3.734294279748605
42.0,9.0,1.0,3.0,0.2828612118224922,499.9999809343959,-7.105427357601002e-18,0.9999999809343957,3.6589315490626326,7.345912800711573,29,2.5988396944443766,0.6930472863624301,2.4593230895808222,473.257404489527,-1.1102230246251565e-16,2.7755575615628914e-17,0.9999999999560351,0.9999999998886023,0.6909473591406292,-0.012196397525177824,3.042558131070936,1.3410429328330455,0.0,0.9999999570045286,3.9240388033564826,-0.7934867531252383,113,0.0022948092043414163,-0.00018359955050614962,0.36822893819757496,-3.2951419370874646e-15,0.999999980502091,1.5041160850461175,1.2110702832436375,0.03279201925913177,99.99999610041826,-2.692131305239993,4.221445177765551
43.0,0.0,0.0,0.0,0.0,499.99996697386877,-1.0658141036401503e-17,0.9999999669738683,3.790255316297769,7.551135221670007,25,2.7937602744478456,2.097005333099888,4.1276288556238905,460.3651064523385,-1.6653345369377348e-16,-1.8041124150158794e-16,0.9999999999648751,0.9999999999075051,0.698343266692578,-0.011834223851109688,3.0767399875367123,1.3617954598984325,5.329070518200751e-17,0.9999999600541213,3.888732073303737,-0.7431137419271425,103,-0.00029213117140821867,0.0001141912907592646,0.21476059224828603,-1.6266987756807795e-14,0.9999999672398877,1.2458983925197205,0.8567482122510273,0.03180293676768236,99.99999344797766,-2.6051376004051074,4.167857503857144
43.0,1.0,0.0,0.0,0.0,499.99996719972967,3.552713678800501e-18,0.9999999671997292,3.757468374083553,7.260088115804818,25,3.082108561738847,6.024236422570093,11.845072275689159,442.12479947930717,-6.661338147750939e-17,-1.1102230246251566e-17,0.9999999999648744,0.9999999999074999,0.698434200114655,-0.011835179277181819,3.076933883642295,1.361796270613556,-5.329070518200751e-17,0.9999999624304843,4.049845749546799,-0.7728306095687418,104,-0.0028476213142693773,0.0002975960135831207,0.3977060579987395,1.2416734307407751e-14,0.999999966948844,1.5620856289075675,1.032081012843743,0.03157702765878269,99.99999338976892,-2.5978511320482,4.2002424213189515
43.0,2.0,0.0,0.0,0.0,499.9999671329606,1.0658141036401503e-17,0.99999996713296,3.699793831798509,7.339032172599726,24,3.232792581846323,7.207161768029473,10.18098507981401,441.652488228765,1.6653345369377348e-16,5.2735593669694933e-17,0.9999999999648731,0.9999999999075069,0.698312228229754,-0.011834159088510583,3.0768816825147978,1.3617981724862709,7.105427357601002e-17,0.9999999603089188,4.048929079816067,-0.7538030847135135,103,-0.0005533388979161758,-0.00017427878252008645,0.4447751273082794,-1.4300782780196642e-14,0.9999999679852412,1.367661298574136,0.897496021788943,0.03193995929915247,99.99999359704836,-2.678889096986783,4.266808450318347
43.0,3.0,0.0,0.0,0.0,499.9999671606814,3.552713678800501e-18,0.9999999671606808,3.825379871991309,7.767283171346694,25,3.101346411911073,4.239788186039596,10.831273893857103,452.4609330413503,-1.1102230246251565e-16,4.4408920985006264e-17,0.9999999999648743,0.9999999999075049,0.6983803444287767,-0.011835858755051686,3.076879948130638,1.3618110379525266,3.552713678800501e-17,0.9999999596817606,4.113192489679447,-0.7792173055015155,102,-0.0011071682790215931,0.0002756071861417644,0.2159750561128284,7.220890552162019e-15,0.9999999683886972,1.315152833892824,1.3004985329592946,0.03182907391581074,99.99999367773954,-2.596603237386935,4.117235326115399
43.0,4.0,0.0,0.0,0.0,499.9999663933216,-1.0658141036401503e-17,0.999999966393321,3.687637318805312,7.30239963702967,25,2.7864229677144303,3.2339837002957967,3.8659730321914854,466.15253153985816,-1.7763568394002506e-16,-2.55351295663786e-16,0.9999999999648752,0.999999999907504,0.6983849252674574,-0.01183240974115564,3.0766384919010155,1.3618148182872019,0.0,0.9999999550922366,4.0809901140686105,-0.5748055702375107,102,-0.0007746859403350314,0.00023690986403073877,0.40751437544176383,1.609823385706477e-15,0.9999999675605201,1.3463699067637331,1.2295964512163942,0.031959436201631164,99.99999351210413,-2.6603147046194606,3.8709419570826133
43.0,5.0,0.0,0.0,0.0,499.9999675540642,1.7763568394002505e-17,0.9999999675540636,3.3940223023469915,7.214113204943483,25,3.047019417241434,5.760268438415897,10.034166394278632,447.0409690478389,6.661338147750939e-17,3.608224830031759e-17,0.9999999999648758,0.999999999907506,0.6982963866569581,-0.011833861382044696,3.076931431129639,1.3617960573096297,-1.0658141036401502e-16,0.9999999587963474,3.973822230612946,-0.8635894092084817,102,-0.00017631358429898158,0.0026233360691505832,0.28022217464535615,9.253708910250679e-15,0.9999999681337933,1.3848477364103438,0.7750301414309696,0.031711745783578,99.99999362675877,-2.5943779555432416,3.8783807639582646
43.0,6.0,0.0,0.0,0.0,499.9999669996756,1.4210854715202004e-17,0.9999999669996751,3.749273764974768,7.239096284865461,25,2.8915229122567556,2.9373801065835976,8.060795821386936,455.85188167990145,-6.661338147750939e-17,1.27675647831893e-16,0.9999999999648767,0.9999999999075114,0.6983437599776035,-0.011836024287536322,3.0769251431677684,1.3618122964824868,1.4210854715202004e-16,0.9999999597865522,4.193967905155748,-0.8634287495394364,103,-0.0030348559069459345,-0.0007328665475056506,0.611203646652271,7.03825886461118e-15,0.9999999691067549,1.358609398792166,0.3704916738623278,0.030725378010209883,99.99999382135105,-2.5213377064000726,4.523029078095798
43.0,7.0,0.0,0.0,0.0,499.9999682004549,0.0,0.9999999682004543,3.971097986141201,7.591458470168946,24,3.1193600485597357,6.251187382171339,11.508835122969069,446.8718029149598,2.331468351712829e-16,1.0269562977782698e-16,0.9999999999648759,0.9999999999075078,0.6983766422118795,-0.011834694087617205,3.0766511587683034,1.3617953633029944,1.0658141036401502e-16,0.9999999581265218,3.83261082484978,-0.966256663731992,103,-0.001086700228880675,0.001788400335015986,0.2236079625293108,8.837375276016246e-16,0.9999999685112085,1.4579371566644086,0.8141429218471494,0.031254829258977816,99.99999370224182,-2.5658443787625,4.038208156791979
43.0,8.0,0.0,0.0,0.0,499.9999676348414,7.105427357601002e-18,0.9999999676348409,3.826138374986872,7.492110629748655,25,3.1129692090207834,4.141527500154091,10.263237672339816,444.5882115056512,-1.3322676295501878e-16,2.6922908347160044e-16,0.9999999999648755,0.9999999999075093,0.6983940738887787,-0.011835984742175652,3.0768979428104934,1.361796778056628,-1.7763568394002505e-17,0.9999999612912976,4.160470472941978,-1.081475702140958,103,0.0062983756088512265,-0.000515202440039855,0.4370440024330762,4.819478149897804e-15,0.9999999677956366,1.2294858675053817,0.9927085454751042,0.03149882419220578,99.99999355912745,-2.613839687735584,3.8523169559215504
43.0,9.0,0.0,0.0,0.0,499.99996639639045,1.4210854715202004e-17,0.9999999663963899,3.8703325655779537,7.683627857961692,25,2.8246018241817255,2.2992257944244776,3.9736091254595967,462.12216706526993,5.551115123125783e-17,-2.6645352591003756e-16,0.999999999964875,0.9999999999074994,0.6983773870236067,-0.011834550185994122,3.0769016462505387,1.3617951493518134,-3.552713678800501e-17,0.999999957502309,3.8599512709203663,-1.0049608080565264,102,-0.0005706697191633015,-0.0005755391900240902,0.20322199448247957,-1.354694134647616e-14,0.9999999677089931,1.3680835875511854,1.3680835875511854,0.03147887787708517,99.99999354179874,-2.592042873105067,4.013880159326313
44.0,0.0,0.0,0.0,0.0,499.9999582782923,-3.552713678800501e-18,0.9999999582782915,4.220047007804035,8.119603595594004,22,3.0165154261607494,5.088928700826373,9.095057892370079,452.58047460204284,8.881784197001253e-17,-1.9428902930940238e-17,0.9999999999662466,0.9999999999111061,0.6983316252805374,-0.01183400724529043,3.0769732765555626,1.3617970375780601,1.7763568394002505e-17,0.9999999568486502,3.9362371768989353,-0.7889244613824457,99,0.000762602830399004,0.00018326231321916687,0.4543530415056427,4.731770530952417e-15,0.9999999580259078,1.6547028773946573,1.021909007129018,0.03036105408779862,99.99999160518172,-2.462053927391401,4.450020611466318
44.0,1.0,0.0,0.0,0.0,499.99995843739396,-7.105427357601002e-18,0.9999999584373931,3.809746588787195,7.666878488617309,22,2.9681457119504087,4.9962648093283235,6.9834432727453395,459.6708315899184,1.1102230246251566e-17,3.8857805861880476e-17,0.9999999999662466,0.9999999999111153,0.6983991093253346,-0.01183467859376608,3.076782235145495,1.3618094954262003,-5.329070518200751e-17,0.9999999592455915,4.326561917501134,-0.8117175184057127,100,-0.0008011623923511713,0.0011119571642655565,0.2893723795402767,1.431743612556602e-14,0.9999999579535434,1.424508991706023,0.8773639869570519,0.030748488065162734,99.99999159070886,-2.563530802519455,4.271265414800462
44.0,2.0,0.0,0.0,0.0,499.9999574151765,3.552713678800501e-18,0.9999999574151756,3.719070496534311,7.193669653516391,22,3.084738299038636,4.777875838933499,11.335473403237948,447.0021848164708,3.219646771412954e-16,2.7755575615628915e-18,0.9999999999662469,0.9999999999111162,0.698376370531516,-0.011832999212255375,3.076560128934801,1.3618015344180696,-7.993605777301127e-17,0.9999999557972972,3.826986687434041,-0.7145466409920481,99,0.0009178011569522537,0.0001767441413741913,0.2671502263584671,-1.0696998842263383e-14,0.9999999580626665,1.2737824246884564,0.5948159999257889,0.031140975038650237,99.99999161253348,-2.556115338468114,4.0548994868006245
44.0,3.0,0.0,0.0,0.0,499.99995663004466,-7.105427357601002e-18,0.9999999566300437,3.718717602857321,7.530656987699354,22,2.8577863304280955,3.613285088554472,5.66466616137878,458.2974100380343,1.1102230246251565e-16,3.3306690738754695e-17,0.9999999999662462,0.9999999999111145,0.6983641669951034,-0.011833550166628971,3.0768764566761932,1.3618064016848437,-1.0658141036401502e-16,0.9999999567276447,4.4339438027771,-0.9624606647379528,100,0.002665019798905248,0.00017411802230216545,0.21000462398976616,-4.6317394364336905e-14,0.9999999568700966,1.4631701727092457,0.6824006816679722,0.031330509391687404,99.9999913740195,-2.565683919861488,4.165829124556949
44.0,4.0,0.0,0.0,0.0,499.99995802846325,1.7763568394002505e-17,0.9999999580284624,3.76609854813814,7.392343507402476,22,3.2908116614637946,6.5056725575186745,13.153110766298337,443.37439676771794,1.554312234475219e-16,5.551115123125783e-17,0.9999999999662467,0.9999999999111244,0.698358733940955,-0.011832906383105092,3.0769362055040137,1.3618041328850758,0.0,0.9999999601619178,3.934897036148024,-0.8773774202726661,101,-0.004809062564636482,-0.0009008748578936287,0.40478997838433095,-5.232481115058363e-15,0.9999999566744318,1.4388015460380266,0.7853416708624802,0.030597552402132806,99.99999133488657,-2.4568614514043983,3.9222618629734725
44.0,5.0,0.0,0.0,0.0,499.9999582129417,-1.0658141036401503e-17,0.9999999582129409,3.70835617376546,7.476376574810156,22,3.040875910913681,4.7538100205950835,7.639957117992775,451.29082818813754,3.3306690738754695e-17,8.604228440844963e-17,0.9999999999662466,0.9999999999111063,0.6983581181141535,-0.01183303511635591,3.0767067219402033,1.361788457910782,-7.993605777301127e-17,0.9999999568418102,3.732978659553558,-0.8589633722601692,99,0.0002799517720867417,-0.0015740035566167137,0.4134205063939458,-3.433919815165609e-15,0.9999999598027426,1.3692061542120266,0.9403623373891395,0.03071251727494327,99.99999196054867,-2.4900742339849877,3.8778933089964136
44.0,6.0,0.0,0.0,0.0,499.9999586431196,-3.552713678800501e-18,0.9999999586431187,3.597758420010766,7.034624945585811,22,3.2396177941376503,6.020513858680664,14.3020053659471,433.74296079333556,-1.7763568394002506e-16,-1.8596235662471373e-16,0.999999999966246,0.9999999999111115,0.6983441403090456,-0.011835956684307872,3.077082469417486,1.3617965095005455,-1.0658141036401502e-16,0.9999999614457874,3.981167261158717,-0.6516554545587125,100,-0.0007780583026030552,-0.0002792469977583012,0.3880775675653876,-3.47721851312599e-14,0.9999999585017493,1.3721521636587752,1.161903553890328,0.031374296783576866,99.99999170035002,-2.603465951521004,3.9357264232543963
44.0,7.0,0.0,0.0,0.0,499.9999585077713,-1.0658141036401503e-17,0.9999999585077705,3.654863902853939,7.6108711559207,22,3.4324039171439384,8.092174036469357,15.301104224872612,431.6677762239399,-2.1094237467877973e-16,1.9428902930940238e-17,0.9999999999662462,0.9999999999111239,0.6983741256361891,-0.011833353413777253,3.076926693258977,1.3618112955305333,4.4408920985006264e-17,0.9999999544849406,4.016728209893228,-0.8527097857876659,100,-0.000834825835298556,-0.00014865341407742483,0.5544061923800303,-2.8845814625810816e-14,0.9999999581578359,1.5364328171057389,0.9456464251367428,0.031106411823538883,99.99999163156738,-2.4773028749239074,4.184225118034502
44.0,8.0,0.0,0.0,0.0,499.99995753215967,-2.1316282072803006e-17,0.9999999575321588,3.647216738345198,7.126571323438127,22,2.943667772395865,4.8789975624746456,8.44891708592537,453.1266670153866,1.4432899320127036e-16,-8.881784197001253e-17,0.9999999999662448,0.999999999911115,0.6983617007148673,-0.011833236520118726,3.07679086375412,1.3617980689592746,3.552713678800501e-17,0.9999999597131696,4.01606948244765,-0.9182221134076972,100,0.0036189915782185557,-0.006285877126038171,0.6380958585733154,-2.5879298704012398e-14,0.9999999576284966,1.3858830862691045,1.3858830862691045,0.03070913851241701,99.99999152569949,-2.533263734268524,4.062076622932752
44.0,9.0,0.0,0.0,0.0,499.99995893701646,-7.105427357601002e-18,0.9999999589370155,3.7116842948468327,7.362320872404687,22,3.357997351138082,9.574198131116711,14.952852106237277,431.4058410444378,1.4432899320127036e-16,-6.938893903907228e-17,0.9999999999662463,0.999999999911115,0.6983668122877258,-0.011834218845179168,3.076784645001747,1.3617952960510935,5.329070518200751e-17,0.999999951835605,4.354616381794052,-0.8908194089164063,98,-8.256118448306093e-05,-0.004061574679597501,0.5572760009467803,1.8629542353210128e-15,0.9999999559058861,1.617866314850533,0.7500742348050691,0.030748761349543203,99.99999118117742,-2.5652092934846094,4.414066221728419
45.0,0.0,0.0,0.0,0.0,499.99996587956093,1.0658141036401503e-17,0.9999999658795603,3.812136145367389,7.562606811708573,23,2.6691556605444435,2.0844224244544494,3.086109490558008,469.4336349910908,-1.554312234475219e-16,-7.494005416219807e-17,0.9999999999664055,0.9999999999115307,0.698305211386144,-0.011834745487513064,3.0768947559569746,1.3617944812768366,8.881784197001253e-18,0.9999999591069381,4.094606711852996,-0.8131796583726947,99,-0.003053768986814509,-0.0044943730193534644,0.612771760907199,4.46309655899313e-15,0.9999999650347609,1.4876327130877711,1.2384827252482054,0.0321381874021021,99.99999300695232,-2.6418271425152877,4.096997452708443
45.0,1.0,0.0,0.0,0.0,499.999965965799,0.0,0.9999999659657984,3.987582171235044,7.9825374673456055,23,2.9343462265908844,3.0544296260255814,6.2388449122154785,463.7123333183316,2.7755575615628914e-16,6.38378239159465e-17,0.9999999999664059,0.9999999999115319,0.698399084958063,-0.011834518252273529,3.0768909502161677,1.3618073909100725,5.329070518200751e-17,0.9999999571563527,3.830939491672334,-0.7359799999439138,100,-0.0017746382122733673,0.003495114275094853,0.3121064114216878,1.9695356456850275e-15,0.9999999648838573,1.5475274579822114,1.469388255191292,0.03181146887325182,99.99999297677158,-2.6973687509335225,3.9711659898540703
45.0,2.0,0.0,0.0,0.0,499.9999682064773,-7.105427357601002e-18,0.9999999682064767,3.830147763221605,7.831359384304229,23,3.204627999501672,6.057428906206019,11.6184502327897,439.6718592396776,-3.3306690738754695e-17,9.43689570931383e-17,0.9999999999664057,0.9999999999115384,0.6983574563606323,-0.01183466191488467,3.0766359526250056,1.3617904264150908,2.6645352591003756e-17,0.9999999573870404,3.860089875734945,-0.9021356997882504,97,0.0036680711112813836,0.0032652711839365315,0.15662320223500714,-7.198686091669515e-15,0.999999965119983,1.1638633890703638,1.0236944532858334,0.031796175482456605,99.99999302399671,-2.6211574480169118,3.832520132422033
45.0,3.0,0.0,0.0,0.0,499.99996622665526,1.0658141036401503e-17,0.9999999662266547,3.750551438932814,7.486664598270005,23,2.918851006324781,3.8411224308392993,6.291400336443388,458.10612642893705,9.992007221626409e-17,-8.326672684688674e-17,0.9999999999664061,0.9999999999115309,0.698292832103426,-0.011835434935960912,3.0772291419809537,1.3617942060105759,-9.769962616701378e-17,0.9999999541313122,4.140461306721472,-0.8222600642588627,100,-0.0031210121269388182,0.00048282899033428835,0.39692312915729566,-5.047073869945962e-15,0.9999999662887201,1.4137087292043669,0.988704229889124,0.031761429506535016,99.99999325774412,-2.5562013835824065,4.027921561806318
45.0,4.0,0.0,0.0,0.0,499.999965899984,-1.0658141036401503e-17,0.9999999658999834,3.496803292824988,7.369833823149106,23,2.7707170400250396,1.6281797721432325,4.996596790815029,466.6064432842582,1.554312234475219e-16,-8.604228440844963e-17,0.9999999999664065,0.999999999911531,0.6983656606533043,-0.011833423712128133,3.0771638008162663,1.3618025768084356,-8.881784197001253e-17,0.9999999597879341,3.949078778061049,-0.9157425397467164,99,-0.0015509749290671681,-0.003430572333273106,0.48533668522782136,-2.120303932429124e-14,0.9999999664427359,1.5785614632463445,0.9162493632355716,0.03188859580855789,99.9999932885473,-2.580596459093888,4.245163449101222
45.0,5.0,0.0,0.0,0.0,499.99996739310666,-3.552713678800501e-18,0.9999999673931061,3.532976822592053,7.613396695706613,23,3.074027706476058,4.201566915671737,9.82994817614466,443.0732788346848,1.9984014443252818e-16,-8.604228440844963e-17,0.9999999999664053,0.999999999911539,0.6983519902185784,-0.01183194766704524,3.077139208812093,1.3618099416009848,9.769962616701378e-17,0.9999999555448619,3.9450248712105873,-0.8044477174925384,100,0.0010232170088509296,-0.0020310298210398053,0.3520303964314859,1.4990231278488865e-14,0.9999999636068424,1.2668500693102998,0.7581326308863565,0.030468038526425042,99.99999272136863,-2.4750933948002447,4.171575988853224
45.0,6.0,0.0,0.0,0.0,499.9999663079029,7.105427357601002e-18,0.9999999663079023,3.666264191058096,7.165137848471273,23,3.2030728153168777,7.063992291313113,10.495522502058943,429.3495249923641,-2.220446049250313e-16,-7.216449660063518e-17,0.9999999999664062,0.9999999999115373,0.6983243894912422,-0.011833072465906229,3.0770389161399083,1.3618095802198797,-8.881784197001253e-17,0.9999999561099552,3.897682087068483,-0.571470487808426,99,0.0008485965354984226,-0.0009077401516791322,0.4631845933953258,5.682121440031551e-15,0.9999999667858298,1.5577908789018209,1.0877490873429043,0.031123604367420347,99.99999335716606,-2.4961955180279216,3.9537249357675437
45.0,7.0,0.0,0.0,0.0,499.9999657439363,-7.105427357601002e-18,0.9999999657439357,3.96511411335474,7.690896250438355,23,2.8113002765071755,3.2348082947361863,5.492838081192375,460.9037767956927,-5.551115123125783e-17,2.4980018054066023e-17,0.999999999966406,0.9999999999115416,0.6983432914580643,-0.011833917180271448,3.077170576606916,1.3618020068366805,-1.7763568394002505e-17,0.9999999623548275,3.968211374711248,-0.7718407452793137,99,-0.0038107989892641235,0.0017265970858822666,0.19505841116765765,-2.0239365738916604e-15,0.9999999643559546,1.4489493853386208,0.9673363277819412,0.030659443568461255,99.99999287119107,-2.514600725172352,4.283924104346667
45.0,8.0,0.0,0.0,0.0,499.9999663862534,-3.552713678800501e-18,0.9999999663862528,3.934706545029059,7.538264334216982,24,3.042806014151023,5.358841490512501,9.779812920150897,451.21547771071937,8.881784197001253e-17,1.8318679906315082e-16,0.9999999999664062,0.9999999999115273,0.698420459509007,-0.011835258147545663,3.0769062571142114,1.361792693591306,8.881784197001253e-18,0.9999999588580395,4.068294455577272,-0.8588382053310463,100,-0.0009751473546549483,0.00048731267495828533,0.36302968190527274,1.3877787807814457e-15,0.9999999676570727,1.7808773961603772,0.5938218300320373,0.031831118816581926,99.99999353141466,-2.6390453470580693,4.265301835742432
45.0,9.0,0.0,0.0,0.0,499.9999657530177,-1.0658141036401503e-17,0.9999999657530171,4.0939115494025256,7.857887002638328,23,2.8350003925897322,2.487595537585114,4.346623474902907,467.57705547731655,4.4408920985006264e-17,-1.1379786002407854e-16,0.9999999999664064,0.9999999999115327,0.6983554834687944,-0.011833731832410597,3.076929937290249,1.3618123195438128,-2.6645352591003756e-17,0.9999999636008944,4.091541644026107,-0.8688520047424773,100,-0.004673073337047829,-0.0048679357591138615,0.5895400822803243,-4.14668299697496e-15,0.9999999674577416,1.4590130328632975,0.6178370799265677,0.031493948134083585,99.99999349154844,-2.6222360999655496,4.176828022462738
46.0,0.0,1.0,1.0,0.3166051051330162,499.9999675245998,-3.552713678800501e-18,0.9999999675245993,3.635235065353515,7.357512778982841,29,2.872850211454274,3.713618583560611,6.211395014233801,459.8372639548919,-9.992007221626409e-17,0.0,0.9999999999669101,0.9999999999140449,0.6276837726478917,-0.012183410847060826,3.0642899467077793,1.354824933063303,3.552713678800501e-17,0.9999999585764912,3.965643870613356,-0.6630128454864657,108,-0.0010495475399793896,-0.002768073025895451,0.4942782776163597,1.1188827642172328e-14,0.9999999757017537,1.274610745930491,1.116729983210896,0.032688230633768134,99.99999514035079,-2.6798213223649805,3.7970333331072545
46.0,1.0,1.0,1.0,0.3166051051330162,499.99996687994053,-3.996802888650563e-18,0.99999996687994,3.784704466236582,7.367932665812003,29,2.9422249347557528,3.8038998843383873,7.807478056421173,451.96184934149903,-1.1102230246251565e-16,3.0808688933348093e-16,0.9999999999669094,0.9999999999140439,0.6277229894187031,-0.012181654638341767,3.0641985395812785,1.3548151143928127,3.552713678800501e-17,0.9999999495750866,3.985626406927569,-0.696546063611631,107,0.0006110875101121493,-0.0016528373313057854,0.40396193157949867,-2.0650148258027913e-15,0.9999999756873678,1.310998210219675,1.022968158179532,0.03229825347335256,99.99999513747363,-2.625403076405288,3.875727215151514
46.0,2.0,1.0,1.0,0.3166051051330162,499.99996749169196,1.3322676295501878e-17,0.9999999674916914,3.606395305677516,7.4884667156893805,29,2.8227185401772266,2.52229375543327,6.654821754008365,461.07082587045045,-1.1102230246251566e-17,1.1379786002407854e-16,0.9999999999669098,0.9999999999140534,0.6276634660854694,-0.012184099218619581,3.0644865201059415,1.3548183369817888,1.4210854715202004e-16,0.9999999596192817,4.056773146796476,-0.6595693686023545,108,0.0003442058793823694,-0.0006204805638717515,0.3875068140231406,2.707833957060757e-15,0.9999999759825969,1.2552124940342424,0.9461682723310338,0.032157498718575435,99.99999519651942,-2.6055542994905267,3.9965268037716646
46.0,3.0,1.0,2.0,0.3166051051330162,499.9999728375017,0.0,0.9999999728375013,3.78369736439898,7.474940797948361,30,2.8428818434489345,2.733718086140153,4.738540223718711,460.40985938489405,8.881784197001253e-17,3.053113317719181e-17,0.9999999999633686,0.9999999999060748,0.7312806983348802,-0.012281705080541746,3.0533172437127116,1.3478864479996595,0.0,0.9999999589562731,3.817531868775922,-0.608280874111936,110,0.0010757992743573098,0.00027454762656536875,0.3317460594507651,2.6221247395596948e-14,0.9999999798469819,1.5649080736841643,1.103199845474978,0.032960891014426286,99.9999959693964,-2.714038673453925,3.898800643436548
46.0,4.0,1.0,2.0,0.3166051051330162,499.99997221466117,-7.105427357601002e-18,0.9999999722146609,3.911286111138974,7.834000038729611,30,2.7835056311701356,2.539328598009546,5.047508550802404,463.59265058209144,2.2204460492503132e-17,1.9428902930940238e-17,0.9999999999633679,0.999999999906081,0.7312626667297716,-0.012279912751513728,3.053315120233759,1.347882132006743,-7.105427357601002e-17,0.9999999575929729,3.995006375169396,-0.6976675123512391,109,0.0005555717205777999,0.00022798339062513203,0.4554989640836169,-9.85433956657289e-15,0.9999999796322324,1.2884843044174723,1.2319373179400883,0.032797230488674764,99.99999592644652,-2.642087003860892,3.761366973747325
46.0,5.0,1.0,2.0,0.3166051051330162,499.99997226006684,0.0,0.9999999722600664,3.744584771333735,7.698681923506072,30,2.7475843988201003,2.273604436479094,4.613284867050509,466.0559707347653,-2.2204460492503132e-17,2.248201624865942e-16,0.9999999999633681,0.9999999999060809,0.7312662048762875,-0.012282241423852595,3.0535541177663887,1.3478928635780658,3.552713678800501e-17,0.9999999528689755,4.370036702997324,-0.9588281593451972,110,0.0008793423582280923,0.0024665007796647906,0.2906113225122695,1.7787993300544258e-14,0.9999999796466033,1.285528602984112,1.2407832277311743,0.033033051515519364,99.99999592932069,-2.6519917069899135,3.7349990295752846
46.0,6.0,1.0,2.0,0.3166051051330162,499.99997192740454,-1.4210854715202004e-17,0.9999999719274041,3.940268753257989,7.807009460609967,30,2.7086247015929024,1.6893590663847036,3.269441423829866,467.93007057979605,-1.2212453270876723e-16,-2.2204460492503132e-17,0.9999999999633679,0.9999999999060705,0.7312052798339004,-0.01228196640998804,3.0533505261421796,1.3478858071046647,0.0,0.999999958100507,3.943720089092621,-0.879151511168561,110,0.006604070893832437,0.00044505984971449807,0.4356223071854757,1.7483792191796964e-14,0.999999980300355,1.289747035418266,1.09469214761761,0.032814687490159165,99.99999606007103,-2.6404731556095604,3.653772039111221
46.0,7.0,1.0,3.0,0.3166051051330162,499.999976411111,7.105427357601002e-18,0.9999999764111107,3.68169597279054,7.338878521525129,31,2.8222431886779553,2.2401938539614172,5.97919495145808,464.2200132759971,0.0,-6.661338147750939e-17,0.9999999999593043,0.999999999896866,0.6909218439425766,-0.01219682305532119,3.042790311847186,1.341048867796228,-1.4210854715202004e-16,0.9999999593708356,3.928298708259809,-0.7907049530636481,111,-0.002026134240895937,0.0015648371546486224,0.30172415693679255,9.487965968446587e-15,0.9999999821665289,1.2764169324633987,1.0664923956852497,0.03302425725421236,99.99999643330581,-2.7099256348065293,3.7184538721818545
46.0,8.0,1.0,3.0,0.3166051051330162,499.9999760767106,3.552713678800501e-18,0.9999999760767103,3.802841630692602,7.573613709111614,32,2.717678411012096,1.8395121593843022,3.622471957756293,470.75281343219535,4.4408920985006264e-17,-1.1657341758564144e-16,0.9999999999593051,0.9999999998968853,0.6909482966081611,-0.012199002411178352,3.042789773095479,1.3410800706341626,-3.552713678800501e-17,0.9999999614063011,4.266100424582616,-0.8267855005304819,111,0.0022145201385298215,-0.0006113021985016748,0.3400357619381964,-9.374723219934822e-15,0.9999999825940341,1.3057299940474325,1.3057299940474325,0.03333289972140802,99.99999651880682,-2.6931717133888826,3.628888924946879
46.0,9.0,1.0,3.0,0.3166051051330162,499.99997618120074,-5.3290705182007515e-18,0.9999999761812004,3.835129965537816,7.54391069281498,32,2.820709930237851,3.3710665779704354,4.437021468138401,462.9928500948954,1.2212453270876723e-16,6.938893903907228e-17,0.999999999959304,0.9999999998968828,0.6909225783809585,-0.012198832941129775,3.0425641866647903,1.341085287419285,3.552713678800501e-17,0.9999999576812707,4.004490048862377,-0.8958695025073296,111,-0.0006583917812973558,0.0014178422724576748,0.27535608063271866,-1.5516476992161187e-14,0.9999999825625927,1.273063267970269,1.155257874733053,0.03298421396490494,99.99999651251854,-2.6437685309645538,3.843205276193962
47.0,0.0,1.0,2.0,0.1539606629846235,499.99997659537206,-7.105427357601002e-18,0.9999999765953718,3.65973142679616,7.321836273540397,28,2.6146460859952847,1.205533234847543,1.7365958478468813,476.2077986111974,-1.1102230246251566e-17,4.4408920985006264e-17,0.9999999999577504,0.9999999998916608,0.7312081571206207,-0.012282476376811553,3.0536432084946505,1.3478870171765287,-1.2434497875801754e-16,0.9999999589054269,4.039082791748651,-0.7592198085796242,102,-9.212339697883153e-05,-0.002859023263430884,0.564200824191019,-6.643574579356937e-15,0.9999999725142169,1.3828048401948154,1.107620333390111,0.03221371959998887,99.99999450284342,-2.6069711278990626,3.79389290244277
47.0,1.0,1.0,3.0,0.1539606629846235,499.99997936974677,3.552713678800501e-18,0.9999999793697466,3.667375351400662,7.250048850098882,30,2.5356703817495685,0.5145238274402634,1.357580984189759,478.1247458389443,0.0,2.7755575615628914e-17,0.999999999952717,0.999999999880196,0.6908938022963133,-0.012197763955852925,3.042052970571209,1.3410466217628252,7.105427357601002e-17,0.9999999529548461,3.912792240496489,-0.670990220803648,104,0.0006057439492995586,-0.0006170956620642781,0.33369221830191265,-2.573496971081113e-15,0.9999999771632615,1.3406107439027093,1.0890953590410977,0.03312892176711083,99.99999543265236,-2.67032918715244,3.612472842100644
47.0,2.0,1.0,3.0,0.1539606629846235,499.9999795934857,8.881784197001253e-18,0.9999999795934855,3.8012706308137783,7.380633021564277,30,2.666523974797292,1.6604228315292204,2.8169135057515065,467.83903925080205,-1.6653345369377348e-16,-4.718447854656915e-17,0.9999999999527206,0.9999999998801686,0.6909141813662634,-0.012196139834560747,3.0427028284431836,1.3410437905474601,1.7763568394002506e-16,0.9999999596920713,4.06641162004586,-0.8601544551043503,105,-0.00020767050453517232,0.002318491923067376,0.2411486094747417,8.764100556390985e-15,0.999999976708138,1.3514250763432374,1.0165351422832705,0.03307114835776889,99.99999534162764,-2.6953143634308567,3.702876018393528
47.0,3.0,1.0,3.0,0.1539606629846235,499.99997969031153,5.3290705182007515e-18,0.9999999796903113,3.798695969106342,7.559473346986316,30,2.7499741501191814,2.6654785034546973,4.129515153069909,464.20922152091964,4.4408920985006264e-17,2.7755575615628915e-18,0.9999999999527206,0.9999999998801835,0.6909036065911776,-0.012198920580526957,3.042532866515736,1.3410986124061468,3.552713678800501e-17,0.9999999555862001,3.841043828672751,-0.5733660753473075,106,0.0006253535958165069,0.0011315686689270233,0.3124271428671719,-9.736655925962623e-15,0.999999977198526,1.350943380654476,1.172991147567768,0.03209175519497989,99.99999543970526,-2.5727800134535186,3.9080515063751404
47.0,4.0,1.0,3.0,0.1539606629846235,499.9999794818127,1.7763568394002505e-17,0.9999999794818125,3.779048480786215,7.426931312409295,30,2.5663613558868956,0.6373607726966737,1.3267125503918407,476.2698582930881,-4.4408920985006264e-17,-3.8857805861880476e-17,0.9999999999527185,0.9999999998801985,0.6908742977140884,-0.012198249585063771,3.0423173475486593,1.3410745325553353,1.7763568394002505e-17,0.9999999549086138,3.943515141509097,-0.7470302153868835,106,0.0037434247025805887,0.0024125117820917347,0.2487883042452772,-4.130029651605583e-15,0.9999999766059472,1.4770680967115055,1.4365346142473232,0.03313105257794861,99.99999532118947,-2.6791635677899786,3.8032635725112742
47.0,5.0,1.0,3.0,0.1539606629846235,499.9999799241989,3.552713678800501e-18,0.9999999799241988,3.7318447908884913,7.431010023554892,30,2.782075206556509,2.2362955688795427,4.22897471984845,466.9867167493089,-6.661338147750939e-17,-1.3322676295501878e-16,0.9999999999527202,0.9999999998801856,0.6909852576967136,-0.012194624514010675,3.042528588816169,1.3410855986774863,3.552713678800501e-17,0.9999999566129395,3.8449989056772087,-0.7342686261264033,106,0.0009322594637151504,0.0029839855095803425,0.2833085186464892,-9.936496070395151e-15,0.9999999771337019,1.3513239887643886,1.2901615358959435,0.03313273752080898,99.99999542674044,-2.6845535028006626,3.766016923173618
47.0,6.0,1.0,3.0,0.1539606629846235,499.9999795092478,3.552713678800501e-18,0.9999999795092476,4.07321693803243,7.7009572380317275,30,2.8189832765279954,3.1832421379341493,5.35349295951844,464.5124750786342,3.3306690738754695e-17,-1.0824674490095276e-16,0.999999999952716,0.9999999998801795,0.6909687633122757,-0.012202278841015844,3.042781408292458,1.3410429625265337,-1.7763568394002505e-17,0.9999999633777009,4.038803011758503,-0.9880034777191928,104,-0.0016218628011934611,0.002701870569399631,0.32147025236549354,-1.680211525467712e-14,0.9999999770735255,1.3593284202603222,1.3035682148876464,0.03318824514730304,99.99999541470515,-2.668167668368902,3.763837047336083
47.0,7.0,1.0,3.0,0.1539606629846235,499.99998007295653,1.5987211554602253e-17,0.9999999800729563,4.1001742143463,7.710257335693445,30,2.720302146661704,2.654848181324762,3.860885897221078,463.08136983677076,2.2204460492503132e-17,-5.2735593669694933e-17,0.9999999999527164,0.9999999998801882,0.6909341023830704,-0.012196178168894525,3.042884477138039,1.3410861572490662,0.0,0.9999999608357382,3.854153569719241,-0.8257557841852669,105,-0.0007049578069306228,0.0013861548151417435,0.32561331597226584,-9.314771176605064e-15,0.9999999766884428,1.4147934955316457,1.4147934955316457,0.03327352545473262,99.99999533768859,-2.675675710436522,4.02140846678143
47.0,8.0,1.0,3.0,0.1539606629846235,499.999979357803,-7.105427357601002e-18,0.9999999793578028,3.642402066261994,7.389620380616,30,2.5984529264297596,0.8959176505828189,1.7622103966496883,472.85118029698594,-1.1102230246251566e-17,7.216449660063518e-17,0.9999999999527194,0.9999999998801835,0.6909202103900911,-0.012197379453221389,3.042748043852999,1.3410748009785975,3.552713678800501e-17,0.9999999542879835,4.020580930684652,-0.5789838360065085,107,0.0008956469525957266,0.00302001653326209,0.23652810987421446,-7.631673071273325e-15,0.999999977163488,1.4218153072021031,1.1869883433834023,0.03293175774048345,99.99999543269765,-2.632548595468975,3.708935412217266
47.0,9.0,1.0,3.0,0.1539606629846235,499.9999795372587,-3.552713678800501e-18,0.9999999795372585,3.987065551270334,7.5978382130375195,30,2.700536720702914,1.477365237795692,3.4016459519935056,471.1622200601174,-1.3322676295501878e-16,9.992007221626409e-17,0.9999999999527167,0.9999999998802086,0.6909566732191192,-0.012199036352895988,3.042850225100122,1.3410910968191398,-5.329070518200751e-17,0.9999999569192783,3.857777145131872,-0.7479095639298846,106,-0.001639989563902401,-0.002009559603710758,0.44548681122254763,7.740474927686591e-15,0.9999999772553009,1.3036190428554937,1.1926233852632335,0.03284645302112049,99.99999545106023,-2.65860875180611,3.8153796247831635
48.0,0.0,1.0,2.0,0.3861056937963414,499.99997161283727,-4.440892098500626e-18,0.9999999716128368,3.6566745030613,7.227300286250044,31,2.6926988649784867,1.5611408100053725,3.233560311735619,469.22732210215844,1.554312234475219e-16,-1.0269562977782698e-16,0.999999999961625,0.9999999999016185,0.7312567037231072,-0.012282214244720617,3.053760892672026,1.3478752368171816,1.0658141036401502e-16,0.9999999605583331,3.767160424465808,-0.8278448214623243,103,0.0015402808251689627,-0.0006648615422445991,0.45544596184791786,9.779954623923004e-15,0.999999961921266,1.3712987169236122,0.4908752541546434,0.031567586781176875,99.99999238425333,-2.5997621718965203,3.797944264807226
48.0,1.0,1.0,2.0,0.3861056937963414,499.9999719728527,8.881784197001253e-18,0.9999999719728523,3.701652683740952,7.673648097049634,31,2.7780402103388284,1.6216995891979966,4.471613590194031,460.79180830051064,-2.2204460492503132e-17,-1.2212453270876723e-16,0.9999999999616264,0.9999999999016015,0.7311993965717828,-0.012280126086856913,3.053036696464714,1.3478875776230292,1.0658141036401502e-16,0.999999952593826,4.125765716648873,-1.0610135842927082,103,-0.0012946023526063776,-0.003591911616650569,0.2861895855426049,-1.0440537323574973e-14,0.9999999641598997,1.5511561799589335,0.836595740587057,0.03203614391227344,99.99999283198005,-2.5503638003331464,4.246659368865007
48.0,2.0,1.0,2.0,0.3861056937963414,499.9999716778962,3.552713678800501e-18,0.9999999716778958,4.0874070270756695,7.7393221379495465,31,2.6773049515912364,1.6055697122669446,2.8891161846043762,469.1471534289692,3.3306690738754695e-17,-2.1649348980190552e-16,0.9999999999616275,0.9999999999016206,0.7312027455551127,-0.012284852325808055,3.0542485603941856,1.3478728587861908,1.0658141036401502e-16,0.9999999580161283,4.024477145394455,-0.6845597670122862,102,0.0007414241987446601,-0.00029646360548121807,0.4577454300651418,5.5333515547317806e-15,0.9999999626990923,1.3856660653229769,1.2063869909212424,0.032101756034371154,99.99999253981863,-2.641456649114693,3.751065170210527
48.0,3.0,1.0,3.0,0.3861056937963414,499.9999751072968,8.881784197001253e-18,0.9999999751072964,3.813024909754317,7.685020053290609,32,2.8628346704584047,2.3003851792221544,5.350147217623579,467.63530071952164,-7.771561172376095e-17,9.159339953157541e-17,0.9999999999575349,0.9999999998923893,0.6908867011735815,-0.012194806936077543,3.0427956495548134,1.3410469773595726,-3.552713678800501e-17,0.9999999598075987,3.923278863218681,-0.6192203093089849,104,-0.0006932780262693072,-0.0003850087638471472,0.3867581729416969,-3.2396307858562068e-15,0.9999999674769847,1.3333177140690715,1.2455986605016192,0.032304776298871775,99.99999349539706,-2.6253550330417843,3.8539059938226634
48.0,4.0,1.0,3.0,0.3861056937963414,499.9999745223449,0.0,0.9999999745223446,3.840675204366394,7.703445887250312,32,2.6976393739853535,2.2241871630830254,2.9885438213804765,473.5091634757491,-8.881784197001253e-17,1.7208456881689927e-16,0.9999999999575343,0.9999999998923986,0.6909665538950363,-0.01219317261297827,3.0427301669904594,1.3410405105687602,7.105427357601002e-17,0.9999999454072142,4.057248115455923,-0.9865445644278632,106,0.004073909719709371,0.0037973127302512997,0.364689676040058,-5.448974604860268e-15,0.9999999667576913,1.86433357412174,1.3498420568601222,0.03169178819732122,99.99999335153838,-2.606851423817297,4.604420162390242
48.0,5.0,1.0,3.0,0.3861056937963414,499.9999747162866,1.4210854715202004e-17,0.9999999747162863,3.6834307856928894,7.714441856932451,32,2.681031055672823,1.3002608931065385,3.5027805421024514,468.60125999924617,-5.551115123125783e-17,-2.4980018054066023e-17,0.9999999999575353,0.9999999998924025,0.6908914615277959,-0.012200612894216568,3.0428852551714796,1.3410666069790866,3.552713678800501e-17,0.9999999557229297,4.072623400166457,-0.7906159138487693,104,0.003720211437236469,0.0009652442601922256,0.3176715038988327,2.1953550088937846e-14,0.9999999660603146,1.5895426892690745,0.8011182165906581,0.03267407132733547,99.99999321206303,-2.661275866285208,3.895181954454707
48.0,6.0,1.0,3.0,0.3861056937963414,499.9999751338778,1.0658141036401503e-17,0.9999999751338775,3.671933793083898,7.55532993245149,32,2.8673314976124438,3.3133271800520534,5.4062902944601685,465.53162249311174,1.4432899320127036e-16,1.1934897514720432e-16,0.9999999999575326,0.9999999998923803,0.6909582594967996,-0.012196163737661091,3.0425948156020244,1.3410525455218156,-3.552713678800501e-17,0.9999999559644172,3.968504521953685,-0.9482540994689944,105,0.00014814727587017962,0.00078964227698496,0.28873612132042936,-8.362199821476678e-15,0.9999999672828798,1.4372412208035288,1.0397799304086626,0.03268972176267792,99.99999345657605,-2.6406052278278045,3.905306439942345
48.0,7.0,1.0,3.0,0.3861056937963414,499.9999749108515,0.0,0.9999999749108512,3.6890266289639615,7.43478622842267,32,2.6910716739146485,1.7224477547904589,2.884293771380086,471.9777362052945,-1.3322676295501878e-16,4.163336342344337e-17,0.9999999999575369,0.9999999998923931,0.6908196644860904,-0.012198198799319063,3.042674579655974,1.3410623278396938,7.105427357601002e-17,0.999999956823975,3.759542785946695,-0.7019392726142446,104,-0.0005076872439112745,-0.0009633342648753058,0.4221419348426316,-6.2105875997531254e-15,0.9999999663863782,1.4047096851014276,1.4047096851014276,0.03269877821857741,99.99999327727575,-2.65029888523988,3.7421016592488714
48.0,8.0,1.0,3.0,0.3861056937963414,499.9999743821219,2.842170943040401e-17,0.9999999743821216,3.630132457553455,7.325269649085744,32,2.5906224088219654,0.9741053142294956,1.4850736450843516,476.4455205916294,-1.554312234475219e-16,-2.2204460492503132e-17,0.9999999999575343,0.9999999998923977,0.6909345512902391,-0.012193873105375265,3.0424542229551212,1.3410693439350836,-5.329070518200751e-17,0.9999999591325026,3.833796243032406,-0.6954507956973842,104,-0.0011389424188261643,0.0014414658615227193,0.37333231596861083,3.3506530883187226e-14,0.999999967509569,1.7509755416310553,1.4493528163958556,0.032190575529395825,99.99999350191392,-2.6836733861560624,4.179775310038702
48.0,9.0,1.0,3.0,0.3861056937963414,499.99997457383563,1.4210854715202004e-17,0.9999999745738353,3.588860310395421,7.342501297840869,32,2.6770918625699345,1.5779851471079704,3.196949062788342,473.3324797448214,-4.4408920985006264e-17,-5.551115123125783e-17,0.9999999999575345,0.9999999998923823,0.6908912428950732,-0.012202349711478029,3.042906783925083,1.3410882579165286,-1.4210854715202004e-16,0.9999999562460764,4.112336823346452,-1.0400148141124657,103,0.0011489020813361317,-0.004746344910137706,0.3774431160294007,3.959055305813308e-15,0.9999999673411827,1.571543622931705,1.2435910483263717,0.0319471634366756,99.99999346823665,-2.578558008691396,4.243924836002546
49.0,0.0,1.0,2.0,0.2180483960836442,499.99997234266465,1.7763568394002505e-18,0.9999999723426642,4.031584021189661,7.642000516556186,28,2.9543978416151804,4.370446679405664,8.300834219437334,453.2374277065918,-6.661338147750939e-17,5.551115123125783e-17,0.9999999999553609,0.9999999998855725,0.7312210307424604,-0.012279797134096116,3.053524925702085,1.347894490400821,-3.552713678800501e-17,0.99999995859477,3.899208904236021,-0.9311258771334954,106,-0.005384503807815465,0.0013645020036224748,0.26736189654772247,4.188871471910715e-15,0.9999999782697373,1.4460442122256938,0.9492741382560989,0.032667671865086935,99.99999565394752,-2.624949627542804,4.106603074611784
49.0,1.0,1.0,2.0,0.2180483960836442,499.9999716006223,-3.552713678800501e-18,0.9999999716006219,3.857385739835204,7.9006939883989045,28,2.653600768735074,1.0134964129125943,2.1225343319733536,476.19832734303014,9.992007221626409e-17,4.163336342344337e-17,0.9999999999553582,0.9999999998855479,0.731189740537606,-0.012280907979404601,3.053268443364269,1.347853306247257,3.552713678800501e-17,0.9999999589447404,3.992895841990374,-0.8339776881157082,107,-0.0003882485687783022,0.0024120649732737856,0.241042136378546,5.226929999935237e-15,0.9999999785203247,1.2616345265513758,1.1288610258186786,0.0326608342270542,99.99999570406501,-2.6769773339890643,3.6622100649874816
49.0,2.0,1.0,3.0,0.2180483960836442,499.99997559297776,-1.2434497875801754e-17,0.9999999755929775,3.759447853372462,7.4611648877002335,30,2.6208543477746717,1.3401085010023897,2.4837285753061917,473.7079814088529,6.661338147750939e-17,-1.0547118733938987e-16,0.999999999948802,0.9999999998702768,0.6908772051587663,-0.012199657723326995,3.0425857540241785,1.3410548354463727,7.105427357601002e-17,0.9999999561524456,3.858583204045285,-0.8963055382239979,107,-0.0002707488952114029,0.002752748437236657,0.39085078322543154,-1.4555023852835802e-15,0.9999999811796858,1.2576807311584908,0.8859644461369348,0.033048867896296845,99.99999623593722,-2.694271074946654,3.627513902241453
49.0,3.0,1.0,3.0,0.2180483960836442,499.99997544607686,1.2434497875801754e-17,0.9999999754460765,3.863184591760845,7.786550860162439,30,2.5895806730059023,0.8857910062871135,2.080098742717406,473.98596437959196,1.3322676295501878e-16,-5.551115123125783e-17,0.9999999999488023,0.9999999998702682,0.6908655914986284,-0.012198310901930713,3.0418821429574168,1.3410614705268824,1.0658141036401502e-16,0.9999999542675587,3.9080623406001767,-0.666512757184801,106,-0.0008188860878618315,0.004275016959541232,0.2177754335920028,-1.0893508317622036e-14,0.9999999815336199,1.2958814948105637,1.2958814948105637,0.033075754040769456,99.99999630672401,-2.6893112665797085,3.877698633617315
49.0,4.0,1.0,3.0,0.2180483960836442,499.9999756005176,0.0,0.9999999756005172,3.717061461160109,7.462557987904001,30,2.7731875340405647,2.4511115287921617,4.132860393201039,464.147359313031,2.2204460492503132e-17,-7.771561172376095e-17,0.9999999999488042,0.9999999998702621,0.6908952362981551,-0.012200027731405867,3.0428928164521443,1.3410549314622362,7.105427357601002e-17,0.9999999594891095,3.966400482910002,-0.8830414632950272,110,0.00166124227662737,0.0010893644768333597,0.31652736283729155,-1.6957546478124642e-14,0.9999999816603251,1.4730549432422038,1.3467127098062368,0.03330559633301023,99.99999633206507,-2.693238963602346,3.80659102659427
49.0,5.0,1.0,3.0,0.2180483960836442,499.9999757557355,-7.105427357601002e-18,0.9999999757557352,3.616702177998978,7.319429143496769,30,2.613815829393902,1.0789066708920811,2.548717262885717,470.4736456691576,-6.661338147750939e-17,-9.159339953157541e-17,0.9999999999488045,0.9999999998702963,0.690908451480696,-0.012199304101463236,3.042289390285667,1.3410711637373371,7.105427357601002e-17,0.9999999549614039,3.985254143605572,-0.7665199017360463,107,0.0005997993660981748,0.003946893376856583,0.3317953961191975,1.510347402700063e-14,0.9999999817919784,1.287399527654199,1.0331970432330622,0.03311503778205435,99.99999635839566,-2.686143650449484,3.5684201508225284
49.0,6.0,1.0,3.0,0.2180483960836442,499.99997622258206,0.0,0.9999999762225817,3.612013980588825,7.400395034856974,29,2.8687067652395966,3.1207583408464656,8.404207871042141,453.73874537814754,1.6653345369377348e-16,-9.71445146547012e-17,0.9999999999488027,0.9999999998702768,0.6908305004549063,-0.012198892673451693,3.042712333883462,1.3410671928518016,-1.4210854715202004e-16,0.9999999602795752,4.047494892695591,-0.8393571255711768,106,-0.0013877061440081572,-0.0007364125665175228,0.35528528411862226,6.565858967633176e-15,0.999999981572511,1.2641174996646565,1.0558578138684822,0.03326056594546985,99.99999631450225,-2.6948786862995524,3.5766824941308073
49.0,7.0,1.0,3.0,0.2180483960836442,499.99997616560756,3.552713678800501e-18,0.9999999761656072,3.633629671990965,7.425667761499486,29,2.7402534734839814,1.834740905595624,4.321124696615222,465.1843696360688,-1.887379141862766e-16,6.106226635438361e-17,0.9999999999488006,0.999999999870253,0.6909286611493759,-0.01219702746832579,3.0421734180122884,1.3410671005942487,0.0,0.9999999621555768,3.9092693268014216,-0.7461717430858685,108,0.0008653136867914135,-0.0033634120501889408,0.6309216285521657,6.845635169838715e-15,0.9999999814450393,1.180235980541299,1.1358192885405398,0.03305225102100188,99.99999628900791,-2.660671946599762,3.5596339454688195
49.0,8.0,1.0,3.0,0.2180483960836442,499.9999757256366,1.7763568394002505e-18,0.9999999757256363,3.872410059428349,7.62592137768078,30,2.7044364000902466,1.317979147585031,3.671224990024955,467.6267846611048,-2.2204460492503132e-17,-1.27675647831893e-16,0.9999999999488015,0.9999999998702692,0.6909195081566729,-0.01219698069981665,3.0426987499944027,1.3410597354704785,-3.552713678800501e-17,0.999999958444301,3.7912857536096376,-0.7925592529570512,108,-0.0027264790905014748,0.0018317238219235953,0.2000949564794965,5.018208071305707e-16,0.9999999818557382,1.2966018281304668,1.2966018281304668,0.03312677311401332,99.99999637114766,-2.7069704586270804,3.7067172569955016
49.0,9.0,1.0,3.0,0.2180483960836442,499.99997566999537,-7.105427357601002e-18,0.9999999756699951,3.5907775333860403,7.253236874908335,30,2.6141078335441037,0.9756929733218686,2.2028513408237314,472.86283893337907,-4.4408920985006264e-17,1.6653345369377347e-17,0.9999999999488022,0.9999999998702644,0.6908966687132331,-0.01219917753228054,3.042769237397983,1.3410749334552858,-3.552713678800501e-17,0.9999999524506802,3.779910671614509,-0.8371867101515517,107,0.0008736472020631426,-0.0014287552344645796,0.4484918862483127,-6.2372329523441294e-15,0.999999981769913,1.3277333219604113,1.105858785587256,0.03324044538912876,99.99999635398264,-2.7063997557893833,3.5998586781200315
50.0,0.0,0.0,0.0,0.0,499.99995451684157,1.0658141036401503e-17,0.9999999545168407,3.655536696702043,7.463027481217685,27,2.9352769936399588,4.146619217469228,5.931947936563596,461.323216162232,-5.551115123125783e-17,5.551115123125783e-18,0.9999999999529438,0.9999999998760795,0.6983186405923228,-0.011834319119409936,3.0769771298122537,1.3617989525605936,-6.661338147750939e-18,0.9999999589848133,3.9570666784466906,-0.8495957875758117,96,0.0041039472966873354,0.0001589821077068987,0.4680891213084316,2.084998840246044e-15,0.9999999705768479,1.2662482620710036,1.2662482620710036,0.03178804535735425,99.99999411536965,-2.6025940939426793,3.9394390697853137
50.0,1.0,0.0,0.0,0.0,499.99995651873417,0.0,0.9999999565187332,3.635167078052855,7.337991386733782,27,3.1129709639935923,5.844668066792667,10.323278046765957,449.78581628789993,3.552713678800501e-16,5.2735593669694933e-17,0.999999999952945,0.9999999998760997,0.6984164695410042,-0.011833863692813036,3.077255547391079,1.3618019831519759,2.353672812205332e-16,0.9999999569332017,4.096095156981142,-0.7595412902592058,96,-0.0001555196451308305,0.0033663076690604097,0.2414061267563079,-1.659339332604759e-14,0.9999999708254138,1.3849902545971238,0.8067491418497483,0.031433657161563294,99.99999416508285,-2.508674164432355,3.8753308370652526
50.0,2.0,0.0,0.0,0.0,499.9999570212651,1.0658141036401503e-17,0.9999999570212642,3.625737994390236,7.326459278822568,27,3.2036319784328975,5.582817481345915,12.228922950293946,441.8473087608579,1.7763568394002506e-16,-8.049116928532385e-17,0.9999999999529435,0.9999999998760843,0.6983437967854114,-0.011831236825273095,3.0769677623347356,1.3618162122082347,3.3306690738754695e-17,0.9999999585427792,3.7977109613231783,-0.7262010890842671,96,-0.0008167941880803298,-0.0009209416897989453,0.41089877851003453,-2.779998453661392e-15,0.9999999700678269,1.316775273283059,1.1170735964068854,0.03203693382989586,99.99999401356548,-2.5903622573270955,3.800168467961788
50.0,3.0,0.0,0.0,0.0,499.9999588502013,7.105427357601002e-18,0.9999999588502004,4.535762504078935,7.923978581610596,28,3.4534700271635,8.222446573082545,18.287038144877506,422.5077661503215,0.0,-1.6653345369377347e-17,0.9999999999529423,0.9999999998760829,0.6983456878171557,-0.011835303160431654,3.0768137141896097,1.3617925647172862,-6.661338147750939e-17,0.9999999585817148,3.9324950010928297,-0.9569822112482984,98,0.0009823167188989167,-0.0006136600135299858,0.431139381861148,2.0481394358284887e-14,0.999999969345849,1.4051260739798297,1.0364347771763462,0.031959541578990794,99.99999386916987,-2.5873774674360055,3.89029265490609
50.0,4.0,0.0,0.0,0.0,499.99995545351396,1.0658141036401503e-17,0.999999955453513,3.637213274103462,7.590487848239501,28,3.0995888310333384,4.965126897602866,8.60184779465866,446.88334327599347,-4.4408920985006264e-17,1.4432899320127036e-16,0.9999999999529413,0.9999999998760829,0.6984298502045242,-0.011835148832330233,3.0768387973739233,1.3617990035994587,-4.4408920985006264e-17,0.99999995654853,4.014472828109534,-0.7123439626844402,98,-0.0014376227123878893,0.0008877223007401897,0.311916272955465,1.9455548283531244e-14,0.9999999702205751,1.328366786747761,1.328366786747761,0.031639085688514194,99.99999404411507,-2.554988558528321,4.000822773783941
50.0,5.0,0.0,0.0,0.0,499.99995784576106,1.4210854715202004e-17,0.9999999578457601,3.5586391154729338,7.128162140707071,28,3.506958444606518,9.627865673799883,23.382920729130063,411.78904024513525,3.3306690738754695e-17,-7.494005416219807e-17,0.9999999999529435,0.9999999998760675,0.6983977166149911,-0.011829911743390688,3.076699563629206,1.3618180628568584,-7.327471962526034e-17,0.9999999591564166,3.935796552351398,-1.0301167920522118,95,0.003145644824939184,-0.0011889830509323822,0.4664846499851395,-1.549538275469331e-14,0.9999999697250633,1.3099232870487,0.9575931244756358,0.031989839631914846,99.99999394501275,-2.671702324254955,3.927450907287219
50.0,6.0,0.0,0.0,0.0,499.99995804679793,-1.9539925233402754e-17,0.9999999580467971,3.885398418287023,7.581265832444952,28,3.4601194335328866,9.37982524129684,16.493423419213123,431.9822640469189,1.3322676295501878e-16,-1.3600232051658169e-16,0.999999999952945,0.9999999998760865,0.6984024182406063,-0.01183751440070892,3.0767599080952652,1.3618176966081779,1.4210854715202004e-16,0.9999999618658396,3.8438511255116743,-0.9812587322741592,96,0.0010127324300206774,-0.004635938114279834,0.3876157103698854,2.349676009316681e-14,0.9999999714684724,1.4470403724012246,1.1616881233460106,0.03155511772633641,99.99999429369456,-2.664165651589985,4.108427990975905
50.0,7.0,0.0,0.0,0.0,499.9999565437113,3.552713678800501e-18,0.9999999565437103,4.219923495662143,7.76692249378784,28,3.2786876955158526,5.832579444208788,12.135214475689097,446.65261466692544,-9.992007221626409e-17,8.604228440844963e-17,0.9999999999529426,0.9999999998760789,0.6984037973308199,-0.011835380761223417,3.0769822051232865,1.3617934954989348,7.327471962526034e-17,0.9999999579244726,3.915209646192496,-0.8439706900915783,98,-0.0014330440347798223,-0.0016882793957442071,0.42566386317025096,8.482103908136196e-16,0.9999999692796838,1.3673523697336412,0.966637146124852,0.032241562190076054,99.99999385593685,-2.6337119701130725,3.773036909324622
50.0,8.0,0.0,0.0,0.0,499.99995785714896,-1.0658141036401503e-17,0.9999999578571481,3.847887807471964,7.678959057704894,28,3.263554567526061,6.56340773317403,12.351124744416573,441.8475152023088,6.661338147750939e-17,-1.942890293094024e-16,0.9999999999529466,0.9999999998760796,0.6982824362668134,-0.011829503838038762,3.0765830083402657,1.3618133685069178,2.6645352591003756e-17,0.9999999570261179,3.698804830355669,-0.9201569658458936,97,-0.0004318383114266311,-0.0033828081048864096,0.3425624989753988,2.2770674235061962e-15,0.9999999706006166,1.4022439803793596,0.8545854920153235,0.03190953457451525,99.9999941201234,-2.6158913250641174,4.1241852911679855
50.0,9.0,0.0,0.0,0.0,499.99995781243797,0.0,0.999999957812437,3.8770770305065176,7.743412745313517,27,3.344799606268501,7.92120473064368,13.157155396298617,432.4907030688688,-1.554312234475219e-16,-1.1934897514720432e-16,0.9999999999529434,0.999999999876095,0.698340898319422,-0.011831200564987977,3.07712751528821,1.3618075528580444,6.217248937900877e-17,0.9999999521499827,3.8568802622933225,-0.9100186437693932,95,-0.003146088765177062,0.006745414767033576,0.1607981990562002,1.475486399726833e-14,0.9999999703654509,1.1548716980742644,1.078936552492165,0.03199264719675459,99.99999407309026,-2.6502141781287976,3.6292356358300966
51.0,0.0,0.0,0.0,0.0,499.9999640179535,7.105427357601002e-18,0.9999999640179529,3.4719258039786958,7.255237263467489,26,3.1483323678293873,6.0583542090099005,9.981995381606993,444.51220964425204,-4.3298697960381104e-16,-1.7208456881689927e-16,0.9999999999675598,0.9999999999145753,0.6984051713568761,-0.011834751241656345,3.0768715672230362,1.361804925949969,4.4408920985006264e-17,0.9999999560713472,4.029771062535232,-0.9360870416117596,93,0.001137285355190596,0.000983360163144311,0.4046295477809174,-3.243405544139932e-14,0.9999999509420522,1.3750724619710577,1.2794372416820508,0.031180489038961146,99.99999018841068,-2.5452896126473368,4.300910620435181
51.0,1.0,0.0,0.0,0.0,499.9999623905601,0.0,0.9999999623905594,3.7131677158670953,7.380146393290413,26,2.8413749736569294,2.6733130189387264,5.5968560043036995,461.9643483842614,2.4424906541753446e-16,-2.7755575615628915e-18,0.9999999999675616,0.9999999999145709,0.6983651207620738,-0.011835134653902176,3.0767183357793724,1.3617999835635484,-8.881784197001253e-17,0.9999999543301649,3.968991442809491,-0.8743197462625651,92,-0.00019765807648992163,0.003980604888589097,0.21725640320596717,-8.197886813832156e-15,0.9999999519664448,1.359509617867219,1.3093810134653343,0.03131400822256215,99.99999039328917,-2.5724135377616384,4.159072605576017
51.0,2.0,0.0,0.0,0.0,499.9999637714247,1.7763568394002505e-17,0.9999999637714241,4.050875774079241,7.8429640232229225,26,3.1104752338811075,4.075330241995532,9.461192038616874,449.5306785217799,4.4408920985006264e-17,2.248201624865942e-16,0.9999999999675603,0.9999999999145753,0.6984087571941385,-0.011834829231885084,3.0772847326999924,1.3618020733414977,-9.769962616701378e-17,0.9999999575972589,3.993618261775322,-0.7789601980146543,93,-0.0005962904135397463,0.001092091907504325,0.4332654354110623,-5.98965321785272e-15,0.9999999531639778,1.3796158526536333,0.9200859079174316,0.030581763843906443,99.99999063279577,-2.494042523325564,4.071732960518181
51.0,3.0,0.0,0.0,0.0,499.99996339083685,-1.5987211554602253e-17,0.9999999633908362,3.760555064911197,6.995462119011661,26,3.115397464953804,5.052678578241921,7.382981476577436,451.3973837228517,4.4408920985006264e-17,-1.9428902930940238e-17,0.9999999999675603,0.9999999999145738,0.6983360985334082,-0.011833560498900364,3.076800325613825,1.3618043954433325,-9.769962616701378e-17,0.9999999543474279,3.920713882184464,-0.8116823081150276,95,0.00017259442648673407,-0.0002201025766031678,0.515169304656764,2.375433183487985e-14,0.9999999522213028,1.4624538065833723,1.3062042001234235,0.030724015601473854,99.99999044426077,-2.6097283977461267,3.95379943238342
51.0,4.0,0.0,0.0,0.0,499.999962819676,-1.4210854715202004e-17,0.9999999628196753,4.014044578035874,8.106350512543319,26,3.248692418527269,8.36373646785513,10.892908059330809,436.70216522783824,-7.771561172376095e-17,1.9428902930940238e-17,0.9999999999675598,0.9999999999145707,0.6983816423217103,-0.011832807139327068,3.076815291814979,1.3618035218529294,1.7763568394002505e-17,0.9999999567823276,3.87869507595289,-0.8616628188686721,94,-0.00097744260216331,0.002188071578595269,0.2719411770902891,-3.4661162828797386e-15,0.9999999556279359,1.6287742938734235,1.1889481345898305,0.030861129142792605,99.99999112558737,-2.510123272252846,4.686682682670906
51.0,5.0,0.0,0.0,0.0,499.99996451803776,-1.7763568394002505e-17,0.9999999645180371,4.068299016743582,8.166004738085794,26,3.3809004874167377,6.6411543806224955,14.863770244274752,432.9618419346388,1.3322676295501878e-16,-1.8041124150158794e-16,0.9999999999675595,0.9999999999145689,0.6983610728987732,-0.011834375200048226,3.0774209835978774,1.3618031215017847,-2.6645352591003756e-17,0.9999999565469543,3.962983881362673,-0.8527567115155347,93,-0.00028722029252654214,0.0013757911129574382,0.2295819562076229,6.644684802381562e-16,0.9999999543458454,1.6668157115355895,0.249624896997999,0.030068515814091572,99.9999908691693,-2.4558521484423013,4.628530918791984
51.0,6.0,0.0,0.0,0.0,499.99996417361046,7.105427357601002e-18,0.9999999641736098,3.785056759726041,7.474631601050734,26,3.1547662879471554,7.591987509101068,11.346602880874547,441.5751277877443,2.2204460492503132e-17,4.163336342344337e-17,0.9999999999675591,0.9999999999145904,0.6983342355488028,-0.011830917919156298,3.077134774981365,1.361797980227,1.0658141036401502e-16,0.9999999613655282,3.96210078021336,-0.8936422840510596,93,0.0013919507676879639,-0.002145452221158193,0.35605075653946194,-6.925571227611727e-15,0.9999999560576831,1.406124041400999,0.9259370166736312,0.03083364720887502,99.99999121153684,-2.545668837219359,4.250740650946468
51.0,7.0,0.0,0.0,0.0,499.99996341158555,0.0,0.9999999634115848,3.799060041868227,7.473375979845975,26,2.822778865791019,2.3381997834459476,6.661600332409847,463.5282856453664,-2.331468351712829e-16,8.326672684688674e-18,0.9999999999675602,0.9999999999145729,0.6983605161925135,-0.011834916843726461,3.0772363503911095,1.3617861599540544,-4.4408920985006264e-17,0.9999999546979893,3.90958158012802,-0.7213738694022941,95,-0.0004933059724601053,0.004295582824955387,0.21198988784468398,4.2033043712308426e-15,0.9999999545450411,1.5842950186972,1.34502426926518,0.03114252938893253,99.9999909090084,-2.6219505073323166,4.2067554039317825
51.0,8.0,0.0,0.0,0.0,499.99996446226316,0.0,0.9999999644622626,3.828514577353899,7.875268919753604,26,3.2260373084352985,4.028564850728474,15.053132248602884,434.3258944371578,2.1094237467877973e-16,9.71445146547012e-17,0.9999999999675595,0.9999999999145656,0.6983395943209485,-0.011835125194366697,3.077232121232261,1.3618081463608394,-3.9968028886505634e-17,0.9999999511261931,3.9809201872723543,-0.8457352376516282,96,-0.0024266661884380625,0.006611264938433758,0.11119506747482433,1.0094147739891923e-14,0.9999999510420563,1.3987368440193466,1.3708806620459235,0.031728262614558966,99.9999902084115,-2.640594747273824,4.031584917688048
51.0,9.0,0.0,0.0,0.0,499.99996243790093,-2.1316282072803006e-17,0.9999999624379002,3.738016069894782,7.442734173003725,26,2.757627578579781,1.9706650090752098,4.177508496520082,466.9764325946458,5.551115123125783e-17,8.604228440844963e-17,0.9999999999675606,0.9999999999145727,0.6983271472828456,-0.011835867625452039,3.0770658328058755,1.3617872306915773,1.3322676295501878e-16,0.9999999591174586,3.8054360419632287,-0.6955908989517993,94,0.002455996715883777,-0.0010099962645722996,0.4097000041192356,-2.4713564528155986e-15,0.999999950377931,1.4902490462264282,1.1898842968069214,0.031133754600441377,99.99999007558648,-2.5479684418783988,4.184196882905635
52.0,0.0,1.0,1.0,0.1540861391166248,499.9999712749251,-3.552713678800501e-18,0.9999999712749247,3.710202752916463,7.490159772364684,24,2.9628043636388357,3.360564929070318,8.987215713938843,454.32712610070337,6.661338147750939e-17,-1.7763568394002506e-16,0.9999999999655108,0.9999999999104128,0.6276514310958528,-0.012185493657608074,3.0647816317354297,1.3547986856120513,-5.329070518200751e-17,0.999999956677935,3.9006523248832368,-0.767046575620611,103,-0.0010432266235415489,0.0032555935554077907,0.3751643506099569,3.883338095533872e-14,0.9999999642651519,1.458358525339517,1.0956984466859363,0.031121203472467215,99.99999285303055,-2.4944469068718123,3.960141008839437
52.0,1.0,1.0,2.0,0.1540861391166248,499.99997443190114,9.769962616701377e-18,0.9999999744319008,4.180169928900829,7.75622223096244,26,2.942429853355036,3.595820017965256,7.189558395220917,457.45038298818315,-1.7763568394002506e-16,-1.637578961322106e-16,0.9999999999611427,0.999999999900368,0.731277621673852,-0.012283265563373,3.0536075562364124,1.3478887077828525,7.105427357601002e-17,0.9999999620743958,4.012724086054337,-0.639731041750015,107,0.0018870900394922238,0.0010352838658507207,0.22274804495022238,4.569677969357144e-15,0.9999999663865352,1.616992706391588,1.1734194960408084,0.03197137595708917,99.99999327730717,-2.6852967301099957,4.238707222979794
52.0,2.0,1.0,2.0,0.1540861391166248,499.9999751837598,-8.881784197001253e-19,0.9999999751837595,3.663499221759925,7.290327557441237,26,2.836043352315837,3.8753108338871316,4.522991538530255,465.87087336868575,-1.1102230246251566e-17,-1.6653345369377347e-17,0.9999999999611426,0.9999999999003645,0.731193596646265,-0.012283211102317058,3.053777739019152,1.3478804239592073,-7.105427357601002e-17,0.9999999598558756,4.037034195454112,-0.8110127261201061,109,-0.0047591688901859365,0.0010182859905236551,0.32895868549238827,3.2485125700532082e-15,0.999999967493,1.515133654645627,1.0862170725958482,0.032394721262428386,99.99999349860012,-2.632202230039992,3.776640962328238
52.0,3.0,1.0,2.0,0.1540861391166248,499.9999746622797,-1.2434497875801754e-17,0.9999999746622794,3.532915454848954,7.176394558808601,26,2.93464385228199,5.1006214090856385,6.9544467105994885,460.83620658903334,-7.771561172376095e-17,1.4710455076283324e-16,0.9999999999611406,0.9999999999003637,0.7312409634409993,-0.012282291788355583,3.053580955109916,1.3478836644068364,7.105427357601002e-17,0.9999999492622806,3.931742487406849,-0.7644901993672331,107,-7.019584371010523e-05,-0.00036127050204907334,0.38391671946121875,5.950795411990839e-15,0.9999999678319097,1.517060590318491,1.4232844483260367,0.03281105761576655,99.99999356638205,-2.678084781991047,3.725641244557883
52.0,4.0,1.0,2.0,0.1540861391166248,499.9999742948393,1.7763568394002505e-18,0.999999974294839,4.0109733654019335,7.7991942320203895,26,2.762279132173169,2.198068376537768,4.825811444689408,468.1812861307464,-1.1102230246251565e-16,-2.4980018054066023e-17,0.999999999961142,0.9999999999003678,0.7312131393672121,-0.012279663136800492,3.0538887669777606,1.347898555146649,-7.105427357601002e-17,0.9999999511261009,4.111850582872536,-0.691721723196701,108,-0.0003791867699754181,-0.002305533291061955,0.4306243490567496,2.2756241335741833e-14,0.9999999679841509,1.729657508175502,0.974213835109088,0.03229911568777338,99.9999935968303,-2.6159142215204687,4.029702416561102
52.0,5.0,1.0,2.0,0.1540861391166248,499.9999739967667,7.105427357601002e-18,0.9999999739967663,3.7948301137477634,7.578692979690395,26,2.652767721718098,1.3639070292650537,2.2475670275180737,474.70579776508794,9.992007221626409e-17,-8.604228440844963e-17,0.9999999999611429,0.999999999900381,0.731222166867242,-0.012282593869375951,3.053409227333157,1.3478670152395449,3.552713678800501e-17,0.9999999593057736,3.8181451058472793,-0.8026396607057807,108,0.0025772339056263616,-0.001880442425454406,0.3414668915547949,-1.1823875212257917e-14,0.9999999666896974,1.550882126472095,0.9864501872359084,0.03181709742543716,99.99999333793961,-2.5860848551102293,4.335278540374409
52.0,6.0,1.0,2.0,0.1540861391166248,499.9999746559677,7.105427357601002e-18,0.9999999746559675,3.9341481819026094,7.667692058624933,25,2.8000042952182165,2.5564375154967753,4.456829207275249,468.16268036013514,-1.7763568394002506e-16,-5.828670879282072e-17,0.9999999999611414,0.99999999990037,0.7312276480065636,-0.012280514690973944,3.0534848013660314,1.347890842044331,1.4210854715202004e-16,0.9999999563107729,3.8954830260279625,-0.6808574175931416,108,-4.897301405317023e-05,6.3532424957293836e-06,0.3667704419455191,-6.958877918350481e-15,0.9999999672851245,1.581918419239048,1.0857059126773247,0.0317750907728665,99.99999345702501,-2.6093481826920577,4.15415893478017
52.0,7.0,1.0,2.0,0.1540861391166248,499.99997451697675,-1.0658141036401503e-17,0.9999999745169764,3.875670766586894,7.502262100746317,26,2.7897103389246047,2.5838166138806486,4.868646494960364,469.8132628929051,5.551115123125783e-17,8.049116928532385e-17,0.9999999999611423,0.9999999999003646,0.7313167626393346,-0.012279417229008072,3.0529211446700018,1.3479001917165618,0.0,0.9999999568969615,3.9742062086298273,-0.7919789812565801,107,0.0008120032987154068,-0.00180545102639643,0.3885961662509416,-4.818367926873179e-16,0.999999966021929,1.4538608710137335,1.4538608710137335,0.032079589015653935,99.99999320438592,-2.564167872386627,4.308102936712881
52.0,8.0,1.0,2.0,0.1540861391166248,499.9999748555602,-9.769962616701377e-18,0.9999999748555599,3.785282590170973,7.4991857450566055,26,2.9046990163345363,2.3289370138004464,6.215891737905841,462.6775796617645,6.661338147750939e-17,2.55351295663786e-16,0.9999999999611406,0.999999999900382,0.7312532261103646,-0.01228009354229318,3.053438261110101,1.3478846958472472,2.1316282072803005e-16,0.9999999640276414,3.950942166645671,-0.6761073529033834,108,-0.00042666730761988235,0.0009125478369995206,0.41984481326228007,-4.440892098500626e-18,0.9999999675170075,1.6283103137147203,0.7571780358080983,0.031873926471722144,99.9999935034016,-2.636987503139851,3.950642021120058
52.0,9.0,1.0,2.0,0.1540861391166248,499.99997499977337,5.3290705182007515e-18,0.9999999749997731,3.8417305666618726,7.372211084584157,26,2.8862074613403497,3.0505565290929333,4.917745602745471,458.5585533697987,1.9984014443252818e-16,-9.159339953157541e-17,0.9999999999611434,0.9999999999003781,0.731241597252583,-0.012283024382981884,3.053818426343258,1.3478904024157616,0.0,0.9999999611930116,3.854676935863676,-0.9695635155302308,110,0.0009306674190550617,0.005621533709611977,0.24418546732378843,1.731281784600469e-14,0.9999999674612345,1.5229467967160912,1.5229467967160912,0.0326126468438791,99.99999349224701,-2.7012473791303115,3.9702492410072034
53.0,0.0,1.0,2.0,0.131128432951173,499.99997257239244,-5.3290705182007515e-18,0.999999972572392,3.9287364806423866,7.544456700525011,25,2.873009986508608,1.6965595612061513,6.9339529880278095,460.17156185117744,-1.1102230246251565e-16,4.163336342344337e-17,0.9999999999593995,0.9999999998958989,0.7312321778161044,-0.012282941572822354,3.053618782922295,1.3478701879825554,8.881784197001253e-17,0.9999999575180609,3.988857653496954,-0.6281565343185836,102,-0.00046334530003081073,-0.0010042260237207864,0.3702197101367162,-4.556355293061642e-15,0.9999999779770324,1.3741343612836816,1.2245399965384798,0.032570945829574593,99.99999559540653,-2.617502782247073,3.7904393025482355
53.0,1.0,1.0,2.0,0.131128432951173,499.9999718937677,3.552713678800501e-18,0.9999999718937672,3.55152069677796,7.235156767698875,25,2.681108322679057,1.203855613381107,2.7311089530221455,475.2887706712685,-1.1102230246251565e-16,5.551115123125783e-18,0.9999999999593987,0.9999999998959083,0.731276293271568,-0.012283784898208165,3.0535180921564953,1.3478717943607177,1.7763568394002505e-17,0.9999999558008176,3.806947594111136,-0.6817569278942555,100,-0.0026494716615686298,0.003312482142144851,0.38179679661619303,-1.4028778139163478e-14,0.9999999782782747,1.2406117092112336,1.2097959937994702,0.0324772545556518,99.99999565565501,-2.6361438219692817,3.8057280868316425
53.0,2.0,1.0,3.0,0.131128432951173,499.99997550241653,0.0,0.9999999755024163,3.769698193674762,7.664640924096317,26,2.7996037502654287,3.4058219192116335,5.831034123591917,462.28460451435933,-2.220446049250313e-16,-4.163336342344337e-17,0.9999999999535971,0.9999999998824376,0.6909093800321865,-0.012198132856258476,3.0424624083844387,1.341071480803699,-1.7763568394002505e-17,0.9999999614627294,3.960762646097427,-0.8303104069521787,107,0.001918236237500135,0.0021836160180371406,0.31166705669760475,1.0280665208028949e-14,0.9999999814559786,1.2433619142875043,0.9050927068609989,0.033176565865702126,99.99999629119574,-2.6592582176638335,3.751692912780049
53.0,3.0,1.0,3.0,0.131128432951173,499.99997524361874,7.105427357601002e-18,0.9999999752436184,4.117489067693426,8.069473895510638,26,2.9223090427692373,3.6933646072625326,6.40988982104865,456.6994930525118,3.3306690738754696e-16,-2.2204460492503132e-17,0.9999999999535939,0.9999999998824016,0.690891397282458,-0.012199304640958452,3.0430935391544147,1.3410551750182926,7.105427357601002e-17,0.9999999610029515,4.063386045631679,-0.7179175655561576,106,0.003377232157954485,-0.0006908521681524765,0.41763834598265603,1.262101534393878e-14,0.9999999810793502,1.2049240835620258,1.0618825712580402,0.0330409300519838,99.9999962158701,-2.694315083445078,3.726545015322375
53.0,4.0,1.0,3.0,0.131128432951173,499.9999750679998,-7.105427357601002e-18,0.9999999750679995,3.696458447669061,7.3214305675496,26,2.6701701658840067,1.7204837285203836,3.340779790813924,469.97012484154226,-1.4432899320127036e-16,0.0,0.9999999999535936,0.9999999998823995,0.690874773350785,-0.012198013584904514,3.042662652084113,1.3410359959680427,3.552713678800501e-17,0.9999999579512162,3.907319550720664,-0.9944636948504584,103,0.00023592624203058854,0.003431999514156605,0.12260679306420741,-5.688782778179302e-15,0.9999999814078161,1.4355582103898752,1.149514634129834,0.03297692144294478,99.99999628156327,-2.6679763761619775,3.9496006162594104
53.0,5.0,1.0,3.0,0.131128432951173,499.9999752269996,-3.552713678800501e-18,0.9999999752269992,3.687153016815082,7.724671097533627,26,2.668114488506469,1.2669149446763497,2.9998194662522235,469.12237660072435,2.2204460492503132e-17,2.2204460492503132e-17,0.9999999999535942,0.9999999998824044,0.6908991378795019,-0.0121968348370852,3.0429653166429182,1.3410271997494871,-8.881784197001253e-17,0.9999999605822111,3.941589254544365,-0.8462374628764543,104,-0.0014961104441775874,0.003093011994487219,0.23958541573967196,-2.253752739989068e-15,0.9999999813246089,1.2941457684582998,1.2941457684582998,0.03321533394629352,99.9999962649218,-2.717488266296777,3.7827819296627085
53.0,6.0,1.0,3.0,0.131128432951173,499.99997495666787,7.105427357601002e-18,0.9999999749566676,3.7064554060068335,7.355979677633128,26,2.6507423477214047,1.1141706599440737,3.040445886025557,468.98890230727835,-8.881784197001253e-17,-4.718447854656915e-17,0.9999999999535941,0.9999999998824186,0.6908561254679821,-0.012197252889700562,3.0428160341599453,1.3410700121137265,-1.7763568394002505e-17,0.9999999580252134,4.01872442169419,-0.8306928271883619,107,-0.0030978629961504332,0.0009528672055025351,0.23223176165611648,1.503686064552312e-14,0.9999999808826943,1.3044027771468123,1.0378065198959303,0.03300759589761799,99.99999617653887,-2.6698482032590736,3.8051701652664165
53.0,7.0,1.0,3.0,0.131128432951173,499.999975223516,-1.4210854715202004e-17,0.9999999752235157,3.749205415021549,7.599397803599582,26,2.609950201070907,1.1314814549664087,1.6038053343832614,471.47609660732405,-1.887379141862766e-16,-6.661338147750939e-17,0.9999999999535951,0.9999999998824124,0.6909537319517719,-0.012198505582088386,3.0428725833075934,1.3410576925466426,1.7763568394002505e-17,0.9999999602644363,4.02108546161638,-0.6220566699564294,105,0.0009509653008763075,0.0015080882712583386,0.39839908991697115,-1.3180567748349858e-14,0.9999999816769255,1.2320449701367011,1.1296557924562622,0.033350648865517474,99.99999633538516,-2.72230927173938,3.635944561650641
53.0,8.0,1.0,3.0,0.131128432951173,499.99997525179924,-1.0658141036401503e-17,0.999999975251799,3.4980031070570607,7.086489872791532,26,2.766612493286047,1.9612019123506024,5.167183934446513,463.4208336599656,-2.2204460492503132e-17,4.163336342344337e-17,0.9999999999535958,0.9999999998824004,0.6909292976571819,-0.012196522304553354,3.0426942726500372,1.341058202762806,1.4210854715202004e-16,0.9999999567883552,4.03781075883254,-0.6511469561114731,106,0.0007935440064069932,-0.0016474899772992724,0.4678905643525475,-4.60964599824365e-15,0.9999999814063321,1.2632479032055663,1.1713328348012932,0.033407110392000755,99.99999628126645,-2.7174660148239145,3.4742408320458535
53.0,9.0,1.0,3.0,0.131128432951173,499.99997519484396,-7.105427357601002e-18,0.9999999751948436,3.749809718623008,7.234650253291392,26,2.6994403125506983,2.0136656198649034,4.067505034759792,467.15381670752635,-1.2212453270876723e-16,3.608224830031759e-17,0.9999999999535971,0.9999999998823977,0.6910850155732021,-0.012194968258838193,3.0424533092992805,1.3410653424889722,5.329070518200751e-17,0.9999999541280096,3.934146245102482,-0.5723456319817732,106,-0.0007017875783354289,-0.0007874554218085567,0.3777525034296545,3.1241675912951906e-15,0.9999999815357866,1.251814794155962,1.1478464639054908,0.03309680303110114,99.99999630715736,-2.698972117919815,3.7034616574230252
54.0,0.0,1.0,2.0,0.2153718501476259,499.99997277298166,-1.0658141036401503e-17,0.9999999727729812,3.602766890932695,7.241598641042859,29,2.6628199538502075,1.2963808494024174,2.3449615278633638,474.3346482115177,-1.887379141862766e-16,2.7755575615628914e-17,0.9999999999658222,0.9999999999123723,0.7312046031314863,-0.012283850807012886,3.0533993002070026,1.3478796917564069,1.7763568394002505e-17,0.9999999552005493,4.2585869183468175,-0.7975974081041977,101,-0.001408737818027299,-0.00024887962787868646,0.27593324438640465,6.09956529729061e-15,0.999999977969872,1.236057270238594,1.1955964230031952,0.033154467825504366,99.99999559397445,-2.7102422828160675,3.5549246434625443
54.0,1.0,1.0,2.0,0.2153718501476259,499.99997286410223,-1.7763568394002505e-18,0.9999999728641019,3.7274725787948855,7.475746989275503,29,2.8688397152317533,3.4455042633977,5.2453805451621225,466.8313577182102,1.554312234475219e-16,-5.551115123125783e-18,0.9999999999658217,0.9999999999123736,0.7312499553809743,-0.012283783445203604,3.053339949603982,1.3478756733181898,7.105427357601002e-17,0.9999999576432148,3.929166369248993,-0.6762578718163329,103,0.0007183086132185546,-0.0009234505475191293,0.3237074597816978,-5.644373857194296e-15,0.999999978477106,1.4406369913210946,1.155793113923453,0.03295896328814128,99.99999569542126,-2.701018168154533,4.002748018394945
54.0,2.0,1.0,3.0,0.2153718501476259,499.9999748680085,-1.4210854715202004e-17,0.9999999748680082,3.63777853122423,7.465529619537364,31,2.662216171672151,1.62350400832262,3.2225541470849977,471.26404035772185,2.7755575615628914e-16,2.7755575615628914e-17,0.9999999999629894,0.9999999999062164,0.6909123171717122,-0.012197056330274663,3.0424645798130223,1.3410759844197067,1.0658141036401502e-16,0.9999999558297824,4.009108439786699,-0.6919168241789926,103,0.0009266025648804965,-0.0017515638728296413,0.39980151915280615,1.0436096431476471e-14,0.9999999806343106,1.2721774308070046,1.0862010940735216,0.03309879495799121,99.99999612686219,-2.6969565876659907,3.6565236534294385
54.0,3.0,1.0,3.0,0.2153718501476259,499.9999745385852,-1.0658141036401503e-17,0.9999999745385849,3.649405873089215,7.4838763449307635,30,2.6136635325168216,1.319850006010541,2.2760685314288827,471.5424026314502,6.661338147750939e-17,2.2759572004815707e-16,0.9999999999629897,0.9999999999062172,0.6908944836011607,-0.012197380853776928,3.0425365492623127,1.3410654180652746,-1.0658141036401502e-16,0.9999999617215922,4.335262583675108,-0.9082611571266248,104,-0.0007417427172923064,0.0002387987929415447,0.2281025760658757,8.01581023779363e-16,0.9999999805778832,1.263601182131613,1.1252070973877129,0.032978260761555814,99.9999961155767,-2.655784594540548,3.7640048947319533
54.0,4.0,1.0,3.0,0.2153718501476259,499.99997487653087,1.4210854715202004e-17,0.9999999748765306,3.62740675376716,7.410777071118465,30,2.7999508270414513,1.5107453589501425,4.183806550257053,467.2185113983492,-1.1102230246251565e-16,7.494005416219807e-17,0.9999999999629894,0.9999999999062223,0.6909608020857192,-0.012196285515113892,3.042625619448779,1.3410607628321252,7.105427357601002e-17,0.9999999601040125,4.071414646192445,-0.7666019432523514,102,-0.0029485448790476055,-0.0036462220875285362,0.46983011714197787,-1.6997514507011147e-15,0.9999999813267434,1.3904353745210305,0.7834193781253364,0.032944511357681346,99.99999626534871,-2.6805077711478904,3.8521621490582705
54.0,5.0,1.0,3.0,0.2153718501476259,499.9999751297398,-3.552713678800501e-18,0.9999999751297395,3.73990848630809,7.5358344133682,30,2.6369997019976363,1.2017512485487225,2.323916486224017,471.3069774342476,1.1102230246251566e-17,-1.9428902930940238e-17,0.9999999999629879,0.9999999999062162,0.6909945640046724,-0.012197900224878142,3.0423755754641277,1.3410728013887796,7.105427357601002e-17,0.999999955475154,3.910495497709818,-0.8023655845104104,105,0.0008152058710564636,0.002897785708735509,0.4244519791541421,-4.1500136660488354e-15,0.9999999807006005,1.2824252273916197,1.1758589711457237,0.032716224692309656,99.99999614012015,-2.6903601460635507,3.955776235383812
54.0,6.0,1.0,3.0,0.2153718501476259,499.9999758683358,-1.0658141036401503e-17,0.9999999758683356,3.642009166735471,7.419490407382088,30,2.866106329312938,2.54968747923579,6.411896415050397,458.710291636438,-5.551115123125783e-17,-7.494005416219807e-17,0.999999999962989,0.9999999999062122,0.6908809417067576,-0.012198844066329739,3.0426951417364823,1.341060007595111,1.0658141036401502e-16,0.9999999594780877,4.030433199513733,-1.1226035055850483,103,-0.0010269021185469595,0.002901078593280454,0.40934255046128243,-9.348077867343818e-16,0.9999999810956187,1.1778801914804566,1.0951405157555791,0.03292266165139866,99.9999962191238,-2.680004758688071,3.5457319572487815
54.0,7.0,1.0,3.0,0.2153718501476259,499.99997519052545,-7.105427357601002e-18,0.9999999751905252,3.839358746351068,7.692767165730929,30,2.669133876502201,1.4249783498633508,2.7389474358974844,469.1249119867282,-3.3306690738754695e-17,2.4980018054066023e-17,0.9999999999629906,0.9999999999062125,0.6908459301963091,-0.012197659496202934,3.0423777105019862,1.3410566665908568,1.7763568394002505e-17,0.9999999539414641,3.9213076841139545,-0.8085499192430599,102,0.0006619129733590135,0.002176707123629294,0.20769746743640027,-1.2634338020234282e-15,0.9999999807454564,1.336342811014389,1.3198859223870822,0.033188779824062355,99.9999961490913,-2.7242873288695684,3.627350804978472
54.0,8.0,1.0,3.0,0.2153718501476259,499.99997504051925,0.0,0.999999975040519,3.702619317773928,7.679721773501118,31,2.8414029709452495,2.331697789527425,5.536891214364175,462.322824801007,-1.3322676295501878e-16,8.604228440844963e-17,0.9999999999629886,0.9999999999062188,0.6909208426692393,-0.012196604901134776,3.0423761504945412,1.3410564873121777,1.0658141036401502e-16,0.9999999547027956,4.093775710507139,-0.8257809285616856,102,-0.00024166219188866188,0.0016642562756095508,0.3169284953246212,4.5718984154063946e-15,0.9999999806222621,1.3229361000169986,1.1912638278287428,0.03305284061683447,99.99999612445245,-2.7003164186011452,3.6808970409680977
54.0,9.0,1.0,3.0,0.2153718501476259,499.99997523610017,-1.4210854715202004e-17,0.9999999752360998,4.109120985385445,7.871211184380217,30,2.8623833570310873,2.471897070743994,7.509566435322863,460.47202074065376,8.881784197001253e-17,1.1379786002407854e-16,0.9999999999629902,0.9999999999062174,0.6909488171041693,-0.012199806203042955,3.0425981594105957,1.3410776272320586,2.1316282072803005e-16,0.9999999598635697,4.008754632204862,-0.8161203719328621,104,0.00031482742857173783,0.007736354966985317,0.26440084976130507,1.581401676276073e-14,0.9999999808089453,1.2337562546467806,1.1506393862123545,0.03301750455323201,99.9999961617891,-2.688095856448701,3.5975652693584537
55.0,0.0,0.0,0.0,0.0,499.99996676238777,7.105427357601002e-18,0.9999999667623872,3.779154539393891,7.794547208561367,26,2.860540947220685,3.019176409608966,5.080574829447824,468.2718942816824,-1.9984014443252818e-16,2.7755575615628914e-17,0.9999999999624795,0.9999999999018,0.6643691597012034,-0.012025977193641058,3.0711463596406987,1.3586866110742186,1.7763568394002505e-17,0.9999999558960615,3.8385974181613705,-0.6511395830969638,97,-5.707179829444353e-05,-0.0003950125985834538,0.4892465663893404,-2.3645529978466583e-14,0.99999996497984,1.453479018053473,1.0298376134991565,0.03139533207922509,99.9999929959681,-2.5936700422941623,3.925476566065136
55.0,1.0,0.0,0.0,0.0,499.99996729773534,3.552713678800501e-18,0.9999999672977348,3.704855579102989,7.3795748402257075,27,3.0251527672471306,4.445928097786357,10.36415284004079,451.3318773745417,8.881784197001253e-17,-1.554312234475219e-16,0.9999999999623937,0.9999999999016067,0.6625598176334012,-0.012036564931955254,3.070598309091837,1.3584948182664272,-3.552713678800501e-17,0.9999999536210904,3.8856978104646474,-0.733035321501045,100,0.0003216455643098559,0.0013109187516298158,0.3647044827710957,-2.7944313529815192e-15,0.9999999669653111,1.2936705486637614,0.9988771169905998,0.03157449211002463,99.99999339306234,-2.579403012711971,3.900858979233546
55.0,2.0,0.0,0.0,0.0,499.9999661562333,-3.552713678800501e-18,0.9999999661562328,3.914841314958817,7.746019666242552,26,3.1055820867874644,5.511969766113289,9.40148467401203,453.51055799798445,-1.9984014443252818e-16,1.9706458687096528e-16,0.9999999999632831,0.9999999999036132,0.6809113581609881,-0.011938952018614895,3.0735675242584968,1.360235045885582,3.552713678800501e-17,0.9999999575828066,3.947020489991892,-0.8173465900293885,96,0.0003788460493183088,-0.00216713904990319,0.35516903155753266,1.0036416142611414e-15,0.9999999643293231,1.363184414867836,1.3081893695858076,0.03184908250384207,99.99999286586477,-2.6034690764364576,4.247033829293759
55.0,3.0,0.0,0.0,0.0,499.99996679870486,5.3290705182007515e-18,0.9999999667987043,4.046126241200785,7.603997427654113,27,2.7455644583507954,1.7301950579747074,4.6466774323452755,467.14038695240856,-6.661338147750939e-17,2.2204460492503132e-17,0.9999999999623543,0.9999999999015383,0.6618785303891663,-0.012042490723061091,3.070947782836052,1.358404338717676,3.552713678800501e-17,0.9999999548201212,4.149468111558368,-0.8824633635213258,98,0.0001081734073131102,-0.00446301967240658,0.5952048350274861,-5.450084827884894e-15,0.9999999651056065,1.2095606416677904,0.7749669915722001,0.03204389895959494,99.99999302112141,-2.567924329471025,3.9041858392505064
55.0,4.0,0.0,0.0,0.0,499.999968102194,-3.552713678800501e-18,0.9999999681021935,4.004417619530086,8.082924779654682,27,3.146733522180357,5.673580209010807,7.725372600733028,449.9399872962226,-1.554312234475219e-16,-6.38378239159465e-17,0.9999999999626732,0.9999999999022448,0.6681753650125145,-0.012006464593378873,3.071686019047223,1.3590424262458622,7.105427357601002e-17,0.9999999521548478,3.842377352060111,-0.8771434303761133,99,0.002340294999889787,-0.0007644942995024699,0.49654040821605516,-1.6986412276764896e-15,0.9999999662246182,1.4693845641327714,0.9070086446464188,0.03146963446549923,99.99999324492376,-2.533264207831737,4.154430581704842
55.0,5.0,0.0,0.0,0.0,499.9999661697108,7.105427357601002e-18,0.9999999661697102,3.654580176765296,7.291919401867125,26,3.2675242865864385,6.038705651971079,13.511620917257776,440.8503584567495,6.661338147750939e-17,1.3600232051658169e-16,0.9999999999635054,0.9999999999041017,0.6857060909340871,-0.01190798867991906,3.0752129146473606,1.3606955861572878,1.4876988529977099e-16,0.9999999566228102,4.438177319549821,-0.7900182448937335,97,0.001221776094374507,-0.001691537155205838,0.463108837001597,-1.0833556274292277e-14,0.999999962965946,1.3132088218587792,1.0308323605098104,0.03176062257210708,99.99999259318929,-2.6699998611762314,3.8439534669712536
55.0,6.0,0.0,0.0,0.0,499.9999664769218,1.7763568394002505e-18,0.9999999664769212,3.700211516653634,7.567058691409793,27,2.860953863581587,2.094519001951491,6.7261312717492,465.06025138018646,1.7763568394002506e-16,4.163336342344337e-17,0.9999999999624408,0.9999999999017166,0.663558908645889,-0.012031838809432606,3.071043018765921,1.3585849231562073,-7.105427357601002e-17,0.9999999606660364,4.053019580611565,-0.7088342627626737,98,0.002963582003083003,0.0007122708287483324,0.35147919821456597,-2.26929586233382e-15,0.9999999647457611,1.4291039820595148,0.6792702344266072,0.03162029924024424,99.99999294915234,-2.6175765523488526,4.117583675782948
55.0,7.0,0.0,0.0,0.0,499.99996730111184,-7.105427357601002e-18,0.9999999673011113,3.95486912932178,7.56793393683175,27,3.049332037183414,4.342860157477082,10.366382065196696,449.1728002401706,-2.220446049250313e-16,6.938893903907228e-17,0.9999999999621852,0.9999999999011416,0.6585480882250626,-0.012055733020652624,3.070275279026222,1.3580978173574894,-1.7763568394002505e-17,0.9999999650563046,4.095630726755502,-0.8706833567028284,98,-0.00066382567141964,-0.009740111762400826,0.829776180826256,1.4050982599655981e-14,0.9999999665692556,1.3409113126967067,0.9506070464088824,0.03133985867656092,99.99999331385126,-2.5891843638154577,3.8243355782875517
55.0,8.0,0.0,0.0,0.0,499.9999654501985,0.0,0.9999999654501979,3.821275676408107,7.2851075698636105,26,2.871118655957469,3.207552743038091,6.712635992605427,459.63430732847337,7.771561172376095e-17,-1.3877787807814457e-16,0.9999999999631629,0.9999999999033254,0.6782461848507942,-0.011953071660169541,3.074002011398536,1.3599883990938935,4.4408920985006264e-17,0.9999999514705162,3.864343735091401,-0.5986719001697969,99,-0.00035891622021501314,0.0001807532720738522,0.4938886334312569,5.622169396701793e-15,0.9999999638540499,1.4016791439198732,1.4005018930050266,0.031371325165641936,99.99999277081008,-2.59583517372975,4.141015983337735
55.0,9.0,0.0,0.0,0.0,499.9999667551374,1.0658141036401503e-17,0.9999999667551369,3.900103409337045,8.113352212030552,26,3.1124904953678483,5.7496553703875435,11.443581222185049,448.518259337956,1.3322676295501878e-16,-1.8318679906315082e-16,0.9999999999632434,0.999999999903528,0.6799941138675972,-0.011939885099689317,3.0738667787677167,1.3601512125901951,6.217248937900877e-17,0.9999999531006768,4.05305536368723,-0.6328847395818957,98,-0.0001867318304448151,-0.0023870449164603413,0.4022254533351397,-2.1469492850201277e-14,0.9999999635579688,1.3165917322822616,1.3165917322822616,0.03177277927244362,99.99999271159393,-2.5847023373642686,3.888852031992741
56.0,0.0,0.0,0.0,0.0,499.99996942409166,1.0658141036401503e-17,0.9999999694240912,3.657826663422978,7.330747031403696,26,2.9557921988049545,3.743426223480721,9.803993042476757,452.3442131266414,-9.992007221626409e-17,-1.2212453270876723e-16,0.9999999999701031,0.9999999999212704,0.6983455975026992,-0.011833355499678998,3.077002919623172,1.3618017957977564,-7.105427357601002e-17,0.9999999586946368,3.963868946250408,-0.8558374981676942,101,0.004119626132733425,0.004410065228676105,0.02889925146147121,-1.5194512315019894e-14,0.9999999703514832,1.2397875983603954,0.9570832766437548,0.03186104921783681,99.99999407029675,-2.6132338195788636,3.72725485578633
56.0,1.0,0.0,0.0,0.0,499.9999676579943,7.105427357601002e-18,0.9999999676579938,3.5964049218130056,7.293143936924512,26,2.681762248858668,1.7178879356630594,3.2169645453687745,469.35624716282496,2.7755575615628914e-16,-1.1934897514720432e-16,0.9999999999701026,0.9999999999212801,0.6983375752123901,-0.011834771309844384,3.076843366050163,1.3617937775209819,3.552713678800501e-17,0.9999999589843689,3.867122666671472,-0.8046885351075851,101,0.0014873527827779021,0.0043003858964624185,0.26182788172412685,-1.1753931161706533e-14,0.9999999693064949,1.172926953047047,0.9624502515197126,0.03164006536344426,99.99999386129905,-2.6128155807284084,3.725156056938826
56.0,2.0,0.0,0.0,0.0,499.999967332745,7.105427357601002e-18,0.9999999673327444,3.700394508982817,7.388591994861577,26,2.684002529151557,1.4002579833541602,2.6999505615974573,468.74984141718437,4.4408920985006264e-17,4.718447854656915e-17,0.9999999999701041,0.9999999999212669,0.6983548915731673,-0.011833971112392747,3.076719173400148,1.3617937917073328,-5.329070518200751e-17,0.9999999558266635,3.989793246902788,-0.9236270784903942,101,-0.00015669421736361544,-0.006092589564848542,0.574710860647933,-1.5687451337953463e-14,0.9999999701203595,1.4278783533780457,1.1424026066641375,0.031885734397716234,99.99999402407201,-2.617125312071647,4.0093392239845995
56.0,3.0,0.0,0.0,0.0,499.99996879748653,-1.0658141036401503e-17,0.9999999687974861,3.842731126578388,7.736606917388405,26,3.1945596818843125,5.892732257578918,9.75811320382349,442.1864709211668,1.6653345369377348e-16,5.2735593669694933e-17,0.9999999999701028,0.9999999999212767,0.6983304487166344,-0.011834271467079882,3.076969184243811,1.3617891859100435,1.2434497875801754e-16,0.9999999588645079,4.07582442366656,-0.9057023903423042,101,-0.0036190418542876635,-2.089691188962739e-05,0.15141784222233667,-2.7855495687845177e-15,0.9999999700061951,1.1610381324500354,0.6609882711000573,0.03159817709057032,99.99999400123914,-2.573978986461356,3.741199050193464
56.0,4.0,0.0,0.0,0.0,499.99996887271425,7.105427357601002e-18,0.9999999688727138,3.8282274159718255,8.056927348460079,26,3.0816694825367663,3.50001232554275,11.257672647555806,437.17676271269744,2.2204460492503132e-17,-3.053113317719181e-17,0.999999999970103,0.9999999999212635,0.6983758766972556,-0.011832984537727196,3.076927139480761,1.3617952795760915,-1.0658141036401502e-16,0.9999999525506127,3.979067328655957,-0.6478170418412091,100,-0.00010255239348306632,-0.00041402671013742484,0.3639809275831283,-6.961098364399732e-15,0.9999999695618227,1.315589525646029,1.0967744114503235,0.03162604230652597,99.99999391236463,-2.632974638439492,3.8853621860007372
56.0,5.0,0.0,0.0,0.0,499.9999686709066,-1.0658141036401503e-17,0.9999999686709061,3.6259970136793296,7.5157696665379925,26,3.0812405306287642,3.4783872141941856,9.627626738781387,449.1434766854637,-1.554312234475219e-16,-4.9960036108132046e-17,0.9999999999701037,0.9999999999212713,0.6983955488465281,-0.01183353339557655,3.0769386475022933,1.3617979983308615,3.552713678800501e-17,0.9999999595153617,4.054395607112317,-0.5800636149731897,101,-0.0009267601478710263,3.4307925474671984e-06,0.35985457730827264,1.1415313139195859e-14,0.9999999691184449,1.3014847671948988,1.202781629655996,0.03165659403750066,99.99999382368907,-2.6116094294897616,3.8425849569388904
56.0,6.0,0.0,0.0,0.0,499.9999682187529,-3.552713678800501e-18,0.9999999682187524,3.656597608742978,7.520586555592928,26,2.660979491983041,1.396317595076613,2.6586042868645436,469.41158865496016,1.7763568394002506e-16,3.053113317719181e-17,0.9999999999701034,0.9999999999212734,0.6983779080951731,-0.01183499440768119,3.076919573746733,1.3617995341376452,-1.0658141036401502e-16,0.9999999629059538,3.9447412646277424,-0.700445602559042,102,0.0004146238723960849,0.0007942605474105502,0.37288448038647104,1.6553425297161083e-14,0.9999999692779704,1.4933010439469343,0.7880276844848679,0.03160702673555447,99.99999385559421,-2.601968177936092,4.264486026543299
56.0,7.0,0.0,0.0,0.0,499.9999674368181,-3.552713678800501e-18,0.9999999674368176,3.647929706730544,7.54949386359899,26,2.694756134225062,1.927299056890857,2.7849709690992834,471.7052715558673,-7.771561172376095e-17,9.43689570931383e-17,0.9999999999701036,0.9999999999212729,0.6983361572321979,-0.011830033626371384,3.0764522117877617,1.3618027495077802,7.105427357601002e-17,0.9999999471230657,4.149082241051778,-0.9249939558070196,100,0.002234801431091482,0.0034837252493626816,0.3958989420901631,-9.672262990534364e-15,0.9999999703631219,1.459401135174993,1.459401135174993,0.03196659353909688,99.99999407262446,-2.6184096300127084,3.9825870148719895
56.0,8.0,0.0,0.0,0.0,499.99996794766435,-7.105427357601002e-18,0.9999999679476638,3.765354984059429,7.635264472333534,26,2.7332259455900862,1.6979834292338432,4.499855902100231,462.7270919565563,1.1102230246251565e-16,-4.4408920985006264e-17,0.9999999999701034,0.9999999999212762,0.6983465448920365,-0.011834771293257891,3.0771932226093157,1.3617969380168378,1.2434497875801754e-16,0.9999999547053512,4.036356315339125,-0.8185869097001749,100,0.003284841710899582,0.003520871619884924,0.46447839552944714,-5.779821066198565e-15,0.9999999697823824,1.4637480699478356,1.1937859634759769,0.03199971737020124,99.99999395647659,-2.666672014849401,4.048746442313025
56.0,9.0,0.0,0.0,0.0,499.99996775746035,3.552713678800501e-18,0.9999999677574598,3.9038450194816914,7.737507902089493,26,2.7518927084128535,2.01473203348258,3.6782980743148364,466.102033400819,-2.4424906541753446e-16,1.9428902930940238e-17,0.999999999970103,0.9999999999212732,0.698374714203638,-0.011834856926690493,3.0767851052241078,1.361798375899594,1.0658141036401502e-16,0.9999999545453577,3.9833490818426274,-0.7841682282461255,99,-0.0007139779012966496,-0.0015135330472143083,0.36650452005264356,2.0090595853616834e-14,0.9999999696296551,1.250280408977517,1.250280408977517,0.03168405802018456,99.99999392593112,-2.5976021979110024,3.950361362263858
57.0,0.0,0.0,0.0,0.0,499.9999656462014,-7.105427357601002e-18,0.9999999656462009,3.612699351711013,7.387930820202152,26,2.9937458679786006,1.8969516345335704,8.424372037881758,456.7079091612691,-1.3322676295501878e-16,1.8596235662471373e-16,0.9999999999692992,0.9999999999191572,0.6983313481625144,-0.01183641679532828,3.0770065188384006,1.361806412759945,1.3322676295501878e-16,0.9999999500325195,3.9718977039153343,-0.6939836899843191,100,0.0008659124706313425,0.00027770714911584476,0.5195166977612686,4.39781544514517e-14,0.9999999598033352,1.3314814347769102,1.105956218460967,0.03167108080276076,99.99999196066719,-2.596588484677773,4.015583533809542
57.0,1.0,0.0,0.0,0.0,499.9999646565332,-1.0658141036401503e-17,0.9999999646565326,3.725304025250427,7.62054535360968,25,2.679165315195834,1.9082731441145933,3.788114214580982,465.51557036044187,-1.6653345369377348e-16,-5.2735593669694933e-17,0.9999999999692993,0.9999999999191433,0.6983389040606408,-0.011833764556760487,3.0768457846585417,1.3618095262055985,9.769962616701378e-17,0.9999999609239039,3.9844514207776585,-0.7899699393785999,100,0.0021677538257488527,-0.003945646552038498,0.510902724945062,-2.2508661601250425e-14,0.9999999598373445,1.6066796077437373,0.9947982488700808,0.03057508103983785,99.99999196746904,-2.5914281182695396,4.8588816065051255
57.0,2.0,0.0,0.0,0.0,499.9999647111557,-1.0658141036401503e-17,0.999999964711155,3.5826206120893827,7.300484888066862,25,2.812715961304913,2.097611142146177,5.686078182559764,460.6724213247966,-1.6653345369377348e-16,4.9960036108132046e-17,0.9999999999692992,0.9999999999191568,0.6983362724667073,-0.011834325619299908,3.076997184335859,1.3618128043541762,5.329070518200751e-17,0.9999999577447283,3.855986590620768,-0.7350857847093909,99,-0.0009558474953387597,0.0017403903784710029,0.2750915716939488,2.4995561176410773e-14,0.9999999608790068,1.6101104648056803,1.2407308895545242,0.030682072194255033,99.9999921758015,-2.562037096780329,4.3052811449940425
57.0,3.0,0.0,0.0,0.0,499.9999647267996,3.552713678800501e-18,0.999999964726799,3.681383635167637,7.422116347496653,25,2.7284126141058094,2.0864519935256425,3.97996660207668,468.5657784220287,-1.554312234475219e-16,-1.4988010832439614e-16,0.9999999999692993,0.9999999999191519,0.6983569809218719,-0.011834589925291777,3.0770813378034223,1.3617989494466234,-7.105427357601002e-17,0.9999999532030924,4.129385334381729,-0.9178022491464458,101,-0.004176148620953275,-0.0049252019669349095,0.5756445065237479,1.3522516439934406e-15,0.9999999608600952,1.3704361680442598,1.064643506647008,0.03125686677920142,99.9999921720192,-2.589306090287579,4.335572053929286
57.0,4.0,0.0,0.0,0.0,499.9999641865825,-2.1316282072803006e-17,0.9999999641865819,3.578050022026712,7.498343191279336,25,2.9611430874427693,2.973870890206668,7.863514868185305,453.58572186121467,-1.3322676295501878e-16,-2.4147350785597153e-16,0.9999999999692993,0.9999999999191569,0.698332653800784,-0.011833920026480387,3.0768341222000126,1.36179150861626,2.6645352591003756e-17,0.999999956595095,4.142888735178603,-0.7258032597682882,98,0.00414900116021498,-0.000478097412842184,0.4267241983668608,1.9027002196025932e-14,0.999999960619076,1.64648996696619,1.0362456310036023,0.029764625046742307,99.99999212381535,-2.5013827445210217,4.409250346287845
57.0,5.0,0.0,0.0,0.0,499.99996424960256,-1.4210854715202004e-17,0.9999999642496019,3.6563082002860647,7.50301061422943,25,2.7424910190120575,2.206381585894147,4.5649520980156435,466.33352046611674,-1.6653345369377348e-16,6.106226635438361e-17,0.9999999999692998,0.9999999999191537,0.6983818492687232,-0.011833418114372192,3.0772058514071947,1.361807049785726,5.329070518200751e-17,0.9999999588269328,4.021882244663422,-0.9609755629799348,97,-0.0005888092668270462,0.000923934962001382,0.6590400154140088,3.05089287166993e-14,0.999999961991459,1.588837174396067,1.588837174396067,0.03077505153255593,99.99999239829194,-2.546546117175646,4.312984732809565
57.0,6.0,0.0,0.0,0.0,499.9999647976051,-1.4210854715202004e-17,0.9999999647976044,3.921232574791116,7.317270734357246,25,2.807476925637351,1.8396369793502756,3.8337604758134813,467.962816991674,-4.4408920985006264e-17,-4.718447854656915e-17,0.9999999999692993,0.99999999991915,0.6984044454328454,-0.011834799567984942,3.0771558022386176,1.361799306259388,7.105427357601002e-17,0.9999999619182319,3.9065838108479376,-0.8532107092161462,97,-0.002769350395209307,-0.0002580456050527341,0.3410394894315978,8.204548151979907e-15,0.9999999601704922,1.3462719000251175,1.2681098856287207,0.0309504537955686,99.99999203409863,-2.6320272118528116,3.886178276527877
57.0,7.0,0.0,0.0,0.0,499.99996567169273,-3.552713678800501e-18,0.9999999656716921,3.6050437352646414,7.497004323476043,25,3.2327536042171454,7.452580208646518,10.83429744682977,440.12034781507157,-2.4424906541753446e-16,-8.326672684688674e-18,0.9999999999693001,0.9999999999191549,0.6984098071421178,-0.011833589200642711,3.0769057539463307,1.3618014369614142,-8.881784197001253e-18,0.9999999611861234,3.9606688415253593,-0.854377790158879,99,0.0033150839996275126,-0.0010363515064538446,0.4309462047587802,-3.440914220220748e-14,0.9999999602974098,1.4943567860564078,0.9024017081664076,0.030847599444769218,99.99999205948208,-2.5348084099063133,4.478978414980547
57.0,8.0,0.0,0.0,0.0,499.9999660120776,-3.552713678800501e-18,0.9999999660120771,3.573315027777733,7.290930370722851,25,3.034982733229797,3.414963249735243,10.940104207175278,443.06353683500885,-4.4408920985006264e-17,9.992007221626409e-17,0.9999999999692984,0.9999999999191569,0.698344244603151,-0.011836942814272321,3.0769291823658547,1.3618070427559232,7.105427357601002e-17,0.9999999612647027,3.9283265333803374,-0.851139565515701,99,0.0007341756150544598,0.0014880739872000321,0.26753204842081413,-1.390221271435621e-14,0.9999999591240061,1.45943598202752,0.7880704161041643,0.03127674879761492,99.99999182480137,-2.5631086496009274,4.297088724746176
57.0,9.0,0.0,0.0,0.0,499.99996633124863,-1.0658141036401503e-17,0.999999966331248,3.6619486164621424,7.067754852674348,25,3.2859724848513343,4.951915227016365,12.68569425719273,438.60282172917385,2.997602166487923e-16,-4.163336342344337e-17,0.9999999999693002,0.9999999999191589,0.698359592442191,-0.0118338827558643,3.077182370955593,1.3617977345267833,-4.4408920985006264e-17,0.9999999552756011,3.850700020274755,-0.7398470240789043,101,0.002841661007876213,-0.0019860621241614873,0.3146411173828323,-4.714006962558415e-15,0.9999999583091923,1.4658102679823573,1.003470487687562,0.031785105707754766,99.99999166183862,-2.5483219683874303,3.9255529518402303
58.0,0.0,0.0,0.0,0.0,499.99996263301705,3.552713678800501e-18,0.9999999626330164,3.553593533459525,7.409749563809626,23,2.837451680260004,2.857336076986755,5.074788499854587,468.4611793249536,-1.2212453270876723e-16,-2.2204460492503132e-17,0.9999999999672299,0.999999999914322,0.6595583644733727,-0.012051686057456597,3.0698724073397092,1.3581753498870088,8.881784197001253e-17,0.9999999568456455,3.916511519954919,-0.8653451971101414,98,0.0024201231966080082,0.0009324342319885365,0.2558625727719104,1.000310945187266e-14,0.9999999608576514,1.6252508564033066,1.431657943992572,0.031236843910171855,99.9999921715304,-2.509263335299722,4.397182662932728
58.0,1.0,0.0,0.0,0.0,499.999961442355,4.440892098500626e-18,0.9999999614423543,3.75939702592419,7.446446252075857,23,3.235438530651142,3.7174524067153287,14.263701057003132,444.65035283707243,-9.992007221626409e-17,-1.7486012637846215e-16,0.9999999999681527,0.999999999916405,0.6804682236681524,-0.011939105804990125,3.073726934742136,1.3602057819269169,-5.329070518200751e-17,0.9999999583109507,3.870319330072602,-0.6322062065014241,99,0.0014229084035052187,-0.001856832966916137,0.4995845171884703,-1.603606136768576e-14,0.999999958933662,1.3664563360784665,1.047537439346343,0.031721286186211915,99.99999178673258,-2.5953178885211825,4.134331363022933
58.0,2.0,0.0,0.0,0.0,499.9999646253192,-7.105427357601002e-18,0.9999999646253186,3.8409876669945513,7.599832392577179,23,3.1294121940940407,5.729249683329025,10.761878919993404,441.43486174697296,-3.3306690738754695e-17,1.4710455076283324e-16,0.9999999999671549,0.9999999999141429,0.6579828145810594,-0.012058889409390464,3.069774064397525,1.3580537711095573,1.2434497875801754e-16,0.9999999575512548,3.765737301662671,-0.7596892754607429,99,0.0010648122643734915,-0.0007049558247521345,0.484466613634158,-2.6403323971635472e-14,0.9999999572540954,1.6285767283906654,1.042178497679603,0.03189344084066952,99.99999145081927,-2.674241106146609,4.333290751561636
58.0,3.0,0.0,0.0,0.0,499.9999635005988,7.105427357601002e-18,0.9999999635005982,3.8287125233186665,7.761837665326715,23,3.097654664474269,5.076326071003709,8.591885376650854,452.48872088487417,-4.4408920985006264e-17,3.608224830031759e-17,0.9999999999671988,0.9999999999142474,0.658860225538257,-0.012054124988475705,3.0700137217501973,1.3581374995005042,1.7763568394002505e-17,0.9999999574711363,3.869700188311423,-0.9942823450083756,97,0.0029773037446177786,-0.00022451280988766253,0.21075937469747963,2.0442536552423007e-14,0.9999999605900836,1.2870361216779445,0.9704913610175842,0.03188042255934261,99.99999211801685,-2.595165970231162,3.7726186855453525
58.0,4.0,0.0,0.0,0.0,499.9999629502021,0.0,0.9999999629502013,3.9554836778640095,7.67503049855605,23,2.8742540990663814,2.735574743704246,6.049417656187343,465.3349571893127,2.220446049250313e-16,-9.71445146547012e-17,0.9999999999671414,0.9999999999141095,0.6576108020781576,-0.012062482505539018,3.06983382657914,1.358003182416907,4.4408920985006264e-17,0.9999999578244178,4.01407336280912,-0.8715660332788412,99,0.00011797700918499077,0.0031178374667119885,0.2851549146963883,2.8710367416806548e-15,0.9999999594525317,1.2999736737056256,1.1490472278364183,0.03178606971739642,99.9999918905065,-2.5998298363756036,4.128124313960072
58.0,5.0,0.0,0.0,0.0,499.99996119045704,-9.769962616701377e-18,0.9999999611904563,3.644388175444736,7.449878509134416,23,2.8981395934242453,3.414041607661639,6.626177654862612,455.94148425817014,-6.661338147750939e-17,-3.608224830031759e-17,0.9999999999680161,0.9999999999160888,0.6771289162357667,-0.01196097698231423,3.0733127319111957,1.359901649782342,2.6645352591003756e-17,0.9999999530011309,4.04557633129282,-0.8791876380577186,95,0.00031794542335305653,-0.003251630955679729,0.5483159145487972,-1.247890679678676e-15,0.9999999564052207,1.4651395582391915,1.103174321854862,0.03150638872081208,99.9999912810443,-2.571483848997345,4.101013784890297
58.0,6.0,0.0,0.0,0.0,499.9999611640859,-7.105427357601002e-18,0.9999999611640852,4.056910336425294,7.913484914205624,22,3.209389062838383,5.930562386735362,14.418651534451023,437.40466653348517,1.2212453270876723e-16,1.1102230246251566e-17,0.9999999999683524,0.9999999999168466,0.6853355942264068,-0.011911728692014905,3.074775607480292,1.360647792037566,-6.217248937900877e-17,0.9999999561599574,3.897746995167564,-0.8416300079670161,99,-0.0011732306320794029,-0.0016481381220036196,0.517174885052766,-2.1287416274162753e-14,0.9999999577793446,1.5521674082889518,1.288545452118666,0.030964455747757205,99.99999155586909,-2.426362009844378,4.008524633530182
58.0,7.0,0.0,0.0,0.0,499.9999627769051,1.7763568394002505e-17,0.9999999627769044,3.49748099791629,7.743458927801338,23,2.950309074745081,3.347237240003107,7.367324275244833,452.9156816472988,2.1094237467877973e-16,-2.7755575615628914e-17,0.9999999999673711,0.9999999999146367,0.6625210220871562,-0.0120355353499713,3.0706709441176026,1.3584832825202977,-4.4408920985006264e-17,0.9999999583220563,3.91139315923924,-0.7298125086140419,98,-0.00041704592691957034,-0.002505945072409584,0.5808850109298014,-4.298783551348606e-15,0.9999999623690842,1.3580738225827174,0.8768877804010958,0.031365282397521385,99.99999247381697,-2.485503762558136,3.7718638034254095
58.0,8.0,0.0,0.0,0.0,499.99996393404876,-8.881784197001253e-18,0.9999999639340481,3.475619509641768,7.339590985835607,23,3.392526048721489,9.62498738129843,15.571462340328964,426.22799827592183,1.7763568394002506e-16,1.2212453270876723e-16,0.9999999999673423,0.9999999999145723,0.6618625492412742,-0.012038024528157158,3.0702616876435105,1.3584316497381692,5.329070518200751e-17,0.9999999585846862,3.8756405663957896,-0.755898637905499,99,0.0016697132703977768,-0.003059365332889302,0.48290369388756105,1.8132162438178056e-14,0.999999961885858,1.346565185211636,1.2507733364441451,0.031183672335272753,99.99999237717178,-2.5399553791708174,4.160719918191878
58.0,9.0,0.0,0.0,0.0,499.9999622722901,-7.105427357601002e-18,0.9999999622722894,4.09041125746989,8.009221937227029,23,3.236464834366345,5.335037297205151,13.1431034854334,434.77156603281935,-9.992007221626409e-17,-2.7755575615628914e-17,0.9999999999678515,0.9999999999157178,0.6733307831965252,-0.011980728646616923,3.0730801235732854,1.359524985044682,-1.4210854715202004e-16,0.9999999574141735,3.8294153525160417,-0.7645030546233451,97,0.0007625115588384012,0.0005334990732790912,0.527471972328418,9.586775817638226e-15,0.9999999602329908,1.5809563908742483,0.4751881655460686,0.02998112644941256,99.99999204659834,-2.460484232284227,4.2574308577767885
59.0,0.0,0.0,0.0,0.0,499.9999645407557,0.0,0.999999964540755,4.011208845741573,7.809043291291198,27,2.9732203120251777,4.15778937323409,8.275934392270326,457.3765841386172,5.551115123125783e-17,1.1379786002407854e-16,0.999999999957575,0.9999999998882823,0.6983820210009507,-0.011835448905580786,3.076926298242423,1.3617828930612106,7.105427357601002e-17,0.9999999580819537,3.898108675231166,-0.8185726551735086,102,0.002442880925689557,0.0009981442316284199,0.23193915831048884,-1.234123914173324e-14,0.9999999622492649,1.4525612723330232,1.4047880180280805,0.031036384188072225,99.99999244985312,-2.5838666420201895,4.1488465703772395
59.0,1.0,0.0,0.0,0.0,499.99996428356684,-1.0658141036401503e-17,0.9999999642835662,3.4799240271677463,7.346527608711411,27,2.9238422861782576,3.0699853334813096,6.858032129254427,454.90492575699943,-2.55351295663786e-16,3.053113317719181e-17,0.999999999957574,0.9999999998882811,0.6983632122714324,-0.011832920080561202,3.076634552596505,1.3618064002317145,1.0658141036401502e-16,0.9999999525067398,3.9323473322145537,-0.6285725969262456,103,-7.515052106903397e-06,0.0005298050497847158,0.339305958477663,6.485922909860165e-15,0.9999999601313472,1.5917822165784337,0.8688204394185082,0.030365523492641492,99.99999202626957,-2.469016175378614,4.483096279064648
59.0,2.0,0.0,0.0,0.0,499.9999642414874,-7.105427357601002e-18,0.9999999642414867,3.767753771286656,7.362497612985211,27,2.8294912160662333,2.3659680742328106,5.507978122412784,468.5940083385119,-5.551115123125783e-17,-7.494005416219807e-17,0.9999999999575748,0.999999999888265,0.6984258433761067,-0.011830676253675914,3.076308710254695,1.3618028745035478,2.1316282072803005e-16,0.9999999614340944,4.049727235102782,-1.029779966396046,101,-0.001121692421405538,0.0032016664822826562,0.27875343486807935,-3.4161562467716066e-15,0.9999999631716883,1.4352459218161375,0.8810378703397019,0.031355701544926014,99.99999263433777,-2.5555704150041247,3.8517619047209966
59.0,3.0,0.0,0.0,0.0,499.9999638375917,-7.105427357601002e-18,0.999999963837591,3.672607410967637,7.459436592498301,27,2.9604900889715475,3.4509513203592928,6.970226393073865,459.88793048669714,5.551115123125783e-17,1.3877787807814457e-17,0.9999999999575753,0.999999999888293,0.6984110801457716,-0.011831970225204592,3.0764553075187284,1.361814436029182,-3.552713678800501e-17,0.9999999590195066,3.904581736421127,-0.8447007315398274,102,-0.0006552025938811567,0.0012654234735707925,0.2072419541118471,1.0008660566995787e-14,0.9999999617580477,1.5854930332744388,0.998807303487176,0.031146427220636264,99.9999923516097,-2.5906398607036163,4.437221028344604
59.0,4.0,0.0,0.0,0.0,499.99996500119727,0.0,0.9999999650011966,3.7191481584803663,7.705744668940239,27,2.9158993022951476,5.882025604419724,7.365655084238726,452.38266951282594,-1.1102230246251565e-16,1.3322676295501878e-16,0.9999999999575739,0.9999999998882657,0.6983645424491925,-0.011832264030414383,3.0767661297611273,1.3617967096307044,7.105427357601002e-17,0.999999955392121,3.893480096574328,-0.7212314728435285,103,0.0007622669624491696,-0.0005703472641610891,0.35763308572411034,1.8287593661625578e-14,0.9999999627084701,1.2828116210971787,0.9215718227355096,0.030187772711526305,99.99999254169416,-2.5002942138227775,4.081318415262917
59.0,5.0,0.0,0.0,0.0,499.99996349584507,-1.4210854715202004e-17,0.9999999634958444,3.747284056245957,7.3964219066698345,27,2.90458872048365,3.592071315482588,7.138663666608395,458.02673373602875,7.771561172376095e-17,9.71445146547012e-17,0.9999999999575759,0.9999999998882844,0.6983910036239138,-0.011836658006237915,3.0765062525146973,1.3617706918181125,5.329070518200751e-17,0.9999999572727478,4.061302395819549,-0.9337883615569064,102,-0.0009102619282212077,-0.003343187519177698,0.3663806411238575,-5.268008251846368e-15,0.9999999609943061,1.5787093018316023,0.7647500141824755,0.030981803609940784,99.99999219886138,-2.5759271342628436,4.569761387545721
59.0,6.0,0.0,0.0,0.0,499.9999640086803,7.105427357601002e-18,0.9999999640086796,3.87945546036494,7.691471432006528,27,2.9762437023808896,4.23149160034867,5.736358547522216,459.7634614294191,-1.3322676295501878e-16,-1.942890293094024e-16,0.9999999999575764,0.9999999998882757,0.6983854542643188,-0.011830879086399262,3.0769192929316604,1.3618012473860817,-7.105427357601002e-17,0.9999999542562653,3.942433294277984,-0.6531101704335254,103,-0.001004688900467321,-0.0014130343818907687,0.41480943134105885,1.6757706333692113e-14,0.9999999631502839,1.4657763142890283,1.252608013047246,0.03106417503989609,99.99999263005694,-2.6924808529473836,4.043078393517824
59.0,7.0,0.0,0.0,0.0,499.999965316252,7.105427357601002e-18,0.9999999653162513,3.8098080738329463,7.305910021769077,27,3.042729795964749,4.495196738546166,8.128674205078578,456.71168098978467,0.0,-6.106226635438361e-17,0.9999999999575749,0.9999999998882784,0.6983703833811529,-0.011836584282903765,3.076948025637253,1.361804401242606,-1.0658141036401502e-16,0.9999999572149652,4.101579728393772,-0.6973343891987654,103,0.0006627837856135099,-0.002502320953950847,0.41253265042272247,2.0332624472985115e-14,0.9999999633284959,1.3705305570565989,1.3348995593630153,0.031126799699318402,99.9999926656993,-2.5213881821183954,4.035746925133325
59.0,8.0,0.0,0.0,0.0,499.99996386113315,-3.552713678800501e-18,0.9999999638611325,3.794993158047827,7.405949283557837,27,2.7676013147799563,2.209794127254632,4.593961233095148,469.74215215784716,-1.887379141862766e-16,-1.9428902930940238e-17,0.9999999999575742,0.9999999998882788,0.6982803897196881,-0.011835306735452798,3.0768669696851108,1.3617947794035874,-5.329070518200751e-17,0.9999999592626378,3.892122644467933,-0.9404145073226542,102,-0.004779422858378524,0.0033688466946405126,0.3406622998314539,1.6188161922059408e-14,0.9999999632427105,1.4733643946572132,0.9016466637124452,0.030993333698865092,99.99999264854225,-2.5187736735399078,4.024213137765158
59.0,9.0,0.0,0.0,0.0,499.99996455134885,7.105427357601002e-18,0.9999999645513482,3.906981721822039,7.8794316057825835,27,2.7718691972174483,1.9420825845085274,5.581685105039277,468.04965275161766,1.3322676295501878e-16,-3.053113317719181e-17,0.9999999999575747,0.9999999998882607,0.6983798172498156,-0.011831551161462438,3.0767974679820465,1.3617852913444732,7.105427357601002e-17,0.9999999531333665,4.0737076243403685,-0.7343149138502303,102,0.0007092700238707228,-2.3592868043254278e-05,0.2625664903464582,1.8407497748285094e-15,0.999999962700206,1.3523464747793517,1.0474285367145912,0.03165796233851321,99.9999925400413,-2.5712664049725418,3.7625680990197035
60.0,0.0,0.0,0.0,0.0,499.9999658885944,8.881784197001253e-18,0.9999999658885937,3.995390162566506,7.608471135393073,28,2.9444429125401275,2.675261216709178,7.84204229729001,456.60431948642747,5.551115123125783e-17,-1.1102230246251566e-17,0.9999999999587356,0.9999999998913306,0.6983469592194899,-0.011835383138321956,3.077257502093931,1.3617870710760747,-6.217248937900877e-17,0.9999999613619733,3.906230044638577,-0.7620039923143692,99,-0.0011567651564401383,-0.0016793466880102872,0.5105076145572092,2.3064883336587627e-14,0.999999960922612,1.5973722123484022,0.8558273123477335,0.02978794117884075,99.99999218452257,-2.400909073595877,4.584446974684214
60.0,1.0,0.0,0.0,0.0,499.9999657433093,0.0,0.9999999657433087,3.775275285259994,7.470451299441731,28,2.751715343700022,1.926310419080489,5.0944940283071665,466.40273286053775,8.881784197001253e-17,1.9428902930940238e-17,0.9999999999587336,0.999999999891329,0.698398441040751,-0.011838183289258166,3.0774386341208597,1.36178163818044,3.552713678800501e-17,0.9999999598387087,4.117225228070475,-0.8804160170838493,97,0.0005380556605511843,0.0003386334045849798,0.4104886089343047,-2.4817925492470748e-14,0.9999999593673415,1.6333209738501149,0.8187869965468368,0.031055527977743178,99.99999187346849,-2.550970104144596,4.276561501726629
60.0,2.0,0.0,0.0,0.0,499.9999657299561,-1.0658141036401503e-17,0.9999999657299555,3.897468475256118,7.3562328410714635,28,2.7016806710963506,1.7340357075476491,3.6269814040086716,468.3394212420801,-1.2212453270876723e-16,-1.4155343563970745e-16,0.9999999999587361,0.9999999998913139,0.6984427462099969,-0.01183439877344125,3.0773090876677744,1.361798068343225,1.7763568394002505e-17,0.9999999580660563,3.826661984101788,-0.7508788626695183,99,0.0009055712466901067,0.0009343739125287482,0.35550233920180396,5.522249324485529e-15,0.9999999590743011,1.4429497146189565,1.1285682012534473,0.030979609805720624,99.9999918148604,-2.5182379007040674,4.12435107988969
60.0,3.0,0.0,0.0,0.0,499.9999664233576,-3.552713678800501e-18,0.999999966423357,3.963464825429411,7.6101289125911755,28,3.02012411970529,3.958913046263787,8.461152942446398,455.9878958893553,-1.7763568394002506e-16,-1.4988010832439614e-16,0.9999999999587357,0.9999999998913146,0.6983735053371973,-0.011835193688216198,3.0771196052029293,1.361826345719272,7.993605777301127e-17,0.9999999587016769,3.9408055138219353,-0.623127151824662,99,-0.0026304121295086637,0.00045863047174920845,0.2546772215731625,-3.109512647370138e-14,0.9999999622946902,1.8644213846216309,1.3921884528698605,0.030158266792988813,99.99999245893821,-2.539667561643455,4.399115475476031
60.0,4.0,0.0,0.0,0.0,499.99996668976075,-1.7763568394002505e-18,0.9999999666897602,3.630117284504968,7.192669281772673,28,3.034727732123782,5.427527195115622,10.47936125831606,446.046529897951,1.887379141862766e-16,-4.163336342344337e-17,0.9999999999587363,0.9999999998913287,0.6984233954971172,-0.011835217376334537,3.0768025292574475,1.3617920994846138,-7.105427357601002e-17,0.9999999586760293,3.938945473863946,-0.6417807661397326,100,0.000997855035669919,-0.0023221276154235006,0.574523982191776,5.524469770534779e-15,0.9999999611434766,1.4649241118975198,0.9163478888950888,0.03102279406891016,99.99999222869546,-2.592971571667775,4.095054599329443
60.0,5.0,0.0,0.0,0.0,499.99996679092885,-1.3322676295501878e-17,0.9999999667909283,3.395547641675677,7.0289222260012485,28,3.0635885062520947,4.656321744358557,12.588674284777586,446.1646742673869,1.1102230246251566e-17,3.3306690738754695e-17,0.9999999999587343,0.999999999891342,0.6983422011429417,-0.011833642006897994,3.076980737595536,1.361792583434026,-8.881784197001253e-17,0.9999999575177376,3.857278254564729,-0.7820568540576105,99,0.0014078938647832317,-0.0007225530043393253,0.4273488120005684,1.71895830902713e-14,0.9999999621924915,1.480522798825979,0.5521134062037527,0.030224069700425377,99.99999243849845,-2.5540282710424584,4.444192587396724
60.0,6.0,0.0,0.0,0.0,499.99996644322846,8.881784197001253e-18,0.9999999664432279,3.583419293531328,7.183902065136864,28,2.7239244965679212,2.2120068275252587,3.4385487496868716,467.46195033499646,4.4408920985006264e-17,-2.7755575615628914e-17,0.9999999999587358,0.9999999998913288,0.6983180134038047,-0.011835611705435754,3.077329321289136,1.361840718235007,6.217248937900877e-17,0.99999995729544,3.9263482274609047,-0.8439622379729669,97,-0.00028411578195955303,0.005238169496539034,0.04975897776423288,7.986944439153376e-15,0.9999999584466761,1.3540764775505274,0.7744399931965531,0.03135610210316773,99.9999916893354,-2.5261162620405058,4.117774650852887
60.0,7.0,0.0,0.0,0.0,499.999966410768,1.0658141036401503e-17,0.9999999664107675,3.9672163262077103,7.700524754462091,28,2.9569376345274865,2.861660246907095,7.455766422783049,458.1068064316668,2.2204460492503132e-17,8.326672684688674e-17,0.9999999999587346,0.9999999998913408,0.6983933411517198,-0.0118306002958255,3.0762544696389043,1.3618063443891273,6.217248937900877e-17,0.9999999553536738,4.09994852501056,-0.8740787602276067,99,0.0010608345103669814,0.0014133716135995454,0.19683565671369863,1.7843504451775516e-14,0.9999999613674833,1.3474795598975702,1.1131212374105286,0.030438282869544767,99.9999922734968,-2.47247071655066,3.908746258666369
60.0,8.0,0.0,0.0,0.0,499.99996660925086,-8.881784197001253e-18,0.9999999666092503,3.733042985573952,7.389765736031595,28,2.9149754583649754,3.4093887475326157,6.1725038903215355,462.51626849543993,-1.554312234475219e-16,-1.0269562977782698e-16,0.9999999999587343,0.999999999891331,0.6983337170181024,-0.011832678184510285,3.076837665128453,1.3617925623992906,1.2434497875801754e-16,0.9999999626033842,4.047249482841647,-0.7627557932391507,98,-0.004826629779007592,0.0072109276325344005,0.12919817499439823,-1.0295098107349077e-14,0.9999999598124,1.4939652712832363,0.6092817458649448,0.030839388298589527,99.99999196248018,-2.450734929506679,4.337019068357272
60.0,9.0,0.0,0.0,0.0,499.99996692093987,8.881784197001253e-18,0.9999999669209393,3.6683115778569424,7.512452857886611,28,2.949119997360371,3.960987288685965,7.677524824903012,457.198459353829,5.551115123125783e-17,-1.3877787807814457e-17,0.9999999999587361,0.999999999891331,0.6983313705051046,-0.011834411975642695,3.0769964614010457,1.361785708631112,-4.4408920985006264e-17,0.9999999517087784,3.959217731992744,-0.7345252736008634,100,0.00031357763766898917,0.0043306504446612324,0.20190203288738395,3.749445198764079e-14,0.999999961729439,1.3164133763526988,1.2808036060686954,0.03133838777594397,99.99999234588793,-2.602738038543297,4.022737501979695
61.0,0.0,1.0,2.0,0.194701366596158,499.9999762617055,8.881784197001253e-19,0.9999999762617052,3.733391288088421,7.262662876262618,24,2.927798614071402,4.0316599158470545,5.711754297389692,459.39288161623216,-1.1102230246251565e-16,6.106226635438361e-17,0.9999999999591532,0.9999999998952794,0.7312732226229123,-0.012283174667372311,3.0534573229414987,1.3478741705547104,1.2434497875801754e-16,0.9999999570154218,3.869970859558504,-0.8592870099167123,100,0.00014543828027936413,-5.7902769560269075e-05,0.2754517855934182,-1.588951192843524e-14,0.9999999736654802,1.285123057916664,1.1661096428798254,0.03281183842492481,99.99999473309614,-2.6335620444521215,3.744180315297839
61.0,1.0,1.0,3.0,0.194701366596158,499.99997835894715,-2.220446049250313e-18,0.9999999783589469,3.734048502037503,7.393623653335329,26,2.6208515047117342,0.8827499101942086,2.106888522046173,475.7196655132271,2.2204460492503132e-17,1.1102230246251566e-17,0.999999999955442,0.9999999998870922,0.6909707459577076,-0.012196364979955278,3.04289406619993,1.3410597702101934,3.552713678800501e-17,0.9999999578232709,3.8610243866384537,-0.5694547923237188,104,0.0008440817607683005,-0.001876244601367013,0.4556765883208094,4.3920422854171195e-15,0.9999999785857359,1.3105339103898934,1.210252357802957,0.03286135583370734,99.9999957171472,-2.6486372115612795,3.7356010980066108
61.0,2.0,1.0,3.0,0.194701366596158,499.9999787130075,1.4210854715202004e-17,0.9999999787130073,3.697441271787124,7.336830148616083,26,2.7646610312785223,2.04655795373563,5.057776830950234,467.0294746229201,-1.1102230246251565e-16,-1.8318679906315082e-16,0.9999999999554425,0.999999999887086,0.690814296273568,-0.012200007312406788,3.042691694448905,1.341057562728889,-1.7763568394002506e-16,0.9999999619216364,3.997862155736832,-0.961474600298266,103,-0.0014432773776267172,-0.00788343186657975,0.6400124813104604,-1.6431300764452317e-16,0.999999977776146,1.4578726094883483,1.1060309378331372,0.03294596033747693,99.99999555522926,-2.702621873133306,3.991233653593269
61.0,3.0,1.0,3.0,0.194701366596158,499.99997838004697,6.217248937900877e-18,0.9999999783800467,3.782648621516058,7.541282048858102,26,2.6972503585840055,1.2761380671082867,2.829220340330966,474.9990989803095,1.1102230246251565e-16,1.9706458687096528e-16,0.9999999999554433,0.9999999998870985,0.6908849563384921,-0.012196312950627114,3.042442640294672,1.34107342886411,5.329070518200751e-17,0.9999999580125742,3.962431949034621,-0.608273618573443,104,-0.00048809190133359827,0.0017356664169968167,0.24160175453826582,-3.1241675912951906e-15,0.9999999779461763,1.3131850590141791,0.9923945095616118,0.03313607145780539,99.99999558923533,-2.665054249173849,3.6142156287647036
61.0,4.0,1.0,3.0,0.194701366596158,499.99997883635035,1.1102230246251566e-17,0.9999999788363501,3.511745781306486,7.16624045213231,26,2.8232689312367776,2.891223277955358,5.881729653028631,460.46063108655585,2.2204460492503132e-17,3.3306690738754695e-17,0.9999999999554424,0.9999999998871039,0.6910867359583666,-0.012194746084042928,3.0427193259231937,1.341092759799275,-5.329070518200751e-17,0.9999999567381832,3.9594009756747366,-0.6909118296100659,104,0.0007441599213194605,-3.326713076177462e-05,0.4281541071524835,1.5165646516379638e-14,0.9999999781791129,1.3735895169642716,1.2375087205531123,0.03302788705793841,99.99999563582263,-2.6599050759175693,3.760452339871591
61.0,5.0,1.0,3.0,0.194701366596158,499.9999784707069,1.199040866595169e-17,0.9999999784707067,3.673961191218925,7.369138888939056,26,2.6603670004020046,1.0778612817543907,2.9063437037140747,474.39161177747997,0.0,7.771561172376095e-17,0.9999999999554419,0.999999999887086,0.6908141710973952,-0.012201088859400104,3.042949383459865,1.341041082593783,1.7763568394002505e-17,0.9999999609470285,4.067530563274126,-0.9834731144185472,102,0.0036746007712667363,-0.0011249522159185428,0.3527388538462688,-8.615330671091214e-15,0.9999999775378422,1.4603286227213763,1.4603286227213763,0.0330818239254074,99.9999955075685,-2.6815692297796767,3.7636070146549354
61.0,6.0,1.0,3.0,0.194701366596158,499.9999783923356,1.1546319456101627e-17,0.9999999783923353,3.673903848631765,7.68971210676011,26,2.5657808506070268,0.7043971802154998,1.3377500600398167,478.1375069235329,-1.6653345369377348e-16,1.9151347174783951e-16,0.9999999999554398,0.9999999998870962,0.6909281331542483,-0.012197978752231798,3.042884851859101,1.3410559353804792,3.552713678800501e-17,0.9999999623731413,3.854114043888489,-0.8248581142471725,101,-0.000358016209147769,0.0029947960294906552,0.3239243661643201,-2.6623148130511254e-15,0.9999999778276174,1.4572186701133154,0.9295445264935396,0.03285585311591865,99.99999556552352,-2.699728084863369,3.9277606483694294
61.0,7.0,1.0,3.0,0.194701366596158,499.99997858423694,-7.993605777301126e-18,0.9999999785842367,3.5683511195618127,7.383710503552509,26,2.5802374249963966,0.7583442726544505,1.246297763996684,478.9257098232731,3.3306690738754695e-17,-7.216449660063518e-17,0.9999999999554421,0.9999999998870951,0.690926405777582,-0.012197563374568844,3.0426040673022303,1.3410733514550581,8.881784197001253e-17,0.9999999579387091,3.9571176960127024,-0.6452541418864606,103,-0.0005440776512235635,0.0009163479341883915,0.3150211548500401,1.1819434320159416e-14,0.9999999784664395,1.424433811601142,1.1987362947177744,0.033172229495024616,99.99999569328796,-2.7114710675464693,3.6597675787049657
61.0,8.0,1.0,3.0,0.194701366596158,499.99997860237676,9.103828801926284e-18,0.9999999786023765,3.5276773548718983,7.149030299809652,26,2.601823794936135,0.9536634349392662,2.1899307081053583,476.64304579444035,1.2212453270876723e-16,-1.637578961322106e-16,0.9999999999554415,0.9999999998870924,0.6908938922755397,-0.012198429894502117,3.0431714939729906,1.34108623991777,5.329070518200751e-17,0.9999999643397546,3.9155587876270994,-0.786712261749734,104,-0.0028980775747305867,0.0004716962618427389,0.4987723317680448,-2.1671553440683055e-15,0.9999999781545212,1.2858266555148308,1.0730902120840835,0.032962643335525704,99.99999563090431,-2.6405012395473406,3.6129199710457653
61.0,9.0,1.0,3.0,0.194701366596158,499.99997815919994,9.325873406851316e-18,0.9999999781591997,3.777564791548446,7.3837161031650815,26,2.6252566573908815,1.2065628859532158,2.374091449217515,476.0119082193303,-2.2204460492503132e-17,1.1657341758564144e-16,0.9999999999554429,0.9999999998871041,0.6909914740062213,-0.012196894141957152,3.042647465619052,1.3410603784622572,8.881784197001253e-17,0.9999999579199231,4.141446257056625,-0.8477337727018641,103,-0.00018623721159605978,0.0012411023552378363,0.27344469488303247,5.906386491005833e-16,0.9999999782375519,1.2483561611161726,1.151552409223572,0.03270800554982962,99.99999564751042,-2.65880629859919,3.693899643280409
62.0,0.0,1.0,2.0,0.1395077141811135,499.99996526449524,0.0,0.9999999652644946,4.2722047848877205,8.016296443496586,24,3.1880885244800097,5.806312498275348,11.950012370850688,443.5045843855179,-6.661338147750939e-17,-8.326672684688674e-17,0.999999999957492,0.9999999998910004,0.7312485757738857,-0.01228045310382374,3.0535600715907107,1.3479029983064155,1.0658141036401502e-16,0.9999999612901886,4.052432650334098,-0.6917603945836969,103,-0.0012395837335341508,0.0005016135407729016,0.30682299180618244,6.8101080330507106e-15,0.9999999754699448,1.3558862915303738,0.990949500443844,0.032190940562876705,99.99999509398906,-2.650740152968589,4.000436618752196
62.0,1.0,1.0,2.0,0.1395077141811135,499.99996457385083,-3.552713678800501e-18,0.9999999645738502,3.7631427760942993,7.24633188814234,24,3.21387178909495,6.061063214646016,11.699433502692537,445.0094107490321,1.1102230246251566e-17,1.9428902930940238e-17,0.9999999999574933,0.9999999998910132,0.7312620990174941,-0.012283424054487388,3.0537253176970087,1.3478709688399448,-3.552713678800501e-17,0.9999999583739719,3.91752767384744,-0.7764575763825846,104,0.0005980040627229633,0.00604897410833977,0.2830150424835871,1.801003790546929e-14,0.999999974851822,1.292509654047134,1.1843142630653436,0.032555342944408136,99.99999497036445,-2.6367967991784593,3.846109435135956
62.0,2.0,1.0,2.0,0.1395077141811135,499.99996438039665,0.0,0.999999964380396,3.969519106952457,7.687791359740791,24,3.018648858164627,3.786379342474755,7.320141638550259,456.5586489895212,2.6645352591003756e-16,-1.3877787807814457e-17,0.9999999999574919,0.9999999998910105,0.7312431846585091,-0.01228135882039951,3.053547369974075,1.3478982803061101,-3.552713678800501e-17,0.999999960510105,4.189457092538676,-0.9287807633708464,104,-0.0013570029420774032,-0.0007578651382435514,0.39514729962909456,-6.130651541980114e-15,0.9999999746803679,1.3878320359685776,0.9775895271306436,0.03294831449049311,99.99999493607365,-2.7134091024654925,3.7691551956327487
62.0,3.0,1.0,2.0,0.1395077141811135,499.9999650299417,0.0,0.999999965029941,3.78174436779182,7.83633633559244,24,3.065653197601895,4.781479803929345,6.145137737307091,446.2978538091179,-8.881784197001253e-17,3.608224830031759e-17,0.9999999999574926,0.9999999998910196,0.7312380299694216,-0.012280245142672348,3.0534884235087065,1.347889603500088,5.329070518200751e-17,0.9999999594999438,3.88293241709592,-0.964568580662166,105,0.0010512341805318458,-0.0018922666858109992,0.6304288764301589,2.9620750296999176e-15,0.9999999756090955,1.401618443392782,1.1619580281642532,0.03264596172910604,99.99999512181917,-2.5807917824833213,3.600927937320973
62.0,4.0,1.0,2.0,0.1395077141811135,499.9999648400614,7.105427357601002e-18,0.9999999648400608,3.6724037721475193,7.23875420921426,24,2.8549739204449347,3.751734361492877,5.309111822499019,460.3031061911597,1.2212453270876723e-16,3.608224830031759e-17,0.9999999999574928,0.9999999998910175,0.7313146095581919,-0.012282987882286005,3.0535372573185553,1.3478657179406954,-1.4210854715202004e-16,0.9999999624981399,3.9707005823659456,-0.9940629759774008,105,-0.0009852300039023176,0.0046152140536674805,0.3359732486856153,5.9841021027295936e-15,0.9999999760815259,1.2345748322180916,1.2176558866755678,0.03281356534233609,99.99999521630524,-2.6592378373494157,3.7907054800269817
62.0,5.0,1.0,2.0,0.1395077141811135,499.99996533091087,-1.7763568394002505e-17,0.9999999653309103,3.791897872528449,7.699671236971769,24,2.948334792969813,4.514840520263498,10.257122427218185,450.63709322967094,2.2204460492503132e-17,-3.608224830031759e-17,0.9999999999574943,0.9999999998910206,0.7312251124006913,-0.012285409942848402,3.0536344520137346,1.3478792419961425,1.7763568394002506e-16,0.9999999566579968,3.969343598971761,-0.7184596906056522,105,0.0009742896492115216,-0.002265553012352037,0.5162483368883528,1.1465273175303991e-14,0.9999999751231019,1.4695711748875973,0.7601579473220156,0.03268063699415692,99.99999502462043,-2.64290854762449,4.066024703387816
62.0,6.0,1.0,2.0,0.1395077141811135,499.99996484684925,-3.552713678800501e-18,0.9999999648468486,3.924547684243318,7.759380205686485,24,3.2445864245771023,7.341270407783597,11.625276429825773,444.192097002888,5.551115123125783e-17,-1.304512053934559e-16,0.9999999999574908,0.9999999998910064,0.7311903222716478,-0.012282568749109867,3.053861037518957,1.3478907335814296,7.105427357601002e-17,0.9999999584902552,3.9298883225876895,-0.9703320610628782,104,-0.0015966748481433556,0.0036152355215009467,0.307251641634366,6.697975507563569e-15,0.9999999750315524,1.3685199011539986,0.953899991680497,0.03286286754110336,99.99999500631053,-2.673614852183729,3.9513983881617354
62.0,7.0,1.0,2.0,0.1395077141811135,499.99996550381684,1.4210854715202004e-17,0.9999999655038162,3.4731682700260813,6.90054960890242,24,3.0460102976372863,3.4366017752996676,9.224308452176604,450.21615998234427,-1.887379141862766e-16,6.38378239159465e-17,0.9999999999574927,0.9999999998910257,0.7312264305438696,-0.012284122626929201,3.0536931187807874,1.3478888413074077,-1.2434497875801754e-16,0.9999999621302218,3.8907476217620656,-0.8555182157012842,103,-0.004790684623975707,-0.00034753910252144414,0.3890933943579178,-2.793321129956894e-15,0.9999999753049674,1.3404649450795318,1.144737065595832,0.032735304948272426,99.99999506099353,-2.6731059843730844,3.8007642608418766
62.0,8.0,1.0,2.0,0.1395077141811135,499.999963907849,-2.4868995751603507e-17,0.9999999639078484,3.5601333797112864,7.282569107509627,24,2.874649906393241,2.7362875408485583,6.150630461720064,461.28969058763766,-1.9984014443252818e-16,1.3600232051658169e-16,0.9999999999574928,0.9999999998910241,0.7311975891158655,-0.012283400470677028,3.0536342234738414,1.347880698980878,0.0,0.9999999530584481,4.044779164211778,-0.7276355878958829,104,-0.0001331454620832151,-0.0004570534401746004,0.5490416074691566,-6.447065103998284e-15,0.9999999755382085,1.2465282810069047,0.8852362432968163,0.03252215543903095,99.99999510764177,-2.6953696701273477,3.8197808088018927
62.0,9.0,1.0,3.0,0.1395077141811135,499.9999680658667,-3.552713678800501e-18,0.9999999680658662,3.744795049835601,7.218070003832011,25,2.8853845865488825,5.1096808461011465,5.76849552339416,455.96315465519353,-1.4432899320127036e-16,-1.1102230246251566e-17,0.9999999999527361,0.9999999998802301,0.6908916016836733,-0.012198552400464,3.0423698332356586,1.3410648984906721,3.552713678800501e-17,0.999999956908692,4.038933866122859,-0.772562222328487,107,-3.563363638972167e-05,0.0014621481691168765,0.11233251882429585,-5.0759396685862156e-15,0.9999999795190098,1.31930101015215,1.1303755300658327,0.03314601699225141,99.999995903802,-2.670728913675644,3.6693403364814636
63.0,0.0,1.0,2.0,0.3922072950099619,499.99996652406656,-8.881784197001253e-18,0.999999966524066,3.556156486118753,7.45410611813603,28,3.0900772912230163,4.030379902367241,13.266699255450774,446.2763336688477,-2.2204460492503132e-17,-3.053113317719181e-17,0.9999999999621801,0.9999999999030342,0.7312876637543188,-0.012280396439499143,3.05345465438902,1.3478958883443297,1.0658141036401502e-16,0.9999999575746396,3.944692214750491,-0.6658527476786599,106,-0.0011791067791773568,0.0013804938253386106,0.29642433186879913,-5.835332217429823e-15,0.9999999751372723,1.307611785949201,1.307611785949201,0.03267205618522954,99.99999502745452,-2.6285764574756785,4.006339030007272
63.0,1.0,1.0,2.0,0.3922072950099619,499.9999660488829,-8.881784197001253e-18,0.9999999660488823,3.8663533531838334,7.421157281682551,27,2.93750808019389,2.7642257352469377,7.979228908379419,459.24492969375706,1.887379141862766e-16,8.326672684688674e-17,0.9999999999621803,0.9999999999030246,0.7312754184297641,-0.01227848906686752,3.0535531887573297,1.347893402043046,-3.552713678800501e-17,0.9999999520423355,3.966857310219308,-0.643542731628275,108,-0.001183323667402867,0.00038532275718268424,0.35171939880161673,1.1000089727986051e-14,0.9999999749889398,1.413888461270708,1.135763242501334,0.03281360022168357,99.99999499778801,-2.6874365838432333,4.0093764608314135
63.0,2.0,1.0,2.0,0.3922072950099619,499.9999667705914,-1.0658141036401503e-17,0.9999999667705909,3.663898958209168,7.393464613562423,28,3.1653400462334194,4.988386667766838,14.237631886228268,442.6659145389154,3.3306690738754695e-17,7.216449660063518e-17,0.9999999999621808,0.9999999999030269,0.7312348977461556,-0.01228019566185227,3.053682066232946,1.3478970527170346,3.552713678800501e-17,0.9999999542188514,3.997648978657142,-0.8822342801560473,105,-0.0006852254401339958,0.0035009918772192722,0.22661610833117152,-2.9021229863701593e-15,0.9999999746295516,1.6732179317791154,1.1328928397027398,0.03211238286560976,99.99999492591039,-2.6530417421020154,4.4342285940590624
63.0,3.0,1.0,2.0,0.3922072950099619,499.9999664063465,-2.1316282072803006e-17,0.9999999664063459,3.4230109907756754,7.045069745815034,28,2.8968930768563483,3.920993126389639,8.39661486431464,451.05712206080705,-8.881784197001253e-17,1.3877787807814457e-17,0.9999999999621797,0.9999999999030351,0.7312797359756253,-0.012279384142192196,3.0534930573577164,1.34788674181133,-7.105427357601002e-17,0.9999999550423846,4.003001618325015,-0.9110065962491458,109,-0.003972487271115227,0.0016491949041948716,0.2631787434551498,7.491784970170557e-15,0.9999999750259023,1.55294080820075,1.0730136191284447,0.03272168380277592,99.99999500518052,-2.680690132460824,3.99517010103287
63.0,4.0,1.0,3.0,0.3922072950099619,499.99996880557455,1.7763568394002505e-18,0.9999999688055741,3.755942848953073,7.538952079708398,29,2.733554309532287,2.0639328968004764,3.9427917222008797,470.5294922892313,0.0,-8.326672684688674e-18,0.9999999999571381,0.9999999998914084,0.6909566057146787,-0.012196502929384805,3.0423010585691896,1.3410615131959287,7.105427357601002e-17,0.9999999574985635,4.039776874094055,-1.0615789325151226,109,0.0018032514822150674,0.00035544104788410745,0.4899863794316204,1.213473765915296e-14,0.9999999789172198,1.4004221921015552,1.1645000066018425,0.03284217751111682,99.99999578344398,-2.702901046859549,3.857689712552344
63.0,5.0,1.0,3.0,0.3922072950099619,499.99997003150327,-2.220446049250313e-18,0.9999999700315028,3.573454171252507,7.234424088902312,29,3.0895048980283795,4.1914719032819985,7.1871841489019435,448.12038895943067,6.661338147750939e-17,1.6653345369377347e-17,0.999999999957139,0.9999999998913883,0.690905490277707,-0.012199448268156853,3.042499990336622,1.3410682270653715,0.0,0.9999999559103484,3.841703174370576,-0.7999068244216427,109,0.0023629048993563957,-0.001770157436121468,0.4637150382982398,3.106404022901188e-15,0.9999999780439981,1.3652632862551906,1.0277719903524267,0.032820391002526914,99.99999560879965,-2.6826573842866432,3.647094126934374
63.0,6.0,1.0,3.0,0.3922072950099619,499.99996996970185,-1.7763568394002505e-18,0.9999999699697014,3.721153700115576,7.326867846153878,29,3.0624968576330054,5.142608876981506,11.86278775921432,449.3325005427174,-7.771561172376095e-17,-1.0824674490095276e-16,0.9999999999571347,0.999999999891391,0.6908758588821015,-0.012196751702808348,3.042299829162687,1.3410666990089724,1.0658141036401502e-16,0.9999999553405503,4.309017829500338,-0.8885638693258052,109,0.0011269821273583276,-0.0035668570295111397,0.6457332490872787,-1.2212453270876722e-14,0.9999999790350055,1.5040848391233623,1.2474484051800514,0.03330135265855495,99.99999580700113,-2.7017200528233394,4.038399135674793
63.0,7.0,1.0,3.0,0.3922072950099619,499.99996832357726,-3.552713678800501e-18,0.9999999683235767,3.5538215000681666,7.561701527619319,29,2.7597433823935216,1.8212740875659965,3.855352293913478,471.11820942017107,-2.2204460492503132e-17,2.1371793224034264e-16,0.9999999999571374,0.9999999998913891,0.6908931824871598,-0.01219716969928517,3.0425907273703654,1.3410383647858086,0.0,0.99999995372518,3.9747676457388095,-0.8913273589338416,109,0.0007540439284316825,0.004009423860933371,0.1864012168830982,2.1960211427085598e-15,0.9999999778734637,1.388207011825808,1.1477305163728146,0.033136816196444256,99.99999557469278,-2.7110504116410294,3.7615610994456032
63.0,8.0,1.0,3.0,0.3922072950099619,499.99996887332304,3.552713678800501e-18,0.9999999688733225,3.829648173095687,7.488774996911976,29,2.9306338632177265,4.52556658608771,7.022554818493423,457.46783216920807,-1.1102230246251566e-17,-2.997602166487923e-16,0.9999999999571375,0.999999999891383,0.6909614189258317,-0.012196671257779613,3.0423021364781264,1.341077982431256,7.105427357601002e-17,0.9999999590011682,4.093653239421768,-0.9862709434830016,111,0.005434510908385946,0.007495306768622677,0.035571750968458105,-1.5627499294623702e-14,0.9999999785939727,1.39806674386486,1.1976830525028312,0.033152646500577684,99.99999571879457,-2.7059812250843525,3.864009615142759
63.0,9.0,1.0,3.0,0.3922072950099619,499.99996966746824,1.865174681370263e-17,0.9999999696674677,3.7244974135102247,7.90386410833665,29,3.0088307162800447,4.675727620378028,8.765192599859823,459.41667250612824,1.3322676295501878e-16,0.0,0.9999999999571371,0.9999999998913919,0.6909815184127733,-0.012196141487138597,3.0427695746298125,1.3410677950503989,1.0658141036401502e-16,0.9999999509564098,4.010786809406665,-0.5887162060448572,109,0.00177544783104403,0.0017323646195981984,0.4070451741890082,1.878497357665765e-15,0.9999999779418148,1.3309366369561932,1.0459610786711735,0.033210189020868024,99.99999558836299,-2.6984844685741365,3.698654132169339
64.0,0.0,1.0,1.0,0.1159960206333226,499.9999682664748,-3.552713678800501e-18,0.9999999682664743,4.1585175666389045,7.754136707680211,24,2.9614509251519068,4.032728672489579,6.473356744373083,455.4709141669001,-1.7763568394002506e-16,-4.163336342344337e-17,0.9999999999635049,0.9999999999052128,0.6276412187218439,-0.012183254809200081,3.0643864055789103,1.354812181419661,2.1316282072803005e-16,0.9999999563522985,3.890611344474368,-0.7259594023335144,103,0.0017996961378415222,-0.004595535692472001,0.5363316339712974,1.389999226830696e-15,0.9999999779969213,1.240450543402859,0.9700103443064412,0.03244375345959612,99.99999559938432,-2.646192631789874,3.716629539674253
64.0,1.0,1.0,2.0,0.1159960206333226,499.99997256370216,4.440892098500626e-18,0.9999999725637018,3.7629073011781498,7.467444298542331,26,2.9456278120858044,4.159315129475911,7.523190898983809,453.2425291015991,-9.992007221626409e-17,-9.71445146547012e-17,0.9999999999600472,0.9999999998975719,0.731220026300407,-0.012281531839640637,3.0534334035365758,1.3478922835894822,0.0,0.9999999584711563,3.758257928068599,-1.0007316113293867,108,-0.0017372935451952754,-0.001591048664572372,0.17119981383975258,-1.1113332476497816e-14,0.9999999820672852,1.23652033866133,1.099646037918313,0.03304023765574835,99.99999641345708,-2.654935174203531,3.6064241189227904
64.0,2.0,1.0,2.0,0.1159960206333226,499.9999718542206,1.5987211554602253e-17,0.9999999718542202,3.866970202902305,7.444164657776234,26,2.628314942032464,1.1539928023722923,1.6497834561987856,475.6980383822304,-8.881784197001253e-17,-2.4980018054066023e-17,0.9999999999600455,0.9999999998975594,0.731282031798977,-0.012282072601768735,3.0537936394991645,1.3478908211532878,0.0,0.9999999580262363,4.118867283993482,-0.8739668280575311,105,0.0009021044674185608,-0.001096568762305773,0.5816207441549075,8.09130540346814e-15,0.9999999819574278,1.405647367451211,1.050549615301574,0.032538427562326645,99.99999639148558,-2.6352479534624207,3.8854039944798275
64.0,3.0,1.0,2.0,0.1159960206333226,499.9999724844739,-1.7763568394002505e-18,0.9999999724844736,3.8417026060279182,7.589054449129357,26,2.6653272544233033,1.2423097121747364,2.6163927741687205,474.2357659374029,2.2204460492503132e-17,-1.1657341758564144e-16,0.9999999999600472,0.9999999998975576,0.7312774670775203,-0.012281207874095866,3.0532507457516993,1.3478673624214588,-3.552713678800501e-17,0.9999999578745468,3.979236876685503,-0.815921597594834,106,-0.001403572819318245,0.0010952235177750938,0.3875488817786952,-5.806466418789568e-15,0.9999999826024538,1.1984193273490902,1.0485247869157912,0.03280458626552909,99.99999652049082,-2.66840766608695,3.613468760604243
64.0,4.0,1.0,2.0,0.1159960206333226,499.99997209444246,5.773159728050814e-18,0.999999972094442,3.788292322678788,7.3566822651609245,26,2.660453081111413,1.3201979585411254,2.906975359510193,472.99485092041635,-3.3306690738754695e-17,2.3592239273284576e-16,0.9999999999600458,0.9999999998975634,0.7312581871516006,-0.012279951611379042,3.05367901898154,1.3479012389339673,3.552713678800501e-17,0.999999959045937,4.034142460096906,-0.7018131431006585,104,0.0010906275460637815,-0.0025513699259980364,0.3488957494496603,-6.6413541333076865e-15,0.9999999824215131,1.3091607076375424,0.98016129082905,0.032923535909523856,99.99999648430261,-2.6978286158984055,3.822700151976213
64.0,5.0,1.0,2.0,0.1159960206333226,499.9999724428448,1.7763568394002505e-18,0.9999999724428444,3.798502074861724,7.889168591416683,26,2.813745876434341,2.388642560853744,5.222019559727555,469.05010123016393,-4.4408920985006264e-17,5.551115123125783e-18,0.999999999960047,0.9999999998975638,0.7312806428564906,-0.012277641848692768,3.0530158241052847,1.3478978651580464,0.0,0.9999999579262967,3.8071691623691417,-1.0937671796060489,106,-0.005036765998285198,0.0009521766088316296,0.2633874970502674,1.6719958750854858e-15,0.9999999828267876,1.2934233442986265,1.1890392458541348,0.03270959338887465,99.99999656535756,-2.6423782200515307,3.9016134921328094
64.0,6.0,1.0,2.0,0.1159960206333226,499.9999727578056,8.881784197001253e-18,0.9999999727578053,4.193768903309286,8.066944199346542,26,2.962816661657875,2.791100098121252,7.266812007232315,457.7673041588025,-4.4408920985006264e-17,-6.106226635438361e-17,0.9999999999600464,0.9999999998975637,0.7313196139010961,-0.012281353998740831,3.053541546829481,1.3478971723474202,1.0658141036401502e-16,0.9999999587310604,3.9081578858878303,-0.8078495906432162,105,0.004051722166264906,0.00019196132886791604,0.4918045282876484,8.466560785791444e-15,0.999999982469408,1.222699495393751,1.073118005995218,0.03303181824350141,99.99999649388164,-2.671953564526186,3.7287177233836166
64.0,7.0,1.0,2.0,0.1159960206333226,499.9999720700695,7.105427357601002e-18,0.9999999720700691,3.9071172572250887,7.6155881253806585,26,2.632240428984148,1.0870791007112843,1.8113131855826377,474.4968647285331,1.4432899320127036e-16,-5.551115123125783e-18,0.9999999999600476,0.9999999998975565,0.7312504867248684,-0.012282963176707472,3.0535307686107602,1.3478690125088117,-5.329070518200751e-17,0.9999999614543905,3.905528719664982,-0.8724276194061596,107,-0.006250546395664116,-0.004916286202413843,0.4170041779754712,-3.832489881006041e-15,0.9999999819869644,1.3768840398188391,1.0173422727615458,0.03263239072444865,99.99999639739292,-2.651861222048815,3.866178625184502
64.0,8.0,1.0,2.0,0.1159960206333226,499.99997198256625,-8.881784197001253e-18,0.9999999719825658,3.513139741693451,7.271046307072052,26,2.825023818349427,1.3290226792529938,5.779238434946843,470.43246873988403,1.1102230246251565e-16,0.0,0.9999999999600485,0.999999999897564,0.731251766988527,-0.012281615125157361,3.0535631092578206,1.347887511317465,8.881784197001253e-17,0.9999999606528971,3.9239614720745575,-0.6257388678599101,106,0.001623729896251902,0.0008927235947567081,0.2923536024151936,5.109246359324971e-15,0.9999999820076134,1.3018341573869152,1.3018341573869152,0.03270135212404085,99.99999640152271,-2.6330508302693003,3.7627425507695573
64.0,9.0,1.0,2.0,0.1159960206333226,499.99997168355947,8.881784197001253e-19,0.999999971683559,4.052131176369368,7.758123498455744,26,2.74752723327686,2.435616387713566,3.686534688064842,470.81230672725854,-1.2212453270876723e-16,1.8596235662471373e-16,0.9999999999600458,0.9999999998975501,0.7312380408998751,-0.012281793638712691,3.0534834354321228,1.3478844923279798,-3.552713678800501e-17,0.9999999567268183,4.000613605696901,-0.7678417594991058,107,-0.0009917814275876436,-0.001854832417862281,0.44581264166285095,-1.270095140171179e-15,0.9999999824247704,1.2157426979279589,1.0219807004543435,0.032802796782638116,99.99999648495412,-2.6743731766277925,3.7473639101256735
65.0,0.0,1.0,1.0,0.3190013345794883,499.9999705200917,3.552713678800501e-18,0.9999999705200913,3.58451411108309,7.235193840151853,28,2.9128339499121685,3.669299159161847,7.812399118090144,456.5496639298005,0.0,1.3877787807814457e-17,0.9999999999690219,0.9999999999195347,0.6276202779794533,-0.01218390201372734,3.064279191488614,1.3548277132103617,3.552713678800501e-17,0.9999999612896154,3.901898564254858,-0.8635937119405758,106,0.00021615413534846085,0.0011106365498203341,0.26220529641888746,-2.849054325793077e-14,0.9999999683809274,1.3600359808321871,1.081541233227645,0.03220315175678965,99.99999367618557,-2.6835656067344438,3.8290657934494536
65.0,1.0,1.0,1.0,0.3190013345794883,499.9999713729499,7.105427357601002e-18,0.9999999713729495,3.735846690235953,7.427247467764079,28,2.8824426084864863,3.5093540327428014,6.868302719458107,462.3730723497249,0.0,6.38378239159465e-17,0.9999999999690236,0.9999999999195399,0.6276485897539302,-0.012184195838867286,3.064367031937031,1.354819500293279,0.0,0.9999999608223171,3.7226594947166816,-1.2009106185711649,105,-0.002755267914148132,-0.0036100909553485818,0.5634606730066523,1.0301759445496828e-14,0.9999999691665208,1.5829397607429856,0.8721634912753351,0.03187061385033474,99.99999383330425,-2.550131688018012,3.9913077632660574
65.0,2.0,1.0,1.0,0.3190013345794883,499.99997045845,-1.0658141036401503e-17,0.9999999704584496,3.673708248786613,7.269151313303258,28,2.676132784414616,1.7181468214473676,2.6683420836905736,471.00645108813603,-7.771561172376095e-17,-7.771561172376095e-17,0.9999999999690228,0.9999999999195409,0.627717463642193,-0.01218170476519057,3.0643239904642274,1.3548214590423608,-3.552713678800501e-17,0.9999999557601271,3.946720847053662,-0.9411558855774814,108,-0.000810574314852358,0.0006780748660944028,0.17553309222437363,-1.685207529078525e-14,0.9999999691844835,1.3881053597419792,0.8481036209628604,0.032009363892924525,99.99999383689676,-2.6355505352621433,4.238047464996374
65.0,3.0,1.0,1.0,0.3190013345794883,499.999970888793,-1.0658141036401503e-17,0.9999999708887926,3.741031463388319,7.3142225864577135,28,2.712960769737273,1.8551968543240298,3.689699718601214,472.0377316747837,-6.661338147750939e-17,2.7755575615628915e-18,0.999999999969024,0.99999999991954,0.627657349070516,-0.012185070729194976,3.064499163307401,1.3548032656098583,1.2434497875801754e-16,0.9999999559831472,3.937097576977227,-1.0280731072746443,105,0.005519848144782728,-0.0003656888350037246,0.16166127553432474,-6.957767695325856e-15,0.9999999685666311,1.5425691798400314,0.8955010565551681,0.03195942109273128,99.9999937133263,-2.642960207556352,3.9554353263183577
65.0,4.0,1.0,1.0,0.3190013345794883,499.99997066563554,-7.105427357601002e-18,0.9999999706656352,4.004870013434069,7.649998029667354,28,2.7026857528700354,1.61642625236052,3.984132587216189,472.67656071116403,-3.3306690738754695e-17,1.4988010832439614e-16,0.9999999999690219,0.9999999999195393,0.627689368122802,-0.01218335561895468,3.0644909820424653,1.3548009264675678,3.552713678800501e-17,0.9999999625632641,3.914890046194905,-0.5664491142841505,107,-0.0008356532809464911,0.001407584925271332,0.3130900598732893,2.0454749005693885e-14,0.999999969310988,1.3770875309931097,0.9352888964844246,0.03198504578026283,99.99999386219768,-2.574762849190652,3.8013441629732636
65.0,5.0,1.0,2.0,0.3190013345794883,499.9999755312474,0.0,0.9999999755312471,3.785781239742837,7.4334303100048835,29,2.6563820586390747,1.8211795611393575,3.459565663984977,468.3766995399749,-1.554312234475219e-16,-2.0261570199409106e-16,0.9999999999655415,0.9999999999116534,0.7312665345720349,-0.012280230468095003,3.053734569446502,1.347881733113019,1.7763568394002506e-16,0.9999999496045154,4.079889256431233,-0.7073276383723286,109,0.003584436342715649,-0.00014669385815466645,0.45267367728160224,7.602807272633072e-15,0.9999999739500042,1.3919904754240262,0.8289664741389331,0.03266895838836688,99.99999479000093,-2.660790846678854,3.8687980409182243
65.0,6.0,1.0,2.0,0.3190013345794883,499.9999755082954,-5.3290705182007515e-18,0.9999999755082951,3.608008572553522,7.65398122906332,29,2.6733985480236955,1.171871502987361,2.60862218687075,469.68680473472847,3.3306690738754695e-17,9.71445146547012e-17,0.9999999999655418,0.9999999999116488,0.7312736475695542,-0.012281624207836878,3.0535633223173986,1.3478922072127635,-1.0658141036401502e-16,0.9999999554520348,4.020562622570048,-0.8231402631717769,106,0.0016434222193479548,0.0025032607069053244,0.07106776989611419,3.8191672047105384e-16,0.999999974206088,1.5099605538404606,1.3371023877282435,0.03214230966472876,99.99999484121767,-2.6211646885393582,4.094827053654372
65.0,7.0,1.0,2.0,0.3190013345794883,499.9999751420296,-1.0658141036401503e-17,0.9999999751420293,3.749016591662027,7.3475518237690185,29,2.7137005116003783,2.2697123380727753,4.0576717140884755,466.811085409267,-7.771561172376095e-17,-4.718447854656915e-17,0.9999999999655388,0.999999999911653,0.7312464749936828,-0.012281926243871887,3.053627143014981,1.3478778525671828,3.552713678800501e-17,0.9999999609479777,3.840097070417712,-1.0800382921123295,105,-0.0020851480524724953,-0.0018861776539434594,0.31963607492069457,-6.794564910705958e-16,0.9999999745309889,1.3636058737403522,1.1310259836028385,0.03280611962728668,99.99999490619783,-2.6774311077458437,3.673719789562969
65.0,8.0,1.0,2.0,0.3190013345794883,499.999975345305,-3.552713678800501e-18,0.9999999753453047,3.776367182754573,7.441120836475663,29,2.6424852106307544,1.3048366493025823,2.77333629263979,472.2454520172995,1.9984014443252818e-16,8.326672684688674e-18,0.9999999999655407,0.9999999999116461,0.731285382094964,-0.01228326352510557,3.053567874963782,1.3478902088598197,0.0,0.9999999580441756,3.936526666834467,-0.7890545158055134,110,0.0002790913876413173,0.003963585465070035,0.2411894816440352,-1.3820056210533949e-14,0.9999999743522225,1.351730659355336,1.0728319994943505,0.03290270607131968,99.99999487044454,-2.704775901675775,3.675230295890756
65.0,9.0,1.0,3.0,0.3190013345794883,499.99997876075395,-1.021405182655144e-17,0.9999999787607537,3.713662672110759,7.5639803745175005,31,2.6268543543519556,1.2770184545960523,2.5084649842412508,475.5297375686177,-1.9984014443252818e-16,-1.3322676295501878e-16,0.9999999999615057,0.9999999999024595,0.690953767001582,-0.01219432021262447,3.0429511332583528,1.3410850247300867,-3.552713678800501e-17,0.9999999586181486,3.967607628374994,-0.8320660089168952,112,-0.002552264919049738,0.004877371646536501,0.2269876361334937,-2.1016521856154213e-15,0.9999999774165134,1.297177030621955,0.95051689645804,0.03293132930321294,99.99999548330274,-2.6783120165180763,3.6459236389287604
66.0,0.0,1.0,2.0,0.3505419184931757,499.99997050596573,-8.881784197001253e-18,0.9999999705059653,3.7142008145218406,7.448154750994025,31,2.6459655992809763,1.4809445702226656,2.0936989423080377,471.6344700141639,1.887379141862766e-16,-5.828670879282072e-17,0.9999999999580327,0.9999999998924048,0.7312527986106001,-0.012282745067553278,3.053298239261218,1.3478857594953821,5.329070518200751e-17,0.9999999538874683,3.8772342985608894,-0.7702941931222994,105,-0.0010057184672803044,0.0014536480437165897,0.4361651982667034,1.1795009413617663e-14,0.9999999752174893,1.2941844941126934,1.087173611844415,0.03275584199484965,99.99999504349792,-2.6362235285947913,3.830144566904754
66.0,1.0,1.0,2.0,0.3505419184931757,499.99997162137856,3.552713678800501e-18,0.9999999716213781,4.091779444179503,8.028955122568444,31,2.8770962502825412,2.378515545682221,6.044317938279484,458.54085272484997,-3.3306690738754695e-17,2.7755575615628915e-18,0.9999999999580336,0.9999999998923828,0.7312950505359226,-0.01228219423518728,3.0536961271559724,1.347853311221089,-1.4210854715202004e-16,0.9999999540736619,3.84946311447916,-0.6509740836654728,105,0.0008785871009083035,-0.0029995825209395027,0.5343089272634955,4.1233683134578315e-15,0.9999999747318046,1.312675959068598,1.1737055721084413,0.03264731092595968,99.99999494636099,-2.622733178619244,3.6961751847324904
66.0,2.0,1.0,3.0,0.3505419184931757,499.99997365677655,-3.552713678800501e-18,0.9999999736567762,3.864079433770972,7.732478421787617,33,2.949351203621201,3.9338185041645146,8.044822644020185,454.8755537764488,-1.7763568394002506e-16,-8.326672684688674e-18,0.9999999999541225,0.9999999998837421,0.6909221655093736,-0.012196071036685763,3.0422866247416387,1.3410618139872372,-8.881784197001253e-17,0.9999999553471829,3.79279877684795,-0.6828670003207088,107,0.00017879522369387724,0.003237464850028077,0.35148614143514934,-1.3098411244527597e-14,0.9999999801414355,1.4192307746657593,1.4192307746657593,0.03286431571389122,99.99999602828713,-2.675599368363259,3.9132537112059342
66.0,3.0,1.0,3.0,0.3505419184931757,499.9999736397217,0.0,0.9999999736397214,3.4734720643255232,7.408315149722587,33,2.8123359409574022,3.134421573206627,5.172370261789117,466.6781578929202,2.331468351712829e-16,-6.938893903907228e-17,0.9999999999541213,0.9999999998837333,0.6909359940903534,-0.01219706356787372,3.042732085113401,1.3410527222338935,-1.4210854715202004e-16,0.9999999524873784,3.905656553362339,-0.8109213428376237,105,-0.00043933336277578617,0.0021115133410812524,0.10406219480450574,-4.551914400963141e-16,0.9999999791779058,1.3492418804322142,0.9556702837196158,0.032968735143485715,99.99999583558123,-2.6883284522296984,3.6961664679679913
66.0,4.0,1.0,3.0,0.3505419184931757,499.9999731216044,0.0,0.999999973121604,3.98894326066672,7.7817976482037885,32,2.6744644530013026,1.4371951013844575,3.707041630040954,471.4938248117828,8.881784197001253e-17,-6.106226635438361e-17,0.9999999999541226,0.9999999998837455,0.6908664432789966,-0.012198591247656156,3.0428415404738094,1.3410470640876497,5.329070518200751e-17,0.9999999581594503,3.995689345824088,-0.5995967056331274,108,0.00014286700027453913,-0.0008891286015355811,0.3956525190580571,6.687983500341943e-15,0.9999999791068892,1.3104965685727312,1.1230532324270892,0.033166551024818414,99.99999582137788,-2.7041633420636733,3.6312742311403574
66.0,5.0,1.0,3.0,0.3505419184931757,499.9999730731778,7.105427357601002e-18,0.9999999730731775,3.643413185853964,7.225083687069356,32,2.602666889078367,0.8843529572493236,1.9631724816148362,475.3849069879548,5.551115123125783e-17,1.4988010832439614e-16,0.9999999999541209,0.9999999998837327,0.690891577507929,-0.012196968175660674,3.042471388820555,1.341041773188459,-7.105427357601002e-17,0.999999957780566,3.965425248830533,-0.8237314794001324,109,0.0026184674470060166,-0.004167056757322404,0.589473004476563,1.0327294575063206e-14,0.9999999792288796,1.3434150831905312,1.2905807485718754,0.03330988396385993,99.99999584577597,-2.6825356127678965,3.7613523140731706
66.0,6.0,1.0,3.0,0.3505419184931757,499.99997343407443,3.552713678800501e-18,0.9999999734340741,3.7467283975825874,7.404957940225463,32,2.6086587619822135,0.9425625483369963,1.9956013344910053,478.7883598410785,7.771561172376095e-17,-1.1379786002407854e-16,0.9999999999541224,0.9999999998837626,0.6909023537184392,-0.012196137761833955,3.042652896290382,1.341082961735495,0.0,0.9999999536540357,3.947138527219353,-0.7835538190142153,108,-0.0028661503686678675,-0.00031312959430515873,0.3278574134730867,-5.542233338928782e-15,0.9999999788925638,1.3902363668581217,1.313791012531009,0.033459400461644286,99.99999577851278,-2.7073263740927827,3.77698419819495
66.0,7.0,1.0,3.0,0.3505419184931757,499.999973640915,3.552713678800501e-18,0.9999999736409146,3.6901045799128855,7.477087736637197,33,2.717270698160223,1.7655440934386362,4.349436378704915,467.53959987697476,-1.554312234475219e-16,-3.053113317719181e-17,0.9999999999541244,0.9999999998837411,0.6909719055206388,-0.012195790730961276,3.0425194928998875,1.3410608173281584,7.105427357601002e-17,0.9999999583915068,3.878518611975161,-0.5984809704319125,108,0.0001459775990460377,-0.001267850670463151,0.46781926786272265,-2.886579864025407e-17,0.9999999788604437,1.4748094201949196,1.3977264336482629,0.03291177495759221,99.99999577208878,-2.678296650975833,3.959599014134213
66.0,8.0,1.0,3.0,0.3505419184931757,499.99997383367713,1.7763568394002505e-18,0.9999999738336768,3.990613398594504,7.884368336216098,32,2.7734610175533696,2.2875531555316155,4.145980541844644,468.95192321404136,3.3306690738754695e-17,-1.7208456881689927e-16,0.9999999999541239,0.999999999883755,0.6909280648832503,-0.012196996709335758,3.0425240531455287,1.3410699689865484,7.105427357601002e-17,0.9999999625632744,4.0921933403618365,-0.5810719678393648,107,-0.00037059691849479823,0.0026032253926882754,0.32051212488986636,-1.4761525335416082e-14,0.999999979028449,1.4038444858835697,1.0659117335150503,0.03254324781239482,99.99999580568982,-2.636742261480576,3.9594608347445788
66.0,9.0,1.0,3.0,0.3505419184931757,499.9999735446695,8.881784197001253e-18,0.9999999735446692,3.674220848794424,7.552022526387455,32,2.7177273740942587,1.7847326018299565,3.6726979486741724,467.06581096739245,-5.551115123125783e-17,-4.9960036108132046e-17,0.9999999999541223,0.9999999998837479,0.6908125274311457,-0.012201324139708087,3.042641999692454,1.3410702389124487,-7.105427357601002e-17,0.9999999578378433,4.064615464762934,-0.9444057269450172,106,-0.0008402093473550898,0.0001132074068913147,0.32166700920988944,7.223110998211269e-15,0.9999999792564833,1.36551141983771,1.2495845505231389,0.033175568111638326,99.99999585129672,-2.692544593050208,3.732706001576938
67.0,0.0,1.0,1.0,0.2951887829126222,499.99997466947354,7.105427357601002e-18,0.9999999746694732,3.78178648247517,7.688905362285045,24,2.8983772851628578,3.3465652558120054,6.587561875251915,459.73928298124184,2.2204460492503132e-17,-7.494005416219807e-17,0.9999999999652307,0.999999999909679,0.6276741677262325,-0.012187411578183815,3.0646538534045966,1.3548013445593439,7.105427357601002e-17,0.9999999620142782,4.08891346187977,-0.6828798167720791,105,0.002313481979293944,-0.001235721769643293,0.506642147432526,3.502753642692369e-15,0.9999999620590196,1.5914278046129315,0.7825700592304695,0.030940242936960887,99.99999241180404,-2.5170680913479355,3.9764550910380834
67.0,1.0,1.0,1.0,0.2951887829126222,499.9999741921349,7.105427357601002e-18,0.9999999741921346,4.085244848563162,7.7971427622714025,24,2.874511626211829,2.403472949742117,6.348980060015692,469.9985320684071,-6.661338147750939e-17,-1.304512053934559e-16,0.9999999999652308,0.9999999999096886,0.6276526555836179,-0.012183914760654446,3.0644549139731296,1.354805378457017,3.552713678800501e-17,0.9999999602093474,3.9602175135158952,-0.690915509815729,103,0.001178886211280924,0.001228654198680798,0.19588409147229768,-1.6385781620442686e-14,0.9999999608915444,1.46607650854522,0.8253434530664346,0.03194011825228519,99.99999217830906,-2.623749974487767,3.829752757268773
67.0,2.0,1.0,1.0,0.2951887829126222,499.999974093942,7.105427357601002e-18,0.9999999740939416,3.885556519509746,7.797482028257811,24,2.731837141144302,1.6758598017897668,3.689120103713206,471.8401930372453,3.108624468950438e-16,8.049116928532385e-17,0.999999999965231,0.9999999999096884,0.6276645569917938,-0.012184132856788193,3.0644838790446154,1.3547986181682972,7.105427357601002e-17,0.999999956642516,3.891928305890709,-0.5877232576689241,103,0.0007993234932768134,-0.000774486900917582,0.3279354515799717,3.5260683262094973e-15,0.9999999619005079,1.466391484176367,1.0764071790097676,0.03173743874380905,99.99999238010173,-2.625353902666923,4.269169289876292
67.0,3.0,1.0,1.0,0.2951887829126222,499.9999747864032,7.105427357601002e-18,0.9999999747864029,3.6029666342149063,7.160867678331433,24,2.84255074440596,2.6173060629887686,5.998498522644809,465.86440825860814,-2.7755575615628914e-16,1.1102230246251566e-17,0.9999999999652319,0.9999999999096906,0.627700940269337,-0.012184032910049075,3.064410756794527,1.3548003561780013,-1.4210854715202004e-16,0.9999999593992358,3.847498976152646,-0.7548845866994834,102,0.002071931416120365,-0.00027217415410798226,0.21419314811848267,4.4297898682543744e-15,0.9999999613218339,1.3580117955950146,1.2199013389286923,0.031986854679191545,99.99999226436692,-2.584519770639236,3.9293362340496745
67.0,4.0,1.0,2.0,0.2951887829126222,499.99997771963945,3.552713678800501e-18,0.9999999777196392,4.021735419972972,7.877664206637685,25,2.774084357897251,1.572943792242923,4.334342110179251,465.7468347770262,-2.2204460492503132e-17,6.938893903907228e-17,0.9999999999622748,0.9999999999032697,0.7312227444757589,-0.012282767982770516,3.053822984374084,1.347888674814425,7.105427357601002e-17,0.9999999582327509,3.884823777839648,-0.966885262702726,105,-0.003948939797466271,0.004473824993991366,0.15466430800560715,-2.7888802378583933e-15,0.999999969551985,1.5033371761123129,0.926588997675748,0.03215823453685287,99.99999391039707,-2.579594166572258,4.161671833446475
67.0,5.0,1.0,2.0,0.2951887829126222,499.9999779179173,1.0658141036401503e-17,0.9999999779179171,3.644907372614206,7.730647417675979,25,2.691149538734935,1.4561700454918838,2.4346683660179025,469.9726339292835,8.881784197001253e-17,-8.326672684688674e-18,0.9999999999622755,0.9999999999032706,0.7312574053492418,-0.012280910211238687,3.053633644507603,1.3478881643298997,7.105427357601002e-17,0.9999999595337811,4.046566079391751,-0.6824655081994876,108,-0.0026327466346420182,0.0012404059399133524,0.4627574064418667,6.616929226765933e-16,0.9999999691402921,1.4018151156270964,1.327735162515832,0.032486001918366814,99.99999382805855,-2.617558700014341,3.812706734256975
67.0,6.0,1.0,2.0,0.2951887829126222,499.99997833770453,0.0,0.9999999783377043,3.6691305943513832,7.56578488163694,25,2.7201764186910147,2.148820540925578,4.0358646375167595,466.6803283768269,-4.4408920985006264e-17,-4.718447854656915e-17,0.9999999999622752,0.9999999999032738,0.7312031502757302,-0.012282551348136647,3.0537979017178634,1.3478830244412345,2.3092638912203257e-16,0.9999999605897477,3.965970606956383,-0.8447742971007307,107,-0.005527456159911964,0.001210174898224195,0.4029839602401175,2.5579538487363607e-14,0.9999999692367836,1.6794852722604978,1.1404887149658105,0.03226998626422801,99.99999384735679,-2.6512463462824085,4.330742575731698
67.0,7.0,1.0,2.0,0.2951887829126222,499.99997801747645,1.4210854715202004e-17,0.9999999780174762,3.6948392444090814,7.385550648204433,26,2.6834900521227487,1.1295809662694096,2.8833019204073946,469.9745936966034,1.2212453270876723e-16,1.3877787807814457e-17,0.9999999999622747,0.9999999999032805,0.7313063181068253,-0.012281109687149322,3.053460004827239,1.3478836439071344,-3.552713678800501e-17,0.9999999546067392,3.859481553516929,-0.6872923310745105,106,8.679812722752977e-05,0.0010762572116140446,0.2730111720615547,1.972866314758903e-15,0.9999999690568867,1.4233678900407836,0.9845726545747312,0.0325197194997417,99.99999381137744,-2.639453549458698,3.8353517454324884
67.0,8.0,1.0,2.0,0.2951887829126222,499.9999784817579,7.105427357601002e-18,0.9999999784817577,3.630323609957773,7.39454869644565,25,2.823552970900339,2.5023796946899464,4.615288503107569,461.9962969227531,1.7763568394002506e-16,-1.0547118733938987e-16,0.9999999999622744,0.9999999999032666,0.7312547048693597,-0.012281576955915786,3.053367101445003,1.3478936196122286,-3.552713678800501e-17,0.9999999563908645,3.783847467884366,-0.9408476092059062,105,-0.003297132619297867,0.0017366759471623477,0.07892260819590646,4.18554080283684e-16,0.9999999691969454,1.3793541655265875,0.8367163119285935,0.03281612888225921,99.99999383938919,-2.6495862097833935,3.758244794480068
67.0,9.0,1.0,3.0,0.2951887829126222,499.999980634183,3.552713678800501e-18,0.9999999806341828,3.630245291438672,7.401171335046913,26,2.5923999543902223,0.6652405699650265,2.230080618551738,476.52981253084357,-1.1102230246251566e-17,3.8857805861880476e-17,0.9999999999590103,0.9999999998961338,0.6909715070338723,-0.012193745970592078,3.0423323772477615,1.3410619537751354,7.105427357601002e-17,0.9999999540138178,3.795059593993273,-0.6726752787288462,108,-0.00016746440982565947,0.0009911244831961148,0.4054316027081768,5.415667914121514e-15,0.9999999737226443,1.3214154674384293,1.1157331425864538,0.033002189221269976,99.99999474452893,-2.6190197159800412,3.5748684801472734
68.0,0.0,0.0,0.0,0.0,499.9999577184064,3.552713678800501e-18,0.9999999577184054,3.814850696984815,7.4464831064654575,25,2.8910791292794418,3.6970795818028077,5.565594100547302,464.3601125457157,-2.1094237467877973e-16,1.3877787807814457e-17,0.9999999999691,0.9999999999186402,0.6983515764337354,-0.01183154996634175,3.0767777409234522,1.3618108299041023,7.105427357601002e-17,0.9999999595585685,3.8730144149689543,-0.7832908006161253,103,0.0005167891788113166,0.0028005385644575428,0.31720420756175827,1.6521228829446955e-14,0.9999999640932722,1.373946285253722,0.7202435540065426,0.03132577731156843,99.99999281865456,-2.570469904787664,4.22985545743961
68.0,1.0,0.0,0.0,0.0,499.99995748540084,-1.7763568394002505e-18,0.9999999574853999,4.345980651180131,7.625728537684961,24,2.942308730423826,4.39579317364165,6.901575733754872,455.6845633896326,-8.881784197001253e-17,-1.1102230246251565e-16,0.9999999999691018,0.9999999999186345,0.6983215666535509,-0.011834366182531064,3.077153830930871,1.3617916964579586,-3.552713678800501e-17,0.9999999557049775,3.987009001938522,-0.6132530250802961,101,0.00014877482319022972,0.0009244648892004079,0.2772014918693806,-1.84474657771716e-14,0.9999999618038975,1.3066190658000687,1.3066190658000687,0.03119869670225777,99.99999236077967,-2.5651857573902985,4.526920614448703
68.0,2.0,0.0,0.0,0.0,499.99996018583073,1.2434497875801754e-17,0.9999999601858299,3.918421251053083,7.426390727420683,25,3.1129473729920925,5.936336082577287,10.58069223742223,442.78529736460166,6.661338147750939e-17,8.881784197001253e-17,0.9999999999691026,0.9999999999186384,0.6983537149280676,-0.011832857328683766,3.0767196189480255,1.361792508162429,0.0,0.9999999550821296,4.144814709350946,-0.7446788980241407,101,-0.0023906486428440445,0.0002306101102733449,0.38385505107007845,-4.714006962558415e-15,0.9999999633161947,1.4998263514165373,1.0479020898984397,0.03091707499763476,99.99999266323908,-2.6308675047793773,4.2117417237174335
68.0,3.0,0.0,0.0,0.0,499.999959674578,1.5987211554602253e-17,0.9999999596745772,3.746007001737007,7.485913886477418,24,3.2268909700428257,5.226476422201322,13.834140854801769,437.60621578137057,9.992007221626409e-17,1.3877787807814457e-17,0.9999999999691018,0.9999999999186364,0.6983322314437295,-0.011833456392507694,3.0769224479361967,1.3618076934474923,1.9539925233402755e-16,0.99999995645031,4.2181038260187735,-0.9138891906349806,100,0.004122184050418682,-0.002634807984202845,0.6050855942611584,1.731281784600469e-14,0.9999999630504557,1.2441761311204182,1.0702294280313531,0.031229248336216344,99.99999261009128,-2.566708015748389,4.214052443564639
68.0,4.0,0.0,0.0,0.0,499.9999594685137,2.4868995751603507e-17,0.9999999594685128,3.7809101342901466,7.369989291198907,25,3.0740383635163195,4.790770738973406,9.233193525811911,444.7322866527071,6.661338147750939e-17,-8.881784197001253e-17,0.9999999999691024,0.9999999999186366,0.6984000868382327,-0.01183207248609855,3.0770073586817612,1.3617997708466691,1.7763568394002505e-17,0.9999999596328901,3.988480467045499,-0.7775972963835682,100,0.0014534942738724111,-0.0019137422874648505,0.2954410929288649,-3.219646771412954e-15,0.9999999624668413,1.372225798519175,1.059822222251428,0.03171729383429717,99.99999249336841,-2.6228905272506906,4.165033739533711
68.0,5.0,0.0,0.0,0.0,499.999959294467,-1.0658141036401503e-17,0.9999999592944662,3.4637162790746103,7.075206760932531,24,3.235406222503457,6.826245518325989,12.264039098162572,429.8451838510351,-4.4408920985006264e-17,-2.2204460492503132e-17,0.9999999999691029,0.9999999999186395,0.6983627172637348,-0.011836270027653105,3.0767569332771574,1.36180708932736,7.105427357601002e-17,0.9999999598125408,3.892677042507816,-0.6440183861689196,100,-0.0005158322443431151,-0.0004461406354203834,0.33332338456586186,5.273559366969494e-16,0.999999963372463,1.3162096461176025,0.7814694314120124,0.031778340850313364,99.99999267449276,-2.631527527834814,3.894275797041751
68.0,6.0,0.0,0.0,0.0,499.99995733239507,-3.552713678800501e-18,0.9999999573323941,3.821991861132612,7.424464094711918,25,2.9251083364654145,3.987444834354317,7.554793712426082,461.7125893224027,-2.55351295663786e-16,-3.3306690738754695e-17,0.999999999969103,0.9999999999186431,0.6983620512242678,-0.011834970687212043,3.0771168557794932,1.3618098022528993,1.0658141036401502e-16,0.9999999610046858,3.999464640328098,-0.6263568131865838,101,0.0013190675134632191,0.0013789570318545974,0.2924595307750373,2.0476953466186387e-14,0.9999999629597924,1.2204875570451763,1.0086552360293015,0.03185562018372097,99.9999925919586,-2.6541543428587615,3.9970691636462767
68.0,7.0,0.0,0.0,0.0,499.9999599625236,1.5987211554602253e-17,0.9999999599625228,3.836654050224654,7.3476710197918695,24,3.422133766266956,7.8316708756553775,14.633797421091957,425.0798242141003,-2.2204460492503132e-17,9.159339953157541e-17,0.999999999969102,0.9999999999186411,0.6983672816854826,-0.011833298076878156,3.076886312845272,1.3617980994403032,0.0,0.999999956108135,3.837644084142884,-0.8468931218831105,102,0.0008436196077852709,-0.0002167794910130022,0.4875183127934193,6.257216966787382e-15,0.9999999631924076,1.6208871011715529,1.032601947758807,0.03105483829364614,99.99999263848166,-2.5469862630840336,3.935794994529327
68.0,8.0,0.0,0.0,0.0,499.99996016612755,1.5987211554602253e-17,0.9999999601661268,3.5476513404123047,7.273807455576591,25,3.420775492998249,7.855918605455274,19.09208060725219,427.6446538859265,-7.771561172376095e-17,4.718447854656915e-17,0.9999999999691015,0.9999999999186423,0.6983368596990941,-0.011834420326925275,3.077208496034564,1.3617873776584037,8.881784197001253e-17,0.9999999585751744,3.929701978687684,-0.640527868101963,102,0.0009516675604451885,0.0008007123732149368,0.31839610785045735,2.320366121466577e-16,0.9999999616678525,1.6865013538619968,0.5945812919564014,0.03109782343317535,99.99999233357067,-2.5609526810952037,4.368837155775784
68.0,9.0,0.0,0.0,0.0,499.9999595674975,-1.4210854715202004e-17,0.9999999595674967,3.680458532509845,7.200627943611826,25,3.3866450748401307,7.197134373071118,13.758007435685284,420.0876295421313,-1.2212453270876723e-16,5.2735593669694933e-17,0.9999999999691024,0.9999999999186386,0.6983687955878635,-0.01183361137540539,3.077073078580957,1.361788607653762,3.552713678800501e-17,0.9999999569384216,3.840936391898114,-0.7540444414440202,100,-0.0013939358159877635,-0.0007198014050979923,0.29502411185603705,1.059929921609637e-14,0.9999999617752251,1.351704884010919,0.961332901389046,0.031209983037001728,99.9999923550452,-2.547758791930983,3.9897931727563187
69.0,0.0,1.0,2.0,0.2966417060184319,499.9999763565762,5.3290705182007515e-18,0.9999999763565759,3.7261835647870702,7.491323015579092,29,2.6445619264802276,1.353052779573971,2.4271056401026594,474.3604051354704,-8.881784197001253e-17,4.9960036108132046e-17,0.999999999966988,0.9999999999153573,0.7312471352847899,-0.012282277005920137,3.053571382383511,1.3478865462540448,-3.552713678800501e-17,0.9999999620049659,4.075182368260498,-0.8411624403710932,114,0.0012361656691673552,0.004079211154747273,0.04117167530498733,-3.3217872896784686e-15,0.9999999753294561,1.488280918033041,0.9571963631534768,0.03224804076630458,99.99999506589128,-2.686833739248468,3.9045027566105475
69.0,1.0,1.0,2.0,0.2966417060184319,499.99997640952586,-3.552713678800501e-18,0.9999999764095255,3.615846633546503,7.375763696982602,29,2.570731774428994,0.8772860222653714,1.6104235942894005,475.8250918181673,-1.1102230246251565e-16,-4.9960036108132046e-17,0.9999999999669873,0.999999999915361,0.7312775320327416,-0.012281958463065472,3.053567613398287,1.3478735742921322,7.105427357601002e-17,0.9999999559365462,3.858880172707196,-0.738682488153031,117,-0.002596467116994938,-0.0024328229530023323,0.417207420092673,2.842170943040401e-15,0.9999999765033746,1.2244714125160845,1.2165891683299423,0.032834072241712385,99.99999530067498,-2.6681422342700407,3.7839606014185643
69.0,2.0,1.0,2.0,0.2966417060184319,499.99997669517717,-1.2434497875801754e-17,0.9999999766951769,3.5953431039401917,7.180941419621297,29,2.7221509649465263,1.7492307033316503,3.917352321658757,467.81352622459906,0.0,-8.326672684688674e-18,0.9999999999669865,0.9999999999153523,0.7312494278153048,-0.01228269885034334,3.0535286810095754,1.3478842493132575,3.552713678800501e-17,0.9999999566468233,3.807018605095253,-0.8391911464809042,113,-0.000544574173303918,0.001240618981342932,0.30410357491276585,-4.6895820560166614e-15,0.9999999764568918,1.2722521934105555,1.013242998684018,0.032695576456519465,99.99999529137841,-2.6471908541499944,4.011832639087968
69.0,3.0,1.0,3.0,0.2966417060184319,499.9999789836206,-3.552713678800501e-18,0.9999999789836205,3.804739817720231,7.431802756665634,30,2.572065654121075,0.508424087159574,1.4141227612474974,475.23852112231964,-8.881784197001253e-17,8.604228440844963e-17,0.9999999999639996,0.9999999999087748,0.6908760119232467,-0.012198469577322171,3.04271907747335,1.3410461642308182,3.552713678800501e-17,0.999999954662551,3.8370018742336,-0.7240756314054326,118,-0.0025888397253069507,-0.0028432524261658354,0.5389078344304039,-1.3773426843499692e-14,0.9999999796280717,1.2734392078143546,1.268485186824534,0.03302733714134982,99.99999592561436,-2.691018633487235,3.8698272763356387
69.0,4.0,1.0,3.0,0.2966417060184319,499.9999792133865,-1.0658141036401503e-17,0.9999999792133863,3.820022204617813,7.439043772595606,30,2.6377566485271506,1.4864766290529312,2.2138701653779913,472.38502733163654,-1.3322676295501878e-16,7.216449660063518e-17,0.9999999999640017,0.9999999999087775,0.690895739966602,-0.012196398356597752,3.0428663429076543,1.3410593943108844,0.0,0.9999999525387939,4.063978800069173,-0.9084209892299884,119,0.003373514831668662,-0.0028588725124327574,0.6917495869313868,1.2243539515566226e-14,0.9999999794175083,1.3622174888988494,1.2805748120655864,0.03320635081641356,99.9999958835017,-2.698232920111093,3.770545074326658
69.0,5.0,1.0,3.0,0.2966417060184319,499.9999794279894,0.0,0.9999999794279892,3.9903737711733696,7.741859064564754,30,2.7584592324249213,2.5655052019187052,2.8881832278322106,463.81957135755744,1.887379141862766e-16,-1.7763568394002506e-16,0.9999999999640014,0.999999999908779,0.690902644955983,-0.012201048408380648,3.042774389305293,1.3410704966500422,7.105427357601002e-17,0.9999999604301405,3.8061344740377487,-0.8950505243390031,116,0.002895906346381181,0.0028165933496424717,0.37295628727022034,3.841371665203042e-15,0.9999999799127653,1.526800245132169,1.413481599792396,0.03300687852263012,99.99999598255309,-2.70019243257887,3.812830579248025
69.0,6.0,1.0,3.0,0.2966417060184319,499.9999791657588,3.552713678800501e-18,0.9999999791657587,3.690368764040533,7.480751679404484,30,2.5591975876889395,0.5617233116342367,1.3253946328078918,476.43619755879234,-5.551115123125783e-17,-1.0547118733938987e-16,0.9999999999639991,0.9999999999087757,0.6909193954185083,-0.012197433868663971,3.0428958333794847,1.3410585895365053,3.552713678800501e-17,0.9999999572645323,3.9497061049760047,-0.6791757237266004,118,0.0009601472269507618,-0.00018998413503433232,0.46930527925502474,1.3540280008328408e-14,0.9999999795716147,1.3274567018321417,1.118750368875019,0.032916486528720056,99.99999591432297,-2.669141780147637,3.7674186707427406
69.0,7.0,1.0,3.0,0.2966417060184319,499.99997960409496,0.0,0.9999999796040948,3.687533541369056,7.351745562164268,30,2.7506031859268143,1.8078164844108586,4.50321012796649,466.9174274527809,8.881784197001253e-17,7.216449660063518e-17,0.9999999999639996,0.9999999999087749,0.6908926917412992,-0.012197625045009729,3.042729555415122,1.3410670013418304,1.7763568394002506e-16,0.9999999558124235,3.9373402416167216,-0.7870264362337441,118,-0.0014698825038832303,-0.0005838427113509781,0.4982095167341001,-2.7977620220553944e-15,0.9999999793547619,1.537245872025986,1.32726129603353,0.03276681597500135,99.99999587095246,-2.6867554612131404,3.94217246322809
69.0,8.0,1.0,3.0,0.2966417060184319,499.99997939258867,3.552713678800501e-18,0.9999999793925884,3.6093792064918566,7.302490844341161,30,2.6690484248458395,1.826695725753488,3.388631236078897,464.9328485215979,-2.2204460492503132e-17,-1.4155343563970745e-16,0.9999999999639989,0.9999999999087759,0.69091102116254,-0.012198124742515136,3.042562003257158,1.3410718162381627,1.0658141036401502e-16,0.9999999585974784,4.093402866734809,-1.108410965959692,119,-8.652522119466376e-06,-5.9714236922850385e-06,0.25034306395558303,5.31574784190525e-15,0.9999999791199764,1.2976275016783174,1.2976275016783174,0.033070805235972375,99.99999582399532,-2.715820991825189,3.6987954388561923
69.0,9.0,1.0,3.0,0.2966417060184319,499.99997943555604,3.552713678800501e-18,0.9999999794355559,3.648628698999181,7.271156009885047,30,2.752853103661435,1.7328009718013826,5.532804196028954,462.87133537457976,1.2212453270876723e-16,8.326672684688674e-18,0.9999999999639995,0.9999999999087766,0.6909145705876153,-0.012197944323600168,3.042566135532983,1.341071783642357,-7.105427357601002e-17,0.9999999542329547,4.048926861757796,-0.801815684256169,116,0.0006810542306945328,0.0018567241927072064,0.1538785282373425,-2.218225603201063e-15,0.9999999794052642,1.356879555438633,1.1737103002351468,0.032997645678218904,99.99999588105287,-2.7039671855669227,3.816381809654257
70.0,0.0,1.0,3.0,0.101888168958526,499.9999767470308,-8.881784197001253e-19,0.9999999767470306,3.565363703041716,7.306600645166694,32,2.7319167488863254,1.2270564640519255,4.033163820343296,471.14527784245456,7.771561172376095e-17,-1.4710455076283324e-16,0.9999999999562089,0.9999999998890173,0.6909107440762698,-0.012195578834967172,3.0428088462692156,1.3410657461746456,0.0,0.9999999582430157,4.068135484340569,-0.8798344188360399,108,0.0006162123197033609,0.005811431018067585,0.0954397654321042,1.1443068714811488e-14,0.999999982498435,1.2887886795774046,0.8982290049419389,0.03296875281048557,99.99999649968703,-2.690091334751156,3.762179231512511
70.0,1.0,1.0,3.0,0.101888168958526,499.9999772347452,1.4210854715202004e-17,0.999999977234745,3.8064440221180336,7.328587162191492,32,2.8904413780094753,3.5687985680405196,6.098557376636279,460.5882012456975,2.2204460492503132e-17,-3.3306690738754695e-17,0.9999999999562104,0.9999999998890331,0.6909119771129216,-0.012198051809821522,3.042584147178614,1.3410645880888556,7.105427357601002e-17,0.9999999599015152,4.037881800486816,-0.8448234531788217,108,0.0015585566709126674,0.0010513943561785072,0.13671746056834877,7.258638134999273e-15,0.9999999827095764,1.4503349726239048,1.1155294804714049,0.03336630416185413,99.99999654191531,-2.72064815257945,3.776007594448682
70.0,2.0,1.0,3.0,0.101888168958526,499.9999773510941,7.105427357601002e-18,0.9999999773510939,3.7542247672199096,7.5865919728813465,32,2.834028166285166,1.7440290686906599,5.274705740008484,463.29265867796096,0.0,1.0269562977782698e-16,0.999999999956208,0.9999999998890384,0.6909067968157928,-0.012197068326896212,3.0426133277767797,1.3410756173823615,7.105427357601002e-17,0.9999999597885663,4.041999948623659,-0.9286446441104396,107,-0.0018458439805282727,0.0033257187786761132,0.2407300319634018,-8.486544800234696e-15,0.999999982162072,1.216353346896953,1.1690499635416132,0.0330967455738278,99.99999643241439,-2.7000869077569076,3.653453161342849
70.0,3.0,1.0,3.0,0.101888168958526,499.9999772092675,7.105427357601002e-18,0.9999999772092673,3.81380567385418,7.529836078889584,32,2.7620643926550983,2.3784397207183203,4.0042529478604845,462.07200852658497,6.661338147750939e-17,1.3322676295501878e-16,0.9999999999562093,0.9999999998890162,0.6909572325939382,-0.012196116152839928,3.0424758901420614,1.3410759875257319,0.0,0.9999999566604133,3.942390871332243,-0.7554884596100553,109,0.0011156346095340852,0.003886041841757286,0.3805143400265507,-2.4003021792395886e-15,0.9999999821478552,1.25080378970429,1.2219943096464223,0.03323710215427073,99.99999642957108,-2.703609200915735,3.7694117479752434
70.0,4.0,1.0,3.0,0.101888168958526,499.99997754639736,1.0658141036401503e-17,0.9999999775463971,3.6500393778173152,7.291863438668473,32,2.836097212455986,2.9186401036335683,7.263565055217342,458.7027865103041,-1.6653345369377348e-16,-4.163336342344337e-17,0.999999999956209,0.9999999998890249,0.6909422921598453,-0.012195473939928952,3.0423498674044254,1.3410810636224135,-3.552713678800501e-17,0.9999999606283888,3.949849124870249,-0.9812257233508114,108,-0.0008008258590139467,0.0009425244839979902,0.41703852284977216,-6.190603585309873e-15,0.9999999825673083,1.3497815689680286,1.1070516342967214,0.0331679635719232,99.9999965134617,-2.6758708381314364,3.7966363941252643
70.0,5.0,1.0,3.0,0.101888168958526,499.99997704580966,-1.7763568394002505e-18,0.9999999770458095,3.5242612109186573,7.291945422083405,32,2.648658938705614,1.2734717690724406,2.9857259822105604,471.92332486342804,-8.881784197001253e-17,1.3600232051658169e-16,0.9999999999562099,0.9999999998890314,0.6909130319692569,-0.012196043261601359,3.042690943755782,1.3410643946314953,7.105427357601002e-17,0.9999999567417883,3.8275101280136576,-1.0254506970876145,106,-0.001712417413766314,0.004268917686744238,0.3360758202231864,-2.6489921367556234e-15,0.9999999822593933,1.3869482410449283,1.024638845464003,0.03328623629110819,99.99999645187869,-2.6915121314670065,3.66616710833278
70.0,6.0,1.0,3.0,0.101888168958526,499.99997684112776,7.105427357601002e-18,0.9999999768411275,3.692156850926001,7.593819943474316,32,2.6541989249365785,1.0272689630452916,2.2713452652777426,472.03280144836657,0.0,9.992007221626409e-17,0.999999999956209,0.9999999998890406,0.6909649831755503,-0.012198843140097134,3.042734101379185,1.341048900747677,-7.105427357601002e-17,0.9999999588243186,3.963426381915998,-0.6058659042006586,109,-0.0005892339765587839,0.00042260985377347987,0.3492876895998478,9.769962616701378e-16,0.9999999826774717,1.3458663426809483,1.148784023152005,0.03323556665691302,99.9999965354944,-2.6780688849570478,3.7298740850110477
70.0,7.0,1.0,3.0,0.101888168958526,499.9999772965974,1.5987211554602253e-17,0.9999999772965972,3.922604185554162,7.694664823904914,32,2.8225662053659315,2.759632199471388,5.259150356286157,459.16730527761155,-2.6645352591003756e-16,1.1379786002407854e-16,0.9999999999562096,0.9999999998890347,0.6908892016189406,-0.01219957006387786,3.042637258155584,1.3410676115588067,0.0,0.9999999588132551,3.91256185949878,-0.8087475969337019,109,0.0007530080746707968,0.0015370516182756772,0.21470549380388348,-3.745892485085278e-15,0.9999999824369211,1.3247554644065738,0.9963902662550772,0.03297451587402334,99.99999648738427,-2.6392240895353245,3.6253097267793195
70.0,8.0,1.0,3.0,0.101888168958526,499.99997669239235,1.1546319456101627e-17,0.9999999766923922,3.7671592426062297,7.644483631157936,32,2.669438425263599,1.2853262329865696,2.8100343116859476,467.83533111392273,9.992007221626409e-17,-2.7755575615628915e-18,0.9999999999562076,0.9999999998890229,0.6908880447728841,-0.012197274185244422,3.0427965164849597,1.341060322848367,3.552713678800501e-17,0.9999999631789913,3.8437873500720663,-0.6601250164164542,107,0.0005558328149440505,-0.0030884534511102612,0.4289340084721829,9.878764473114643e-15,0.9999999831013948,1.3125275859422878,1.2330224858811,0.032810299663928504,99.99999662027896,-2.6513338724946287,3.712264729044526
70.0,9.0,1.0,3.0,0.101888168958526,499.99997701831603,1.0658141036401503e-17,0.9999999770183158,3.682158675843091,7.523720197554227,32,2.879906207629813,2.388370067659095,5.2046601041293785,463.1510979255238,-4.4408920985006264e-17,-1.6653345369377347e-17,0.9999999999562084,0.9999999998890392,0.6909124190037594,-0.01219831131187413,3.0426401808313757,1.3410742871585353,0.0,0.9999999576911952,3.904861140373008,-0.8099613582579032,109,0.0014139843465387802,-0.0006938433142094845,0.3593888068486706,2.1427304375265522e-15,0.9999999824162181,1.33746337013776,0.9649104635341976,0.03280684904433411,99.99999648324368,-2.6865823215983404,3.7708919764046285
71.0,0.0,1.0,2.0,0.2026975671868934,499.99997346830355,1.4210854715202004e-17,0.9999999734683032,3.76715230163036,7.5648182757530655,28,3.0162765371964015,4.172051334300322,7.487813967661228,454.7836026133282,1.2212453270876723e-16,-9.159339953157541e-17,0.9999999999587798,0.9999999998943189,0.7312298906664589,-0.012282079410531258,3.053496090058358,1.3478976406603551,1.7763568394002505e-17,0.9999999539601245,4.146734392384566,-0.6486411037473441,105,0.00040883653770824814,0.00028268601051536113,0.419763003523947,5.651035195342047e-15,0.9999999759442594,1.3754069524867298,1.0637003055922651,0.032832314105588865,99.99999518885191,-2.6488048739548327,3.770436380050231
71.0,1.0,1.0,2.0,0.2026975671868934,499.9999741818429,-3.552713678800501e-18,0.9999999741818425,3.62843438797648,7.754793674263299,28,2.8814683005894954,2.9995251366418882,7.155261960153043,454.82392401093074,3.3306690738754695e-17,-2.0539125955565397e-16,0.9999999999587793,0.9999999998943189,0.7311804539081663,-0.012281541178253882,3.053783435888645,1.3478656432863314,1.0658141036401502e-16,0.9999999615813265,3.900561325809027,-0.6371729800476084,105,-0.0009081975081000482,-0.0014712219136100726,0.491763447268589,-5.422329252269265e-15,0.9999999760980773,1.3238403834727357,1.1263818912682808,0.03283370017710153,99.99999521961554,-2.676950767633189,3.8157296560225777
71.0,2.0,1.0,3.0,0.2026975671868934,499.99997600370796,3.552713678800501e-18,0.9999999760037076,3.763665596752408,7.4227242058500735,29,2.6121713155306567,0.9181013962323025,1.5954741935507804,475.9325841833748,-7.771561172376095e-17,3.053113317719181e-17,0.9999999999528788,0.9999999998806021,0.6909288441115617,-0.012196151475134025,3.0427030639404125,1.34105891897743,1.0658141036401502e-16,0.9999999541865121,4.035639819248223,-0.6425111144932732,106,-0.00021926086323236781,0.0003219999087468928,0.33985183065983904,-2.9753977059954197e-16,0.9999999794712683,1.305807759686153,1.1706331334662068,0.03311911897687195,99.99999589425371,-2.655371765699302,3.6068711055884073
71.0,3.0,1.0,3.0,0.2026975671868934,499.9999766018168,-7.993605777301126e-18,0.9999999766018165,3.854933993470469,7.416956880658404,29,2.715970759472676,2.0070723698468784,3.444008718080172,470.0239752280119,-2.1094237467877973e-16,1.0269562977782698e-16,0.9999999999528791,0.9999999998805899,0.6909203338401783,-0.012198567118973373,3.0427068905785135,1.3410571609749988,0.0,0.9999999554862357,4.037196767321268,-0.7259826121837254,107,0.0011214901767022528,0.0027140224120095753,0.3033828552320621,-6.816769371198461e-16,0.9999999803408188,1.3733898189975724,1.119729779269912,0.032890887895062365,99.99999606816381,-2.6576544430904896,3.853227931372871
71.0,4.0,1.0,3.0,0.2026975671868934,499.9999760060699,-4.218847493575595e-18,0.9999999760060696,3.7821178445521095,7.465259329589989,29,2.5782185901140995,0.7668166852974796,1.7021106525202112,475.67894820540937,5.551115123125783e-17,-7.494005416219807e-17,0.9999999999528782,0.999999999880601,0.690956924268559,-0.012197418756566776,3.0429593237572905,1.3410732641089773,0.0,0.9999999550815044,4.141467193997569,-0.8622372452591424,107,-0.0006999004865967607,0.0007239719650312823,0.32750811410083713,-4.6807002718196596e-15,0.9999999800130265,1.5778310061839744,1.265248994572845,0.032680273497689254,99.99999600260533,-2.707327026215471,3.936586163186263
71.0,5.0,1.0,3.0,0.2026975671868934,499.99997619276485,-6.661338147750939e-18,0.9999999761927646,3.686421123015837,7.165145961053943,29,2.9034947656451857,3.4777280661599663,5.325009383352621,459.507128959097,1.1102230246251565e-16,-3.053113317719181e-17,0.9999999999528805,0.9999999998806003,0.6909141678018147,-0.012193928456819558,3.0426113853703285,1.3410562313252523,1.0658141036401502e-16,0.9999999556900818,3.965925432082831,-0.8069877694106758,107,-0.0011256218972732935,0.0014928107411787954,0.17402802259279326,1.2718714970105794e-14,0.9999999798278282,1.5921472346134538,1.2449055065158552,0.03270530269741958,99.99999596556566,-2.6468024358773157,4.041964615221896
71.0,6.0,1.0,3.0,0.2026975671868934,499.99997673738187,2.220446049250313e-18,0.9999999767373816,4.1423875664343415,8.107319531091573,29,2.9297900431468547,3.143150132137704,7.095241620028345,456.1918341553786,-1.1102230246251565e-16,-7.216449660063518e-17,0.99999999995288,0.9999999998806132,0.6909428520519141,-0.012199367422527495,3.0423329990395773,1.3410907562319476,3.552713678800501e-17,0.9999999654971033,3.9264148911701855,-0.6753976782765437,109,-0.0003650535702585389,-0.0013112682553938968,0.5216976999106713,7.964739978660872e-15,0.9999999799835902,1.2840981412359551,1.1685137633802218,0.03335116848547382,99.9999959967181,-2.699617509809525,3.7473961135504514
71.0,7.0,1.0,3.0,0.2026975671868934,499.99997619658683,-5.3290705182007515e-18,0.9999999761965865,3.5736986808792897,7.239761043525238,29,2.759676558824318,2.207507400635744,5.695361776906465,464.6523937662677,9.992007221626409e-17,-1.4988010832439614e-16,0.9999999999528787,0.999999999880601,0.6909280083951289,-0.012197097309370717,3.0428025687422533,1.3410611098337093,1.0658141036401502e-16,0.9999999585240564,3.943097296279761,-0.674149685416515,108,-0.0013295539266130897,0.0013442069810185586,0.26250690063564974,1.4095391520640987e-14,0.999999980207956,1.2990892830554597,1.045036169029241,0.032868480787232486,99.99999604159123,-2.6186544818687647,3.7873660227783077
71.0,8.0,1.0,3.0,0.2026975671868934,499.99997626701827,5.995204332975845e-18,0.999999976267018,3.830308212431703,7.414721703388697,29,2.7032622513930327,1.3970895022607084,3.3660755211633018,467.3512904153708,-1.1102230246251566e-17,3.608224830031759e-17,0.9999999999528787,0.9999999998806047,0.6908765032350657,-0.012197053674192618,3.0423089173472895,1.3410900471106444,5.329070518200751e-17,0.999999956556752,4.012814882154552,-0.7978258249116236,106,-0.00040772772319634833,-0.0011221133409880402,0.29478359574078183,6.323830348264892e-15,0.999999979432405,1.406512364084809,1.2998425188746012,0.03294329178618353,99.99999588648103,-2.6369233931288325,3.9730353498418243
71.0,9.0,1.0,3.0,0.2026975671868934,499.9999763068171,-1.609823385706477e-17,0.9999999763068168,3.7428334021893535,7.223401635016893,29,2.646732588541826,0.9933791005943619,2.4613520270726785,471.62398453027566,0.0,-1.582067810090848e-16,0.99999999995288,0.9999999998805951,0.6909560928544377,-0.012195172229656635,3.042175185142398,1.3410627428855164,0.0,0.9999999607150135,3.986166887153673,-0.9312899235873728,111,0.00450281287915981,-0.00670255082918956,0.5081868847169915,7.649436639667329e-15,0.9999999800094591,1.41449474667888,1.3080690780751074,0.03275759587905052,99.99999600189184,-2.6695148707930834,3.917712882943687
72.0,0.0,0.0,0.0,0.0,499.9999641792013,3.552713678800501e-18,0.9999999641792007,3.566922213898762,7.528998234090437,24,2.8145606195137467,2.991425479987336,5.002853575286418,461.77788330125384,3.4416913763379854e-16,1.9706458687096528e-16,0.9999999999677598,0.9999999999150943,0.6983490829227718,-0.011834855001591257,3.07692647681259,1.3618053692107979,7.105427357601002e-17,0.9999999627552638,3.8754559089088856,-0.9600217963910196,102,-0.0006519767605344406,-0.0018741473243523343,0.40253210181741395,-7.245315458703772e-15,0.9999999622414791,1.3486034315547766,1.121451610636803,0.03139039674435171,99.99999244829598,-2.5496800091251606,4.151769622251313
72.0,1.0,0.0,0.0,0.0,499.9999649926428,0.0,0.9999999649926421,3.685731644021521,7.509438085660658,24,3.0538613145917655,8.333750032462113,10.608394904299804,450.9266092503924,-1.7763568394002506e-16,1.1379786002407854e-16,0.9999999999677605,0.9999999999151018,0.6984093084623801,-0.011832209659869032,3.076558485737546,1.36179436085516,1.7763568394002505e-17,0.9999999638640147,3.8462568038294247,-0.7048588194089693,102,0.002018887645474532,-0.0010412220760853933,0.4004120987080171,-2.4991120284312273e-14,0.9999999630715452,1.3833761817179058,1.074139810492776,0.031784253736092886,99.99999261430915,-2.610985802529001,3.961982845433473
72.0,2.0,0.0,0.0,0.0,499.9999650594623,1.4210854715202004e-17,0.9999999650594616,3.7036638000578592,7.263081848444844,24,2.917345077714563,2.774874542816086,8.11776908239336,454.30275545092115,1.554312234475219e-16,-2.3869795029440865e-16,0.9999999999677597,0.9999999999151031,0.6983698853046402,-0.011833022551394911,3.0770077359113754,1.36180335121358,-1.7763568394002505e-17,0.9999999564517105,3.953206108805557,-0.7905289320080572,102,0.001347430728388761,0.0017028692356544867,0.41472730780902367,1.0100809078039675e-14,0.9999999645111106,1.4901485080904702,0.8168501354021678,0.030555531937850277,99.99999290222223,-2.548575705108846,4.277497526449571
72.0,3.0,0.0,0.0,0.0,499.9999645734489,1.7763568394002505e-17,0.9999999645734483,4.369205986996355,8.192808134291461,24,3.0986389290418,4.346769383013654,10.268336460184615,451.54986033654654,8.881784197001253e-17,0.0,0.99999999996776,0.9999999999151014,0.6983535601176805,-0.011833855992011779,3.076443052470343,1.3617921058878002,-1.0658141036401502e-16,0.9999999588607925,4.039362931995461,-0.7237040453751296,101,0.00028230364005222164,0.0004690782330817639,0.47646377967340925,-2.8945734698027084e-14,0.9999999623310913,1.223446725651362,1.1203008244328871,0.03177255063369716,99.99999246621839,-2.5803610672981527,3.8538089734801746
72.0,4.0,0.0,0.0,0.0,499.999965275703,-1.0658141036401503e-17,0.9999999652757025,3.906260094107112,7.781051155868871,24,3.0507725685286617,5.993545164178386,8.340367555084821,448.67221150489775,-1.3322676295501878e-16,8.049116928532385e-17,0.999999999967759,0.9999999999151002,0.6983540179788494,-0.011833305847249002,3.0766831825223555,1.3618097273116034,0.0,0.9999999567386829,4.395482642612675,-0.9943203241771236,101,-0.004073468370297047,-0.003950705989257865,0.5129429613294256,2.1899149160731213e-14,0.9999999629499158,1.45928101685564,0.6315028195121813,0.031213527463024693,99.99999258998332,-2.564342059715238,4.0992681381806815
72.0,5.0,0.0,0.0,0.0,499.9999655509309,1.4210854715202004e-17,0.9999999655509303,3.6067918018274696,7.480068415973362,24,3.101210734654151,6.264346312935109,9.385493193512444,449.1084721328679,-7.771561172376095e-17,-1.554312234475219e-16,0.9999999999677607,0.9999999999151081,0.698366780875382,-0.01183455609993368,3.0769382363588207,1.3617924917209507,-5.329070518200751e-17,0.9999999545064363,3.898963669178744,-0.6970518531323773,101,-0.0022063495041386274,-0.0007081930882607623,0.449603032191888,1.9984014443252818e-15,0.9999999650824651,1.6842194930523684,1.058012062868709,0.03061831105607021,99.99999301649315,-2.481602978138668,4.538213771788092
72.0,6.0,0.0,0.0,0.0,499.99996437883266,-7.105427357601002e-18,0.999999964378832,3.741846247537904,7.629152823759208,24,2.7532155531984404,2.2801463699826545,4.545351609054452,469.60467458304106,7.771561172376095e-17,-3.053113317719181e-17,0.9999999999677588,0.9999999999151009,0.6983320823886443,-0.01183472745616682,3.077074037539243,1.3618006818783823,5.329070518200751e-17,0.9999999617904404,3.996690931631961,-0.7497854171771396,103,9.118672717536302e-05,-0.0026985942300346275,0.39784948545524657,-2.268185639309195e-14,0.9999999620151864,1.2875723555310072,1.0415207449650723,0.0314607357742116,99.99999240303741,-2.6422401464998466,3.9243066963247686
72.0,7.0,0.0,0.0,0.0,499.9999663166891,1.0658141036401503e-17,0.9999999663166885,3.707857018075449,7.28186956811513,24,3.3352137797642913,6.475404566832554,14.470376461360981,436.07011880245204,4.2188474935755947e-16,-8.604228440844963e-17,0.999999999967758,0.9999999999150988,0.698274745863179,-0.011833432562917096,3.0772280577305158,1.3618058547152585,3.552713678800501e-17,0.9999999547030164,3.932985438656517,-0.8055222173452937,103,0.0009047657791316155,-0.0007268942977220119,0.4130788731129371,-1.4461210007254976e-14,0.9999999643223524,1.6664494320353933,0.3100630603664611,0.031058581505484243,99.99999286447061,-2.5658028567789843,4.134777110945675
72.0,8.0,0.0,0.0,0.0,499.99996391305825,-3.552713678800501e-18,0.9999999639130576,3.654347805065163,7.213475036814553,24,2.7540523156306973,1.8365457345010638,3.566869367551191,469.63419652637333,-1.9984014443252818e-16,-8.604228440844963e-17,0.9999999999677606,0.9999999999151045,0.6983709396854771,-0.011836335788572213,3.0767425089619973,1.3617850944848184,-5.329070518200751e-17,0.9999999577673665,3.905429172211426,-0.6652418329364617,102,0.0003085552681433557,-0.004108664130323665,0.38771100220766286,-6.8034466949029594e-15,0.9999999633196961,1.5909083125554595,0.922265019493526,0.03092979313890205,99.99999266393938,-2.572890988075221,4.523000669951795
72.0,9.0,0.0,0.0,0.0,499.99996419931665,1.0658141036401503e-17,0.999999964199316,3.4922838746761364,7.003354300244602,24,2.951180386190444,3.72911430770231,8.015904129575567,453.12612420877883,-3.3306690738754695e-17,8.326672684688674e-17,0.9999999999677586,0.9999999999150979,0.698355793023242,-0.011835170116029765,3.077080525871905,1.3617893225408402,-3.552713678800501e-17,0.999999966231083,4.093737218206581,-0.7501191978808458,102,0.0004307932423313732,0.0005475780440579115,0.38794313850421247,2.7713387140693158e-14,0.9999999638746645,1.5771850581554043,1.155091662593254,0.031178487088083223,99.99999277493302,-2.5837728054192874,4.641079297059955
73.0,0.0,1.0,2.0,0.3778005956940556,499.9999775595776,0.0,0.9999999775595774,3.736481413114397,7.496410766020225,28,2.7535861663826964,2.385887776594939,3.387543547405575,470.2005535536225,6.661338147750939e-17,9.71445146547012e-17,0.9999999999506357,0.9999999998734214,0.7311288814518605,-0.012283382123012016,3.0536870381871517,1.347849240076507,-2.6645352591003756e-17,0.9999999596881114,4.107552410682868,-0.9739876216520698,99,-0.0043241984813122206,-0.0007021941031566447,0.4971675171477976,-2.0028423364237823e-15,0.9999999783456585,1.3845752688723183,1.0126710024236014,0.032813823781679255,99.99999566913175,-2.691242707689044,3.8185607076207466
73.0,1.0,1.0,2.0,0.3778005956940556,499.9999776245179,-7.105427357601002e-18,0.9999999776245176,3.5314783311619355,7.314840826567371,28,2.65461450503958,1.413917387201003,2.54558357538064,473.41198356512666,-1.1102230246251566e-17,-1.4710455076283324e-16,0.9999999999506376,0.9999999998734393,0.7313097363296139,-0.012282865967799131,3.053121698725971,1.3478762668885653,8.881784197001253e-18,0.999999955520953,3.963531714101456,-0.8023938239584323,100,-0.0029343359657808456,-0.0009652313228661175,0.6048303969226936,-7.431832926840798e-15,0.9999999791488321,1.5344256288784823,1.5344256288784823,0.03296765080833265,99.99999582976648,-2.6749119092554245,3.961475703869015
73.0,2.0,1.0,2.0,0.3778005956940556,499.99997694824106,-1.0658141036401503e-17,0.9999999769482408,3.73097474181522,7.2845026222321145,28,2.5812908852262924,0.6587694783650165,1.685228891103788,478.69687723852985,2.220446049250313e-16,1.0547118733938987e-16,0.9999999999506337,0.9999999998734272,0.7312898264495962,-0.012281031124343183,3.053629056112015,1.3478881797935638,4.4408920985006264e-17,0.9999999610835945,3.910266717435362,-0.8926358680211718,100,-0.0040488773251061635,0.000720145494793658,0.31643397710844745,1.5432100042289676e-15,0.999999978387913,1.2270341738302075,1.2270341738302075,0.032988399989153365,99.99999567758262,-2.700055771563184,3.6819590441124506
73.0,3.0,1.0,3.0,0.3778005956940556,499.9999802622784,-3.552713678800501e-18,0.9999999802622782,3.427368735814668,7.17489637541156,30,2.6277049721334444,1.3597799779525541,2.7293721707608984,467.7503667028516,-3.3306690738754695e-17,-7.494005416219807e-17,0.9999999999463882,0.9999999998641236,0.690890509025988,-0.012199864688138237,3.0425116031884896,1.3410584631644222,0.0,0.9999999533750187,3.9640071304236457,-0.8336937828123973,104,-0.0017008332910825486,0.0009757400293422824,0.29181326973419885,1.4455103780619538e-15,0.9999999816266871,1.4071174192322553,1.4071174192322553,0.03297117757924136,99.9999963253375,-2.644626472136193,3.918411100554928
73.0,4.0,1.0,3.0,0.3778005956940556,499.99997997720396,-1.2434497875801754e-17,0.9999999799772038,4.091369285806042,7.948670627305535,29,2.6666525682224,1.1955301875882351,3.313161905101419,469.2031159470713,6.661338147750939e-17,-1.0824674490095276e-16,0.9999999999463866,0.9999999998641506,0.6908608239322912,-0.01219646821481517,3.042749263904941,1.341054420626088,-3.552713678800501e-17,0.9999999584890336,4.060432299860836,-0.6392641202816702,103,0.0022936543530117314,0.0019873085939762095,0.3331977747625814,7.924771949774367e-15,0.9999999814317218,1.5058555752592016,1.2207605125731824,0.03311046771272828,99.99999628634437,-2.676777169628478,3.927659497334363
73.0,5.0,1.0,3.0,0.3778005956940556,499.99997982938226,-1.7763568394002505e-17,0.999999979829382,3.822196155467448,7.828497309951416,29,2.6494237413069115,1.381568190043408,2.0896709317850775,471.4410203274442,-6.661338147750939e-17,-6.938893903907228e-17,0.9999999999463896,0.9999999998641568,0.6908936951045801,-0.012192739055945282,3.0425491429561187,1.341057733125607,3.552713678800501e-17,0.999999957661821,4.014206400763581,-0.7919185036227364,103,0.001633598397797421,0.004079920476318401,0.1676874932761656,9.281464485866308e-16,0.9999999816238608,1.3519374782796625,1.2035286805459529,0.03293762034822658,99.9999963247722,-2.648023864192788,3.760055815018821
73.0,6.0,1.0,3.0,0.3778005956940556,499.9999799853566,-7.105427357601002e-18,0.9999999799853564,3.641814911250529,7.417344328560586,30,2.616990600551458,0.9200613878188973,2.5431002810258403,471.57662268982756,1.1102230246251565e-16,1.9428902930940238e-17,0.9999999999463846,0.9999999998641351,0.6908962601831983,-0.012196859843015224,3.0426191407849417,1.3410711613483368,8.881784197001253e-17,0.9999999564631565,4.002274598334628,-0.9067096008178428,104,-0.0004154583663244371,0.0032672140892967398,0.3505374823993712,-4.2543746303636e-15,0.999999981912354,1.3834620239798352,1.3834620239798352,0.033130178794545356,99.99999638247084,-2.688299659916578,3.6453339729714873
73.0,7.0,1.0,3.0,0.3778005956940556,499.9999800475023,0.0,0.9999999800475021,3.863747117028471,7.5648237818494835,30,2.6548768149683486,1.2539291730434061,3.251149230832664,467.7415433610647,-8.881784197001253e-17,1.4710455076283324e-16,0.9999999999463832,0.9999999998641582,0.6908236649126221,-0.012197208197645821,3.0429383131825753,1.3410598200517443,1.7763568394002505e-17,0.9999999534761254,3.901841359711036,-0.6370656384564112,103,0.0010258189744809943,-0.0014387319091276744,0.5324665703210272,-8.422151864806437e-15,0.9999999815005451,1.2798825604208437,1.2798825604208437,0.033140169008557964,99.99999630010907,-2.706977973932769,3.6350928154855926
73.0,8.0,1.0,3.0,0.3778005956940556,499.9999800114263,-5.3290705182007515e-18,0.9999999800114261,3.83656356063284,7.6827543962016716,30,2.6432645072695005,1.7327026034969204,2.0790442303924714,472.0633401960536,1.3322676295501878e-16,-1.1102230246251566e-17,0.9999999999463869,0.9999999998641496,0.6908807139434039,-0.012197404986798884,3.0431574538237363,1.3410585369611396,5.329070518200751e-17,0.9999999621829172,4.019607725285487,-0.9313230246531192,102,-0.0034815531234769236,0.0013621188010953566,0.3247494026729356,-1.2821965711395932e-14,0.9999999817440519,1.3499644494063936,0.9201302142485924,0.03318087908734073,99.99999634881043,-2.6566555680665545,3.7911371138995413
73.0,9.0,1.0,3.0,0.3778005956940556,499.99997996743707,-1.4210854715202004e-17,0.9999999799674368,3.651556996172431,7.457663046475453,30,2.5601348570755427,0.7343055266965975,1.332942965488747,474.51452454587,2.331468351712829e-16,1.4432899320127036e-16,0.999999999946386,0.9999999998641574,0.6909399417289311,-0.0121969417986534,3.04273557986042,1.3410675085052521,-1.7763568394002505e-17,0.9999999581512885,3.962088132503115,-0.8906664812704542,104,-0.00038952606711793345,-0.00042784105634010417,0.4635028032869286,7.704947790898587e-16,0.999999981565708,1.3114100429245492,1.1444867592897925,0.03316853870118534,99.99999631314166,-2.6914324913309096,3.7623585902316714
74.0,0.0,0.0,0.0,0.0,499.99996625887445,3.552713678800501e-18,0.9999999662588739,4.188393375892044,8.014763675149181,23,3.1846673833946477,7.9632138852936265,10.693848758379918,438.72878128868757,3.3306690738754695e-17,-1.7486012637846215e-16,0.9999999999633525,0.9999999999034977,0.698318515770018,-0.011833754949782749,3.0769298348193073,1.3617917853882315,1.7763568394002505e-17,0.9999999570790247,4.167345810832397,-1.0520723892451034,101,0.0003553561030651076,-0.008780423364385276,0.6576317221849806,-3.22653015416563e-14,0.9999999571854331,1.9324646798997036,1.0172226036938108,0.03067659289056829,99.9999914370868,-2.506362614253935,4.4786981621393265
74.0,1.0,0.0,0.0,0.0,499.9999645518086,1.0658141036401503e-17,0.999999964551808,3.481662784222604,7.125208641859121,23,3.0301995920844225,4.062886363412569,8.60665334831035,448.7853388044053,8.881784197001253e-17,-3.8857805861880476e-17,0.9999999999633538,0.9999999999034972,0.6983923111617176,-0.011833776529634741,3.076930599752052,1.3618036406380927,-8.881784197001253e-17,0.9999999553838568,4.094016764077302,-0.7352538240815044,104,0.0013515977574641558,0.0008310683739477511,0.43377929819497396,1.4228618283596006e-14,0.9999999554562652,1.6173348840272197,1.178517456217156,0.03012797426026131,99.99999109125322,-2.428483955873035,4.16950146691178
74.0,2.0,0.0,0.0,0.0,499.9999654160695,-3.552713678800501e-18,0.9999999654160688,4.211831775647211,7.836755885783196,23,3.2273712169674975,7.789472170846598,12.799033846604868,444.5001192689938,-3.3306690738754695e-17,1.1102230246251565e-16,0.9999999999633538,0.9999999999035046,0.6983145195557082,-0.011833947847896053,3.07682890031925,1.3617766296350204,1.5987211554602254e-16,0.9999999572838868,3.899715521105774,-0.7159154747274596,101,-0.00025823959244211767,0.0010893897844691572,0.40319743007016484,-3.907985046680551e-15,0.9999999543536189,1.7925121878791923,0.8891511755754253,0.031395073473913855,99.99999087072399,-2.600023737263579,4.4857786176236125
74.0,3.0,0.0,0.0,0.0,499.99996459080205,0.0,0.9999999645908014,4.087252038069259,7.995812987700617,23,2.7325792102404023,1.3871048619513058,4.709798351083859,470.95940593601955,1.6653345369377348e-16,6.38378239159465e-17,0.9999999999633526,0.9999999999035089,0.6983293281674524,-0.011831564163047613,3.0765464884853997,1.3617860247486777,8.881784197001253e-17,0.9999999562029129,3.878245979378486,-0.5869251990969799,104,-0.0007356342993128218,0.001183338954523294,0.3312941034986885,2.543854016323621e-14,0.9999999547051477,1.3634305482908595,0.8574405985714774,0.030733817568535136,99.99999094102975,-2.5446354424154194,4.03729114002385
74.0,4.0,0.0,0.0,0.0,499.9999649681025,3.552713678800501e-18,0.9999999649681018,3.583827497530825,7.456044352464134,23,3.082764352601893,4.73882873007813,11.764892105106522,449.1832500879,-2.2204460492503132e-17,8.604228440844963e-17,0.9999999999633546,0.9999999999035031,0.6983306421633835,-0.011830919896905635,3.0767592601125173,1.3617924722069046,3.552713678800501e-17,0.9999999523680595,4.031340560501858,-0.6641668250236128,101,0.0002900336300791628,0.0014766514519581125,0.2738459978469159,-5.2134963013372723e-14,0.9999999563086911,1.3430286997479777,0.993241184318316,0.03126697853518169,99.99999126173843,-2.4600256097649815,3.977519586110523
74.0,5.0,0.0,0.0,0.0,499.9999659736766,7.105427357601002e-18,0.999999965973676,3.612859280196929,7.198686363375014,23,3.217842909385965,6.061500303978886,12.250751786035073,438.26724307229296,5.551115123125783e-17,6.106226635438361e-17,0.9999999999633535,0.9999999999034997,0.6982266124742778,-0.011832197979058432,3.076766145947436,1.3617828446590603,-5.329070518200751e-17,0.999999958536252,4.039103470742933,-0.6976397916273082,102,-0.0006881560340599213,0.0031944744227614947,0.3176037935004494,-9.348077867343818e-16,0.9999999567342825,1.3506972158324673,0.7893245023181201,0.03077782720674561,99.9999913468567,-2.5081252978200776,4.109153853914762
74.0,6.0,0.0,0.0,0.0,499.9999642226255,1.4210854715202004e-17,0.9999999642226249,3.835993483321987,7.663609970955955,23,2.7272986982156797,1.4991215758950798,3.2795867480775334,469.7417886633745,-4.4408920985006264e-17,-3.8857805861880476e-17,0.9999999999633529,0.9999999999034968,0.6983371242492866,-0.011833226430560362,3.0767284637860253,1.3617876560216957,7.105427357601002e-17,0.9999999575048418,3.884348851264123,-0.6319275269010146,101,0.0005435075696369141,0.0033436062933545896,0.24853482931931836,7.280842595491776e-15,0.9999999571338104,1.4379146096148012,1.0237005823352054,0.031020493046112093,99.99999142676226,-2.5254814833304415,4.162843313187621
74.0,7.0,0.0,0.0,0.0,499.9999645988319,-1.4210854715202004e-17,0.9999999645988313,3.716115752523117,7.403151849235517,23,2.7844101400424583,1.856078216230964,5.590032987652959,468.2121387286594,1.1102230246251566e-17,-2.7755575615628915e-18,0.9999999999633529,0.9999999999034948,0.6983936483244456,-0.011834668203065538,3.0769801030707167,1.3617942173039717,1.2434497875801754e-16,0.9999999575979187,3.879913455013979,-0.9137969241396152,102,-0.0019005358822990637,-0.004342787825571449,0.5714592130379188,1.9044765764419934e-14,0.9999999553006594,1.758808967648526,0.8952637834494834,0.031155047984922517,99.99999106013207,-2.645596196064629,4.656566748258894
74.0,8.0,0.0,0.0,0.0,499.9999647900795,7.105427357601002e-18,0.9999999647900789,3.828725973651748,7.497284506556914,23,2.8907718912181437,2.940952394896039,6.66466687973946,462.73954781366547,3.3306690738754695e-17,5.551115123125783e-18,0.9999999999633525,0.9999999999035009,0.6983310802757579,-0.011834351997375979,3.0768333371075967,1.3617869480816727,-1.9539925233402755e-16,0.999999957780675,3.8663251009202138,-0.8322449077490562,101,-0.0026827781330545975,0.002944930069353071,0.06221274177702796,1.700639629120815e-14,0.9999999579796495,1.5183209585399924,0.5542581216404053,0.03131395917848102,99.99999159593008,-2.6145743880338714,4.1190598003344245
74.0,9.0,0.0,0.0,0.0,499.9999653889836,7.105427357601002e-18,0.999999965388983,3.9056728796813145,7.840453026190359,23,2.8469191116568346,3.2916542288554957,5.364567126495341,461.67260908155737,7.771561172376095e-17,9.71445146547012e-17,0.9999999999633534,0.9999999999034969,0.6983536157535076,-0.011833827269813146,3.0771678331047494,1.3617978327951197,-8.881784197001253e-17,0.9999999584668154,3.955989104538253,-0.6981620760255969,102,-0.0005181582397945439,-0.001144622274330881,0.4036142364889628,4.259925745486725e-15,0.9999999569974624,1.3997237678169363,0.922875993435537,0.030917048976283223,99.99999139949269,-2.506374076218793,3.9176531826397873
75.0,0.0,1.0,1.0,0.1270165298378831,499.9999736572882,0.0,0.9999999736572879,3.712173905675789,7.257094724685755,25,2.826787713015295,2.854088061041751,5.937040135720791,461.7451550305221,-2.1094237467877973e-16,-4.163336342344337e-17,0.9999999999602599,0.9999999998967791,0.627683936345153,-0.01218296402098632,3.064301280351282,1.3548062183944969,0.0,0.999999958873951,4.00814211613467,-0.7036074050436878,103,-0.0001551745937161919,-0.0009580185837301564,0.3740213202914582,-2.0294876890147863e-15,0.9999999741701808,1.4234857119951718,1.3242584723242232,0.032009091948343116,99.99999483403624,-2.627864651733975,4.037599948361609
75.0,1.0,1.0,2.0,0.1270165298378831,499.9999776344862,1.0658141036401503e-17,0.9999999776344859,3.6255311092927447,7.437643433816985,26,2.8299516751173224,2.334179693246662,5.373324780110399,467.9324780484071,7.771561172376095e-17,-2.2204460492503132e-17,0.9999999999550107,0.9999999998846467,0.7312839335555387,-0.012280639196308098,3.0538133119053894,1.3478841489875204,-3.552713678800501e-17,0.9999999592134232,3.912500623575129,-0.9178033807170048,106,0.000433501854182598,0.0027171108523591702,0.16543413437182508,-2.2515322939398176e-15,0.9999999775820743,1.2612070748175153,1.1743639878646213,0.032872041553133544,99.99999551641488,-2.645310216222062,3.6283352476275557
75.0,2.0,1.0,2.0,0.1270165298378831,499.99997773530345,8.881784197001253e-18,0.9999999777353032,3.577270767611404,7.3189658128357555,26,2.835989923729301,2.659232407095935,4.599267387223405,464.3585758476586,-1.554312234475219e-16,-3.053113317719181e-17,0.9999999999550109,0.999999999884663,0.7312094053869213,-0.012279415212762455,3.053585219058233,1.3478693333624991,-1.7763568394002505e-17,0.9999999584033428,3.839155135881093,-0.8522171843455691,105,-0.004245679431511907,-0.002842013906251417,0.5700355512686031,-7.79154518681935e-15,0.9999999783896389,1.2097181523039813,1.0638147709859482,0.032675620732932106,99.99999567792786,-2.64561629092093,3.6118799686763516
75.0,3.0,1.0,2.0,0.1270165298378831,499.99997757130257,-7.105427357601002e-18,0.9999999775713023,3.6345329803172377,7.500388802509386,26,2.5527879172006394,0.6616515569605514,1.2332036074948693,478.63406152041773,-5.551115123125783e-17,-1.6653345369377347e-17,0.9999999999550103,0.9999999998846578,0.7312874411026424,-0.012279947238321752,3.054032601786484,1.347878200617386,1.7763568394002506e-16,0.9999999580288277,3.940760988501894,-0.6137873926087879,105,-0.0025312986663187332,0.0014527975665436068,0.38086144053744775,7.17204073907851e-15,0.9999999780299602,1.36511839130847,1.0458963028629384,0.03269178941295338,99.9999956059921,-2.686464680477212,3.6401693629117724
75.0,4.0,1.0,2.0,0.1270165298378831,499.9999775562379,-5.3290705182007515e-18,0.9999999775562377,3.675736798564838,7.675510262931217,26,2.6201773069853123,0.7082784454159899,1.959254690248096,478.8237233878701,-3.3306690738754695e-17,6.106226635438361e-17,0.9999999999550111,0.9999999998846505,0.7311831093888735,-0.0122814110126336,3.053505436974035,1.3478772100247398,-1.7763568394002505e-17,0.9999999559150348,4.1327429217751375,-0.7841814672760536,106,-0.0002533961494403303,-0.001859958926049096,0.4181943728905786,3.657074643115265e-15,0.9999999776576239,1.4223700281081384,1.0880761363153473,0.03286157653397943,99.99999553152485,-2.6933025592955184,3.81957238087973
75.0,5.0,1.0,2.0,0.1270165298378831,499.9999776487558,0.0,0.9999999776487556,3.691746143786904,7.237817847277172,25,2.6938023637806374,1.309441877810303,3.8738244987756723,471.1813114943278,3.3306690738754695e-17,-5.551115123125783e-17,0.9999999999550134,0.9999999998846639,0.731308049671156,-0.012279303826111197,3.0534255769546004,1.3478696148484341,-1.7763568394002505e-17,0.999999956109356,3.9475928073969664,-0.9109789355593768,104,-0.001947135719027534,-0.0019444971242833843,0.5411139618621412,-8.167910792167276e-15,0.9999999779300519,1.3103902164123766,0.9786136199039436,0.03247724285885087,99.99999558601041,-2.649861924970622,3.852746572075259
75.0,6.0,1.0,2.0,0.1270165298378831,499.9999776593502,-5.3290705182007515e-18,0.9999999776593499,3.6594808641101393,7.476058190766981,26,2.7547650511008612,1.46790380099352,3.914647763125934,470.20013249648207,4.4408920985006264e-17,-1.582067810090848e-16,0.9999999999550099,0.9999999998846473,0.7312083391057822,-0.012282482037751816,3.053490787235308,1.3478874560862457,1.0658141036401502e-16,0.9999999554713936,3.880208275734289,-0.9167128131292398,109,0.0006352109850603871,0.0001188086595726584,0.3945873178103163,9.101608355877034e-15,0.9999999782352903,1.2724956483571894,1.1331083835384963,0.03276166351954761,99.99999564705811,-2.677926346183929,3.7187354338801857
75.0,7.0,1.0,2.0,0.1270165298378831,499.99997792605245,-1.9539925233402754e-17,0.9999999779260522,3.568975076724831,7.41368942247103,26,2.8155166178594824,3.552872846382623,4.552795654000977,464.9521892179293,-1.6653345369377348e-16,8.326672684688674e-18,0.9999999999550091,0.9999999998846414,0.7312583828678164,-0.012281818553308234,3.05369160221085,1.347874879719186,0.0,0.9999999589266437,4.035887749421416,-0.9784080785874342,106,-0.0016623653616209399,-0.002123600446158037,0.5231692580127536,1.7789103523568882e-14,0.9999999783785345,1.3848207009267806,0.9860162884267202,0.032687760057360654,99.99999567570694,-2.6740153038000978,3.794159289326701
75.0,8.0,1.0,2.0,0.1270165298378831,499.9999780235229,-1.509903313490213e-17,0.9999999780235226,3.817733115909576,7.513395095447777,26,2.802264913040709,3.1234107979391763,6.110379180696257,461.5216636275404,-1.7763568394002506e-16,4.4408920985006264e-17,0.9999999999550091,0.9999999998846502,0.7312019742751346,-0.01228242430714925,3.053818998258276,1.3478924836620851,-5.329070518200751e-17,0.9999999578444622,3.981304619038747,-0.7808169227135681,107,-0.0005223580845905395,-0.0005468432922071675,0.2483870909917485,1.9628743075372767e-15,0.9999999785282897,1.4885791454273942,0.8630666608463279,0.032694393608992706,99.99999570565798,-2.660044322336743,4.05517743729089
75.0,9.0,1.0,2.0,0.1270165298378831,499.99997737515577,0.0,0.9999999773751556,3.835358051231661,7.659441718977517,26,2.703266858727611,1.775986227783073,4.094441758453589,471.6517602893302,4.4408920985006264e-17,-1.6653345369377347e-17,0.9999999999550102,0.9999999998846609,0.7312859676234452,-0.012284552040565149,3.053911874009962,1.347898077558162,7.105427357601002e-17,0.9999999506504229,3.907278476106792,-0.7532991890210315,107,-0.002067949192944811,-0.00199385251248043,0.30866487175941515,4.463096558993129e-16,0.9999999780636953,1.2431208264950455,1.2431208264950455,0.0324563869870512,99.99999561273914,-2.6115088999996123,3.5698351989030814
76.0,0.0,1.0,2.0,0.2996331747439645,499.99997264854744,3.552713678800501e-18,0.9999999726485471,3.902133651323039,7.54174270620293,33,2.9702794348170567,2.690312270333818,7.611109247420962,458.12943085358205,-1.1102230246251565e-16,5.2735593669694933e-17,0.9999999999562146,0.9999999998877346,0.7312611597538405,-0.012282090312580474,3.0530541353644067,1.3478875013918157,-8.881784197001253e-17,0.9999999541389847,3.949508194694737,-0.6025754985070552,102,-0.0003029586239740234,0.002078260133586024,0.284624008963835,9.374723219934822e-15,0.9999999833037685,1.2881217539959355,1.0420386545494071,0.03277065832361158,99.99999666075375,-2.657298706601921,3.8396270177639487
76.0,1.0,1.0,2.0,0.2996331747439645,499.9999714125835,0.0,0.999999971412583,3.615474518559744,7.295774126428064,33,2.6441101869487733,1.4056424506791316,2.564937835326051,474.3104169167898,5.551115123125783e-17,8.049116928532385e-17,0.9999999999562107,0.9999999998877296,0.7312506079288197,-0.012281361726618287,3.0534200584577227,1.3478885109573209,5.329070518200751e-17,0.9999999589176435,3.818807814997607,-0.8314224571371288,103,-0.004648222379755662,0.002594763447497658,0.3362947922249333,-3.994582442601313e-15,0.999999982972283,1.2240517844671055,1.1880476551398886,0.03286448378416488,99.99999659445662,-2.6666940001927992,3.74822153966469
76.0,2.0,1.0,2.0,0.2996331747439645,499.99997166852154,1.2434497875801754e-17,0.9999999716685212,3.70169321086132,7.428681789244642,33,2.622990421188021,1.1451724329381192,2.2440044158501093,475.20567480183956,0.0,-2.7755575615628914e-17,0.9999999999562122,0.9999999998877392,0.7312860977681497,-0.01228108840403836,3.053072283042979,1.3478631971701867,5.329070518200751e-17,0.9999999577130605,3.9625801061746864,-0.6308290686219377,102,-0.00014350536075096398,-0.0005220779914347631,0.3400691609280173,-4.662936703425658e-16,0.9999999829798599,1.2612395963164278,1.2160053965741122,0.03297077560240991,99.99999659597202,-2.6672993949653154,3.7252230974437763
76.0,3.0,1.0,2.0,0.2996331747439645,499.99997257930374,1.5987211554602253e-17,0.9999999725793034,3.614807647785017,7.202089678998377,33,3.0011228880891654,3.7015641120782137,7.363886089233825,446.7702645953717,-1.7763568394002506e-16,-1.1102230246251565e-16,0.9999999999562126,0.9999999998877233,0.731342370228248,-0.012283202737230185,3.0534568600155136,1.3478747527771635,8.881784197001253e-17,0.9999999611370572,3.98355165306795,-0.8462563607069054,102,0.0005191369944730128,-0.0014291375255131298,0.39484141992301147,1.3100631690576848e-15,0.9999999831922308,1.177408801723823,1.0445159605272567,0.03289755096978046,99.99999663844623,-2.666763992730699,3.7385576753919194
76.0,4.0,1.0,3.0,0.2996331747439645,499.99997513727703,1.5987211554602253e-17,0.9999999751372767,3.7318518990959344,7.635595937683409,34,2.7495776892320047,2.5096076979066035,4.7816385160850805,466.4361800544224,1.4432899320127036e-16,1.2212453270876723e-16,0.9999999999506112,0.999999999874846,0.6909099016620973,-0.012197640891489805,3.0426228619158775,1.3410654692085338,7.105427357601002e-17,0.9999999629184899,3.848573736790216,-0.7935410360668999,105,-0.0024076472413399343,-0.0034100467632108057,0.43242643496324007,3.874678355941796e-15,0.9999999858251987,1.304685095812612,1.1215059678042152,0.03301523188573821,99.99999716503973,-2.7068329835411387,3.8974505980649408
76.0,5.0,1.0,3.0,0.2996331747439645,499.9999746857458,8.881784197001253e-18,0.9999999746857455,3.6475724580234377,7.381958926416661,35,2.624832229630832,1.0687329321630852,2.908755223006011,470.89329630513464,3.3306690738754695e-17,-1.9428902930940238e-17,0.9999999999506117,0.9999999998748368,0.690892172746495,-0.012198803739601655,3.042919197108603,1.341071953777541,7.105427357601002e-17,0.999999956324859,4.085076555701587,-0.8673120405243001,104,-0.0024671842382604204,-8.614600091704172e-05,0.33935203779071443,2.1271873151818e-15,0.9999999859608077,1.2913012339825087,1.1952473624352848,0.03301166803196957,99.99999719216156,-2.7107197274897725,3.669015596022485
76.0,6.0,1.0,3.0,0.2996331747439645,499.99997476735234,5.3290705182007515e-18,0.999999974767352,3.873666935316162,7.61480005236828,35,2.6570813818839225,1.2435923796206296,3.2687964242670633,470.2446744973075,1.9984014443252818e-16,-1.8041124150158794e-16,0.9999999999506094,0.9999999998748498,0.6909101036113802,-0.012196624429927675,3.042803177416231,1.3411177492210986,1.7763568394002505e-17,0.9999999611729383,4.034987345506812,-0.8042442225652194,106,0.0008769284381633391,0.0008818935787943589,0.4178840161289159,-9.043876758596524e-15,0.999999985840263,1.2014396661635245,1.0910766991437386,0.03324740688843543,99.99999716805262,-2.7128221235788956,3.4383538329595846
76.0,7.0,1.0,3.0,0.2996331747439645,499.9999745136199,1.0658141036401503e-17,0.9999999745136197,3.787698080611235,7.4109276910069735,35,2.609060147156409,0.9643547902042143,1.6151608532492752,475.51866019984635,8.881784197001253e-17,-3.608224830031759e-17,0.9999999999506107,0.9999999998748613,0.6908962257530536,-0.012194540570715885,3.042541116091622,1.3410716206907616,1.0658141036401502e-16,0.9999999575813064,4.226980114669273,-0.6803013803628569,105,0.00019074031110214107,0.0016797975329767639,0.35713899253414993,7.16093850883226e-15,0.9999999858567826,1.2490838001611009,1.2490838001611009,0.03307655190465745,99.99999717135654,-2.6667241729481277,3.7818423618423695
76.0,8.0,1.0,3.0,0.2996331747439645,499.99997501059863,-7.105427357601002e-18,0.9999999750105983,3.951407003253584,7.742352939724638,35,2.801464375593956,2.445784333389648,4.632162412148372,467.2675132360752,-7.771561172376095e-17,1.9428902930940238e-17,0.9999999999506125,0.9999999998748258,0.6909062894623789,-0.01219675659511865,3.042672932463806,1.3410474320123176,2.486899575160351e-16,0.9999999607241362,3.898162573456055,-1.033284562041596,107,0.0007340125151340282,0.0028463611906503995,0.24907752771044755,-5.844214001626824e-15,0.9999999857362534,1.3061028980994247,1.1317482222712822,0.032991233024578334,99.9999971472507,-2.7039775863830204,3.751614123260115
76.0,9.0,1.0,3.0,0.2996331747439645,499.99997452053486,-1.7763568394002505e-17,0.9999999745205346,3.910216101697909,7.577795512788686,35,2.6907622727476355,1.4745137757227829,2.6437302021586317,474.64098384830595,3.3306690738754695e-17,1.4710455076283324e-16,0.9999999999506101,0.9999999998748557,0.6908666663770069,-0.012197070656079603,3.042461080234671,1.3410708194710632,-3.552713678800501e-17,0.9999999606773343,3.99817548168652,-0.666988765259076,104,-0.00026105297514549707,-0.00182107754761609,0.4511998144842906,-3.352873534367973e-16,0.9999999857925588,1.217963373579433,1.1760392020996009,0.033222115812610836,99.99999715851177,-2.6850214380105646,3.579123376036205
77.0,0.0,0.0,0.0,0.0,499.99996436884174,8.881784197001253e-19,0.9999999643688411,3.695686153230799,7.513341172901595,22,2.97680657976306,3.381900629279897,6.838367769369512,455.7519515681719,-3.3306690738754695e-17,1.6653345369377347e-17,0.9999999999676457,0.9999999999147906,0.6983501686345508,-0.011835969727409055,3.076994045100482,1.3617852571926155,6.217248937900877e-17,0.9999999602549227,3.8890018955307,-0.9263672724039124,97,0.0027027442496018674,0.0005901119782005616,0.46529100261444256,1.1302070390684093e-14,0.9999999620799723,1.5143338241081503,0.9965693604334476,0.03106880516095142,99.9999924159946,-2.5756954180401586,4.3574828987928695
77.0,1.0,0.0,0.0,0.0,499.99996408160666,7.105427357601002e-18,0.9999999640816061,3.631291224284124,7.352241485497029,22,2.900427136097431,3.0876545242917017,5.959613267686766,460.1976579067632,5.551115123125783e-17,3.608224830031759e-17,0.999999999967646,0.9999999999147816,0.6983027393986367,-0.011833828794036567,3.0770853293054636,1.3618134225604606,-1.7763568394002505e-17,0.9999999589917388,4.0621427861096295,-0.9503086226464762,98,-0.00214242659987699,0.004069198343408069,0.27525722651057904,-2.2604140781368187e-15,0.9999999602284306,1.5934540533329893,0.6392251349870839,0.031862668446854474,99.99999204568628,-2.557167424939255,3.9933108895716725
77.0,2.0,0.0,0.0,0.0,499.9999639203206,-8.881784197001253e-18,0.99999996392032,3.6604340039497183,7.296606536376647,22,2.7430813593908487,1.7084279207443038,3.426241933886622,465.47926308746463,-5.551115123125783e-17,2.7755575615628915e-18,0.9999999999676447,0.9999999999147987,0.6983624043750796,-0.011833586960258683,3.076586870368094,1.3617974176920602,3.552713678800501e-17,0.9999999595192564,3.8542954236848894,-0.723219017854911,100,-0.0011527012665025604,0.0036645471150887864,0.37483109608785803,9.180434190625419e-15,0.9999999595277596,1.3329706651656297,0.9258385613047072,0.03174621523649553,99.99999190555206,-2.5662995346567192,4.0284457871727115
77.0,3.0,0.0,0.0,0.0,499.9999638591822,-5.773159728050814e-18,0.9999999638591816,3.732036270501754,7.576390644935838,21,3.014540588691536,5.481894839705739,9.831822407149401,450.75969170435803,-1.554312234475219e-16,1.27675647831893e-16,0.9999999999676442,0.9999999999148003,0.6983365407199214,-0.011834937781543809,3.076855748885072,1.3617944065488061,0.0,0.9999999593991746,4.0761239255206085,-0.634723805839088,99,0.00017876886712058448,-0.0021211565872869278,0.4534378138147641,-8.490985692333198e-15,0.9999999613899658,1.5021535163824398,1.241528340611562,0.03115444941401256,99.99999227799331,-2.5518593594180565,4.004551370939195
77.0,4.0,0.0,0.0,0.0,499.99996449627326,-1.0658141036401503e-17,0.9999999644962726,3.9647577887488463,7.781313622492333,22,3.1354679378489383,4.89409558533839,8.708314328777186,443.6297211568435,7.771561172376095e-17,1.7763568394002506e-16,0.9999999999676451,0.9999999999147928,0.6982948153495764,-0.011833801215762569,3.0773150192327674,1.3618076541472974,0.0,0.9999999500930367,3.8932410903621744,-0.7248618780003194,100,0.0005951181338852795,-0.001115192442083088,0.46725992614974565,1.8745005547771143e-14,0.9999999600843491,1.5024188959107754,0.8856780460905564,0.0318133847861959,99.99999201687,-2.5523942799649317,4.1906741737602085
77.0,5.0,0.0,0.0,0.0,499.99996385702593,-7.993605777301126e-18,0.9999999638570253,3.743435519107901,7.61986262796705,22,2.7408977375341843,2.206008113814995,3.949922326719274,466.81551887557237,-5.551115123125783e-17,7.771561172376095e-17,0.9999999999676457,0.9999999999148033,0.698362681683868,-0.011832433278733451,3.076643324549867,1.3617814728019426,2.6645352591003756e-17,0.99999995474914,4.11734608034844,-1.1263839722999898,99,-0.0009234319842429639,0.0017207632862617723,0.4328616204479516,4.938272013532696e-15,0.9999999592382494,1.3659939423951806,0.8855435403875282,0.031436651580428264,99.99999184765004,-2.556027510535378,4.1662175489578095
77.0,6.0,0.0,0.0,0.0,499.99996363557545,-4.8849813083506885e-18,0.9999999636355749,3.581802681419528,7.421483203462246,22,2.7312680420118225,1.516992689695328,4.599487539661086,467.6156884490626,3.219646771412954e-16,4.718447854656915e-17,0.9999999999676454,0.9999999999147945,0.6983396081090885,-0.011833367554199831,3.076743793797863,1.361810587734201,1.1546319456101628e-16,0.9999999597554938,4.058219009216143,-0.9163916476837416,100,-0.0017467342685414322,0.00042417507583283664,0.2802780831649816,-8.888445535149004e-15,0.9999999595371476,1.8708747031921904,1.3111356956435454,0.03122514470333812,99.9999919074297,-2.54349100560277,4.199002778556615
77.0,7.0,0.0,0.0,0.0,499.9999645209315,-1.7763568394002505e-17,0.9999999645209309,3.6376040904648415,7.205158955577214,22,3.113591208195806,5.456369089405771,10.309957512482814,441.2335442038733,-6.661338147750939e-17,1.9428902930940238e-17,0.9999999999676452,0.999999999914798,0.6983769124017641,-0.011832296176678074,3.076773094067175,1.361797634781047,0.0,0.9999999600047835,4.0503533539447085,-0.7397309281755642,99,0.0015498780537499957,0.0015119734921494377,0.33500905325753116,-1.1577405700791133e-14,0.9999999591674998,1.6326324550579046,1.035907043165977,0.03126854227681165,99.99999183350013,-2.652165326310557,4.045323442030238
77.0,8.0,0.0,0.0,0.0,499.9999644421738,6.217248937900877e-18,0.9999999644421732,3.739586883394648,7.513352440387309,22,3.011222299533675,3.1856874830840023,9.173138625515433,453.4647140059965,1.4432899320127036e-16,-7.771561172376095e-17,0.9999999999676455,0.9999999999147965,0.6983757624627744,-0.011832592205359479,3.0767441866454543,1.3618183886075361,-8.881784197001253e-17,0.9999999634028289,4.195900770035385,-0.823616563277057,100,-0.00022635470220752296,-0.00047544117893287357,0.2130592618468654,3.487210520347617e-14,0.9999999600919434,1.4765859686824188,1.214031530220684,0.030865923660602375,99.99999201838881,-2.534102699175857,4.33508390828735
77.0,9.0,0.0,0.0,0.0,499.99996429262364,-2.4424906541753442e-18,0.9999999642926231,4.2115499101185465,7.753083506238694,22,2.9339542220822805,3.9550784501411855,8.799213459360686,452.00962109197786,-1.6653345369377348e-16,-8.881784197001253e-17,0.9999999999676447,0.9999999999147963,0.6983855220174536,-0.011833282817972399,3.0770940883833773,1.3617973129528207,-5.329070518200751e-17,0.9999999553732828,3.920832386776519,-0.6130406891188523,99,-6.663025187826577e-05,0.00014672814972797237,0.30354093560257667,1.3880008253863707e-14,0.9999999609709899,1.3609031269416636,1.001580423120313,0.03124807378006199,99.99999219419813,-2.5181519767146368,4.097946439795428
78.0,0.0,1.0,2.0,0.1658401213376552,499.99997827924165,-1.7763568394002505e-18,0.9999999782792414,3.61297555818578,7.323940330057558,25,2.729784387266346,1.5321423095181654,3.701324599666597,468.43717447812435,-1.6653345369377348e-16,4.4408920985006264e-17,0.9999999999591485,0.9999999998952684,0.731231693759713,-0.012280312462972075,3.053342860136751,1.3478877753358796,7.105427357601002e-17,0.9999999591020051,3.966713312675167,-0.8379375205495059,109,-0.0010894341969159326,-0.001019995137499494,0.5131934112324821,1.276534433714005e-14,0.9999999763246603,1.3493949716958002,1.1840823702123902,0.03293866574799154,99.99999526493211,-2.6517853621412577,3.7955655539922653
78.0,1.0,1.0,2.0,0.1658401213376552,499.99997825218463,0.0,0.9999999782521843,3.721460060162313,7.466012817413983,25,2.6282110639360967,1.2373998397126642,2.785088398481365,474.61403016952227,8.881784197001253e-17,-2.7755575615628915e-18,0.9999999999591475,0.9999999998952628,0.7312197521986208,-0.012282158326874912,3.054011458333874,1.3478955499628722,-7.105427357601002e-17,0.9999999522911164,3.920086032509884,-0.6831698024423679,108,-0.0007473053549364006,-0.0032094524479336544,0.41783432963574185,-2.041700142285663e-15,0.9999999759887166,1.2978778519665013,0.9723988619777376,0.03290050537998609,99.99999519774337,-2.6930111739742526,3.5669445490400653
78.0,2.0,1.0,2.0,0.1658401213376552,499.9999782880366,-8.881784197001253e-18,0.9999999782880363,3.830849984570447,7.6268393882055125,25,2.7778303995678755,1.7766243206120778,3.194649405908864,469.26507233107844,6.661338147750939e-17,1.304512053934559e-16,0.9999999999591496,0.9999999998952549,0.7312706543308066,-0.012281144190240841,3.0534491065794405,1.3478530496146113,5.329070518200751e-17,0.9999999607578556,4.185871905713873,-0.9073255301758396,108,-0.00264113481733082,-0.00016393084536355017,0.40773348191949665,1.3895551376208459e-14,0.9999999755586879,1.3204772761497103,1.1149511157583685,0.03288022466467577,99.99999511173766,-2.675785912118032,3.63950440474716
78.0,3.0,1.0,2.0,0.1658401213376552,499.99997850729795,5.3290705182007515e-18,0.9999999785072977,3.854591218147021,7.886540314098449,25,2.753343108901601,2.0909725202297804,4.566934038515042,468.2313937389639,-1.2212453270876723e-16,2.4980018054066023e-17,0.999999999959147,0.9999999998952549,0.7312884148925198,-0.012280726770612618,3.053379234577856,1.3478777366389694,-3.552713678800501e-17,0.9999999510375329,4.029361671500184,-0.6919872063710991,107,-0.0014219734898833975,0.0009978100007059466,0.2767827509255092,1.2745360322696797e-14,0.9999999761088848,1.5039881070839576,1.2728718042769431,0.032552914939539386,99.99999522177703,-2.6693960390390234,3.930299061081212
78.0,4.0,1.0,2.0,0.1658401213376552,499.99997822101795,8.881784197001253e-18,0.9999999782210177,3.637429195680968,7.4793398489352665,25,2.548653639514825,0.44036722982811527,1.4856381724724583,476.7070456039328,-1.887379141862766e-16,9.71445146547012e-17,0.999999999959148,0.9999999998952546,0.7313539200292665,-0.012281008040182971,3.0534204715838227,1.3478746617081416,1.7763568394002505e-17,0.9999999555101456,4.033297460492595,-0.5928497225302705,106,0.0006728360716726189,-0.0012167546985118194,0.4389977544533856,-3.4239278079439828e-15,0.9999999759027033,1.462202469713569,1.452498524969497,0.032680932282954725,99.99999518054071,-2.6708755276900185,3.722081277163929
78.0,5.0,1.0,2.0,0.1658401213376552,499.99997816688773,1.7763568394002505e-18,0.9999999781668875,3.959670667543972,7.530543893849061,25,2.6974099351793237,2.092826791639883,4.136036156209988,470.718841347098,0.0,-9.43689570931383e-17,0.9999999999591478,0.9999999998952586,0.7312826820497008,-0.012282778757759688,3.053461281869423,1.3478803189821718,-3.552713678800501e-17,0.9999999563368117,4.0635349812701,-0.6422744906751634,106,-0.0009665765512229174,-0.0024101811674945104,0.3451091591091924,-2.7089441800853818e-15,0.9999999756335676,1.3765938921436056,1.1576960696170733,0.03253237193984536,99.9999951267136,-2.6378024752217675,3.748901889905415
78.0,6.0,1.0,2.0,0.1658401213376552,499.99997822084293,1.2434497875801754e-17,0.9999999782208426,3.883599088075988,7.556287817152725,25,2.596740951828979,1.236941894939386,1.838637183511149,475.9712179174436,8.881784197001253e-17,-6.938893903907228e-17,0.9999999999591488,0.9999999998952666,0.7312581781615469,-0.012281509575211836,3.0535245212751017,1.3478771079820802,-7.105427357601002e-17,0.9999999467349211,4.036673662111372,-0.6556861825821659,107,-0.00039004986782415483,-0.0021219653554796114,0.5384547934041208,6.461498003318411e-15,0.999999976236433,1.2964069345718183,1.2964069345718183,0.03264987312907037,99.99999524728663,-2.6353832821575676,3.7757162047781194
78.0,7.0,1.0,2.0,0.1658401213376552,499.99997810330626,2.3092638912203255e-17,0.999999978103306,3.702161627765354,7.30363869555578,25,2.556292814601452,0.5941824647126769,1.5172421664595293,477.9222968849476,4.4408920985006264e-17,-5.828670879282072e-17,0.9999999999591483,0.9999999998952612,0.7312270733678317,-0.0122848347861825,3.053707541132143,1.347901305945875,-7.105427357601002e-17,0.999999955620121,4.01910417082388,-0.67500513927473,107,0.0013582559382485171,0.0005067673241595771,0.3968439267606243,8.37774294382143e-15,0.9999999764749867,1.4360761471220074,1.2377482237455484,0.03233797167870326,99.9999952949974,-2.669916003654258,3.9298833340866364
78.0,8.0,1.0,3.0,0.1658401213376552,499.9999812639321,-1.7763568394002505e-17,0.999999981263932,3.863074222911104,7.495689741596479,26,2.539762481208683,0.4474759243356981,1.0289955693933286,475.95444933383493,-3.3306690738754695e-17,-1.9428902930940238e-17,0.9999999999545022,0.9999999998847338,0.6909288637120238,-0.012196861186480591,3.0424988056842373,1.3410816591126684,7.105427357601002e-17,0.9999999573046675,3.940088810802005,-0.8979420589212493,110,-0.005887213568298566,-0.002567916791566526,0.4821869804454799,-8.140155216551647e-15,0.9999999788020766,1.277953155499664,1.277953155499664,0.033155402014442455,99.99999576041535,-2.6965150104109403,3.7775531102355258
78.0,9.0,1.0,3.0,0.1658401213376552,499.99998128545974,5.3290705182007515e-18,0.9999999812854595,3.7278827628039695,7.298867436503501,26,2.5968798701196762,0.8285380336993773,1.842795275239734,470.58440593487853,1.2212453270876723e-16,6.38378239159465e-17,0.9999999999545016,0.9999999998847178,0.6908653599079567,-0.012197567946702565,3.042394218400152,1.3410513600887541,3.552713678800501e-17,0.9999999589542581,4.117741153981808,-0.9585389521775604,110,-0.003320021124625643,0.0003814056859501438,0.28595623541908566,-4.154454558147336e-15,0.99999997861458,1.4176540166947018,1.3200050055049646,0.03285205638920025,99.99999572291603,-2.6429148825301167,3.8579881450806237
79.0,0.0,0.0,0.0,0.0,499.999958415438,1.5987211554602253e-17,0.9999999584154372,3.655680630214803,7.606599582380625,26,3.358127286912188,6.999656237595344,14.26075228599568,436.3353745496769,-6.661338147750939e-17,-2.2204460492503132e-17,0.9999999999639101,0.9999999999052648,0.6803859085146963,-0.01194088865359931,3.074118707961476,1.3601925091548108,7.105427357601002e-17,0.9999999555597562,3.8816431507262905,-0.8480602557417861,103,-4.341554737524733e-05,0.005886430906509832,0.23950939822748296,4.003464226798315e-15,0.9999999598804052,1.5517695319053864,1.1054937480300473,0.03031661233795208,99.9999919760812,-2.4319883205446793,4.299039476693891
79.0,1.0,0.0,0.0,0.0,499.99995543657656,-3.552713678800501e-18,0.9999999554365756,3.7901947580455566,7.74438022685046,26,2.8980616750532198,3.55212687202336,5.398294945463867,461.6111189040801,1.6653345369377348e-16,-7.771561172376095e-17,0.9999999999642389,0.9999999999060113,0.6862531775255583,-0.011905739244959893,3.0747441667099715,1.3607185985824997,-5.329070518200751e-17,0.999999955791991,3.832428083813321,-0.7524566363766589,103,0.0007422420451383282,0.0004934809025132113,0.38072122852234713,3.306022122728791e-14,0.9999999602300619,1.6871755550317311,1.4490269996165908,0.03057027047128367,99.99999204601257,-2.5689265594643746,4.5767260564808385
79.0,2.0,0.0,0.0,0.0,499.99995899534247,-3.552713678800501e-18,0.9999999589953416,4.004959503084266,7.645603719381322,26,3.4696731613520857,8.401158779241852,20.715985471343412,421.9608106051743,-6.661338147750939e-17,-3.3306690738754695e-17,0.999999999963839,0.9999999999051004,0.6791496575445894,-0.011946738485135172,3.0736467291508545,1.360077641458216,8.881784197001253e-17,0.999999957269988,4.077614217692202,-0.8146979458176016,105,0.002341008767977919,0.0009431584056135211,0.2717499823734677,1.651345726827458e-14,0.9999999605892324,1.5672763860964145,1.5672763860964145,0.031822953788769856,99.99999211784663,-2.5931612928443117,4.146914640389712
79.0,3.0,0.0,0.0,0.0,499.99995714464853,-1.4210854715202004e-17,0.9999999571446476,3.443250917176158,7.294372385526308,26,3.157671144735957,6.018214281891087,14.318609181469222,443.7487296859911,1.1102230246251566e-17,-1.609823385706477e-16,0.9999999999634067,0.9999999999040975,0.6716605879760318,-0.011992548512616231,3.0724602516999826,1.3593837324243838,-1.0658141036401502e-16,0.999999954480603,3.929024287933291,-0.7800316943694815,102,0.0006797111423533631,-0.002685223615349546,0.4820983114122299,-6.3704597152991485e-15,0.9999999627005078,1.406929662087813,0.9126731509565332,0.031193330222791468,99.99999254010172,-2.501297006038052,3.828944708015459
79.0,4.0,0.0,0.0,0.0,499.9999592651031,2.1316282072803006e-17,0.9999999592651023,3.8234069638049504,7.475876302470407,26,3.198559752102195,4.020399460077646,13.66135952168408,439.1306948656496,-1.2212453270876723e-16,7.216449660063518e-17,0.9999999999628725,0.9999999999028529,0.6628612090943083,-0.012034294784031783,3.0707624436583494,1.3585227967873472,8.881784197001253e-17,0.9999999619048058,3.915776965672392,-0.8384736686154632,105,0.0012987191872622361,-0.0006917580063921297,0.37317666638871216,-2.1718182807717313e-14,0.9999999618335974,1.6633584305818936,1.445945363369407,0.03146947621363315,99.99999236671964,-2.6102031640014536,4.456783689784737
79.0,5.0,0.0,0.0,0.0,499.9999581167822,-5.3290705182007515e-18,0.9999999581167813,3.7905363312554208,7.397532318706212,26,3.2633894161892636,4.824589530540914,14.105059506841405,444.7251578447301,3.3306690738754695e-17,1.4710455076283324e-16,0.9999999999637283,0.999999999904848,0.6772371535946713,-0.01195915558284008,3.0733602571051266,1.3599011883294585,1.0658141036401502e-16,0.9999999601652476,3.8565996432615473,-0.9168296174033406,100,-0.003941724421537212,-0.0021392815387704374,0.512727000492621,3.5706992917994285e-14,0.9999999581187806,1.2520559617584688,0.687939836260579,0.03139819485057421,99.9999916237563,-2.619687660047696,3.8616517955776786
79.0,6.0,0.0,0.0,0.0,499.999955614839,-2.220446049250313e-18,0.999999955614838,4.023088306319367,7.489102343804639,26,2.934713094400187,2.432658604543075,8.728498516506306,461.08270536665566,0.0,-3.8857805861880476e-17,0.9999999999637708,0.9999999999049474,0.6779028307306791,-0.01195434566897045,3.073778571155255,1.3599717904909494,1.7763568394002505e-17,0.999999957664037,4.408425090874064,-0.932091768569442,103,0.00131350856152045,0.0009358672704836856,0.19501255854584443,-2.5313084961453567e-16,0.9999999599158885,1.479612418532553,1.479612418532553,0.03118778509680665,99.99999198317788,-2.5749147757874473,4.389323722424294
79.0,7.0,0.0,0.0,0.0,499.9999583394939,7.105427357601002e-18,0.9999999583394931,3.6304532971166177,8.220535514768232,26,3.386828313505026,9.0895677000314,12.502239604554196,443.0512204697557,0.0,-2.4980018054066023e-17,0.9999999999630235,0.9999999999032242,0.6652980512652323,-0.012018045878633275,3.0708528911715507,1.3587781846260516,-5.329070518200751e-17,0.9999999596726196,3.9394514199150703,-0.8636932011652692,105,-0.0006897294510781005,-0.000563288781183984,0.3343097684447507,2.2459811788166918e-14,0.9999999619129295,1.5083146734084238,1.449614738940762,0.031111426294787414,99.99999238258604,-2.5552910874179178,4.007236114761285
79.0,8.0,0.0,0.0,0.0,499.99995895920847,-2.4868995751603507e-17,0.9999999589592076,3.816085926629507,7.409823285820519,26,3.176670722826211,5.022306142895243,15.068441100226822,436.24541511072346,6.661338147750939e-17,1.27675647831893e-16,0.9999999999625501,0.9999999999021192,0.6578030030137245,-0.012057155446218215,3.070071266149652,1.3580451466056016,7.105427357601002e-17,0.9999999615353344,3.8166863362082952,-0.8796706579240262,102,-0.0008157607720962412,0.00241298663072506,0.11407536981669608,-1.2119194536808208e-14,0.9999999629611948,1.5094746142093394,1.0800753361775457,0.03159455162782321,99.99999259223908,-2.5922700443393842,4.1674627384208005
79.0,9.0,0.0,0.0,0.0,499.9999546717908,8.43769498715119e-18,0.9999999546717898,3.712376305601591,7.521640078382804,26,3.036834955635509,4.604644581162764,7.266712873992436,457.8529282677465,2.220446049250313e-16,-3.8857805861880476e-17,0.9999999999638384,0.999999999905097,0.6791755743250523,-0.011946534784673791,3.0738790308139845,1.3600886387638833,-1.7763568394002505e-17,0.9999999554131429,4.038518016115592,-0.8090165028317593,104,0.0008201406721213767,3.540745173039594e-05,0.5650000325128239,-1.5498713423767185e-14,0.999999960336123,1.5231339703986042,1.5231339703986042,0.0310089190638065,99.99999206722478,-2.60708435909104,4.329684936360307
